Name,Age,Birthdate,Photo,Photo source,Thumbnail,Date,TDoR list ref,Location,Country,Country Code,Latitude,Longitude,Category,Cause of death,Description,Tweet,Permalink,QR code
Gabielly Souza da Silva,25,,photos/2025_10_02_Gabrielly-Souza-da-Silva.jpg,https://www.estacaonoticias.com.br/2025/10/mulher-trans-e-executada-tiros-apos.html,thumbnails/2025_10_02_Gabrielly-Souza-da-Silva.jpg,2 Oct 2025,,"Belo Jardim, Pernambuco",Brazil,BR,-8.33808387,-36.44667468,violence,shot,"Gabrielly was shot dead by two men who arrived on a motorcycle and invaded her home.

> Gabielly, 25 years old, was shot dead in her own home, in the neighborhood of Santo Antônio, in Belo Jardim, in Agreste de Pernambuco. The crime happened on the morning of this Thursday (2) and left the neighborhood in shock by the way it was committed.
>
> The victim, registered as [deadname] Souza da Silva, but using the social name Gabielly, was surprised when a man broke into the door of the home. With no chance of reacting, the victim was hit by several gunshots while she was in the living room.
> 
> The perpetrator fled after the execution and has not yet been found. After arriving the Military Police isolated the area until the arrival of the Instituto de Criminalística, responsible for the investigation. The body was removed and taken to the Instituto de Medicina Legal (IML) de Caruaru.
> 
> The Civil Police assumed the investigations and worked to investigate who was responsible for the homicide and the motive for the invasion and execution.

https://www.bj1.com.br/mulher-trans-e-assassinada-a-tiros-dentro-de-casa-em-belo-jardim/

https://novamais.com/noticias/113355/mulher-trans-e-assassinada-a-tiros-dentro-de-casa-no-agreste

https://www.condorcontabilidade.com.br/nb2/pe/caruaru-regiao/noticia/2025/10/03/mulher-trans-e-morta-a-tiros-em-belo-jardim.ghtml

https://www.agoranordeste.com.br/noticia/10/04/2025/mulher-trans-e-morta-a-tiros-dentro-de-casa-em-belo-jardim-no-agreste-de-pernambuco.html

https://www.estacaonoticias.com.br/2025/10/mulher-trans-e-executada-tiros-apos.html

https://www.portalagresteviolento.com.br/2025/10/mulher-trans-e-assassinada-a-tiros-dentro-de-casa-em-belo-jardim/

https://cidade997.com.br/mulher-trans-e-assassinada-a-tiros-em-belo-jardim/

https://diariodoestadogo.com.br/mulher-trans-e-assassinada-em-belo-jardim-autoridades-investigam-o-caso/

https://metropolitanafmcaruaru.com.br/mulher-trans-e-assassinada-dentro-de-casa-em-belo-jardim/

https://g1.globo.com/pe/caruaru-regiao/noticia/2025/10/03/mulher-trans-e-morta-a-tiros-em-belo-jardim.ghtml

https://www.cbnrecife.com/artigo/mulher-trans-e-assassinada-a-tiros-dentro-de-casa-no-agreste

https://interior.ne10.uol.com.br/noticias/2025/10/02/mulher-trans-e-assassinada-em-belo-jardim-dois-homens-sao-os-principais-suspeitos.html

https://pernambuconoticias.com.br/mulher-transexual-e-morta-a-tiros-dentro-de-casa-em-belo-jardim-pernambuco-ja-soma-8-assassinatos-de-pessoas-trans-em-2024/

https://g1.globo.com/pe/caruaru-regiao/videos-ab-tv-1-edicao/video/destaques-do-g1-mulher-trans-e-assassinada-em-belo-jardim-13983918.ghtml

https://www.instagram.com/reel/DPW3sEblcER/","Gabielly Souza da Silva was shot dead by two men who arrived on a motorcycle and invaded her home in Belo Jardim, Pernambuco (Brazil) on 2 Oct 2025.

She was 25. #SayHerName #TransLivesMatter #TDoR",https://tdor.translivesmatter.info/reports/2025/10/02/gabielly-souza-da-silva_belo-jardim-pernambuco-brazil_7ea53494,qrcodes/7ea53494.png
Name Unknown,,,,,trans_flag.jpg,3 Oct 2025,,"Tlaquepaque, Jalisco",Mexico,MX,20.60256165,-103.3324714,violence,shot,"The victim was shot while she was working at a street market. Her identity was not reported.

> Guadalajara, Jalisco - A 20-year-old man has been arrested and will face criminal proceedings in Puente Grande for his probable responsibility in the murder of a trans woman working at a street market in Tlaquepaque.
> 
> According to the State Attorney General's Office, the incident occurred on October 3 at the intersection of calles Martín Corona and Francisco Corona in the El Campesino neighborhood.
> 
> The victim was working at a street vendor when the detainee arrived accompanied by other people.
> 
> After having a fight with a man who was there, Kevin Israel “N” allegedly fired several shots and hit the victim, who died.
> 
> The subject was identified during the investigation, which led to the issuance of an arrest warrant that investigative police recently served.
> 
> The hearing to discuss the link to the process will be held in the coming days.

https://www.zocalo.com.mx/detienen-a-joven-por-muerte-de-una-mujer-trans-en-tianguis-de-tlaquepaque/","An unidentified #trans woman was shot while she was working at a street market in Tlaquepaque, Jalisco (Mexico) on 3 Oct 2025.",https://tdor.translivesmatter.info/reports/2025/10/03/name-unknown_tlaquepaque-jalisco-mexico_f78f4720,qrcodes/f78f4720.png
Abeeha,24,,photos/2025_10_04_Abeeha.jpg,https://www.facebook.com/permalink.php?story_fbid=pfbid0yiWHzKV5FjCmt3SKCqkAfDHcqbav4LTCWojus24gNCNkqN6rzJztPhKUSskKqbR5l&id=100089418720045,thumbnails/2025_10_04_Abeeha.jpg,4 Oct 2025,,"Karachi, Sindh",Pakistan,PK,24.79864377,67.04578399,suicide,suicide,"Abeeha died by suicide.

> KARACHI: The body of a trans person was found in their flat in Defence Housing Authority (DHA) on Saturday, police said.
> 
> Darakhshan SHO Shahid Taj told Dawn that Abeeha, 24, shared the flat with a woman in the Badar Commercial area.
> 
> The woman told the police that Abeeha had gone to meet their parents in Gulshan-i-Iqbal and returned late in the night. When she woke up in the morning, she found Abeeha [suicide method redacted]
> 
> The officer said it appeared to be a case of suicide.
> 
> The deceased originally hailed from Khyber Pakhtunkhwa. The body was shifted to the Jinnah Postgraduate Medical Centre for medico-legal formalities.

https://www.dawn.com/news/1946650/trans-person-dies-by-suicide-in-dha-apartment

https://www.facebook.com/permalink.php?story_fbid=pfbid0yiWHzKV5FjCmt3SKCqkAfDHcqbav4LTCWojus24gNCNkqN6rzJztPhKUSskKqbR5l&id=100089418720045

https://www.youtube.com/watch?v=UWxU-wkQccE

https://www.youtube.com/watch?v=6VXsBXpqjYc","Abeeha died by suicide in Karachi, Sindh (Pakistan) on 4 Oct 2025.

They were 24. #SayTheirName #TransLivesMatter #TDoR",https://tdor.translivesmatter.info/reports/2025/10/04/abeeha_karachi-sindh-pakistan_27b6ae81,qrcodes/27b6ae81.png
Lois,23,10 Feb 2002,,,trans_flag.jpg,4 Oct 2025,,"Clichy, Paris",France,FR,48.90288451,2.30584659,suicide,suicide,"Lois died by suicide. He was non-binary transmasc and used he/him pronouns.

> In France we have the FLIRT, Acceptess-T and TDOR France counting our dead. Right now there are 20 trans people dead in France between 20 November 2024 and 2025.
> 
> One of them was my friend Lois. He was born on February 10th 2002 and died on October 4th 2025 in Clichy, around Paris. He took his own life. He was transmasc, non-binary but used he/him pronouns.
>
> There are at least 19 other French trans people who died. The youngest was a 13-year-old girl. She was part of the 10 transfem French who died, my friend was one of the 8 transmasc French and there was also 2 NB French.
> 
> This is too many deaths. One death would already be too many.

Source: email

https://front-transfem.org/2025/11/18/vies-trop-courtes-20-deces-de-personnes-trans-recenses-en-france-en-2024-2025/

https://www.instagram.com/p/DOgYy6xCNt7/

https://www.facebook.com/acceptesst/posts/tdor-france-2025-trans-deaths-census-on-november-20th-we-commemorate-the-transge/1254141053413172/","Lois died by suicide in Clichy, Paris (France) on 4 Oct 2025.

He was 23, non-binary transmasc and used he/him pronouns. #SayHisName #TransLivesMatter #TDoR",https://tdor.translivesmatter.info/reports/2025/10/04/lois_clichy-paris-france_8b37761a,qrcodes/8b37761a.png
Carolina Chenoa Soto,,,photos/2025_10_05_Carolina-Chenoa-Soto.jpg,https://www.instagram.com/p/DPb4-I4DLqb/,thumbnails/2025_10_05_Carolina-Chenoa-Soto.jpg,5 Oct 2025,,"Machala, El Oro",Ecuador,EC,-3.2636471,-79.9730547,violence,strangled,"Carolina was murdered in her home, where she also worked as a stylist.

> The discovery of the body of Carolina Chenoa Soto, a 50-year-old hairstylist, shocked residents of downtown Machala in El Oro on Sunday, October 5.
> 
> The victim, who identified as a transgender woman, was found dead inside her home and beauty salon on calle Guayas, between calles Boyacá and Pasaje, in Machala, El Oro. Police officers arrived at the scene following an ECU-911 alert issued by neighbors who had noticed her absence for several days.
> 
> In the bedroom, the victim was found surrounded by blood, next to a knife. Initially, it was believed she had been attacked with a knife, but forensic experts ruled out stab wounds, and the case was treated as an undetermined death.
> 
> The autopsy performed on October 6 at the Machala Forensic Center confirmed the cause of death as strangulation. No serious external injuries were found, suggesting that she was attacked with no opportunity to defend herself.
> 
> Machala District Chief Luis Suárez stated that no signs of a struggle or robbery were found, leading to the assumption that she knew her attacker. Carolina was a well-known member of the LGBTI community in El Oro. Activists demanded a gender-sensitive investigation to determine whether this was a hate crime.

https://machalamovil.com/autopsia-confirma-que-carolina-soto-fue-estrangulada-comunidad-trans-de-el-oro-exige-justicia/

https://www.laprensa.com.ec/estilista-trans-de-51-anos-asesinada-en-local/

https://www.extra.ec/noticia/ecuador/el-oro-estilista-de-la-comunidad-lgbti-aparecio-sin-vida-en-su-local-138331.html

https://machalamovil.com/autopsia-confirma-que-carolina-soto-fue-estrangulada-comunidad-trans-de-el-oro-exige-justicia/

https://www.instagram.com/p/DPb4-I4DLqb/

https://www.facebook.com/radiosuperior92.7/posts/carolina-chenoa-soto-gonzaga-una-reconocida-mujer-trans-e-integrante-visible-de-/1207865044697749/

https://www.facebook.com/reel/4326866024303825

https://www.youtube.com/watch?v=5-J_SgP8QBY","Carolina Chenoa Soto was murdered in her home, where she also worked as a stylist, in Machala, El Oro (Ecuador) on 5 Oct 2025. #SayHerName #TransLivesMatter #TDoR",https://tdor.translivesmatter.info/reports/2025/10/05/carolina-chenoa-soto_machala-el-oro-ecuador_b307d29b,qrcodes/b307d29b.png
Dandara,30,,,,trans_flag.jpg,6 Oct 2025,,"Uberaba, Minas Gerais",Brazil,BR,-19.76220373,-47.94595848,violence,stabbed,"Dandara died from a stab wound to the chest after being attacked shortly after leaving a restaurant. Her killer - or killers - have not been identified.

> The Civil Police are investigating the death of a 30-year-old transgender woman, identified as Dandara, who was stabbed in the left side of her chest on Monday night (6), at a gas station located in the Distrito Industrial III neighborhood, in Uberaba.
> 
> Preliminary information indicates that the woman had been at a nearby barbecue restaurant until shortly before the attack. The Mobile Emergency Care Service (SAMU) was called, but upon arrival, they could only confirm the victim's death.
> 
> After being injured, the victim tried to run for help, but fell near other women who were there. Several people then gathered at the gas station.
> 
> The Civil Police's Forensic Department carried out technical procedures at the scene and the body was sent to the Legal Medical Institute (IML) in Uberaba.
> 
> The case remains under investigation. So far, no suspects have been arrested, and the motive for the crime has not yet been confirmed.

https://www.em.com.br/gerais/2025/10/7264938-mulher-trans-e-assassinada-com-facada-em-posto-de-combustiveis-em-minas.html

https://v9vitoriosa.com.br/mulher-transexual-e-morta-com-golpe-de-faca-em-posto-de-combustiveis-em-uberaba

https://www.jmonline.com.br/colunas/sentinela/assassinato-de-travesti-em-uberaba-exp-e-urgencia-no-combate-a-intolerancia-1.552271

https://g1.globo.com/mg/triangulo-mineiro/noticia/2025/10/07/mulher-trans-e-morta-a-facada-em-posto-apos-ir-a-churrasquinho-em-uberaba.ghtml

https://www.jornaldeuberaba.com.br/noticia/126278/policia-procura-acusados-de-matar-travesti-a-facadas-no-di-iii/amp

https://www.tudoemdia.com/mulher-transexual-e-assassinada-em-posto-de-uberaba

https://www.folhauberaba.com.br/travesti-uberabense-e-morta-esfaqueada-no-di-iii/

https://paranaibamais.com.br/seguranca/mulher-transexual-e-morta-a-facada-em-posto-de-uberaba/

https://jmonline.com.br/policia/travesti-e-assassinada-a-facadas-em-posto-de-combustiveis-de-uberaba-1.552030

https://www.instagram.com/p/DPgbqZCkS0G/

https://www.instagram.com/reel/DPgkRy8APzX/","Dandara died from a stab wound to the chest after being attacked shortly after leaving a restaurant in Uberaba, Minas Gerais (Brazil) on 6 Oct 2025.

She was 30. #SayHerName #TransLivesMatter #TDoR",https://tdor.translivesmatter.info/reports/2025/10/06/dandara_uberaba-minas-gerais-brazil_9af571ab,qrcodes/9af571ab.png
Becky G,25,,photos/2025_10_10_Becky-G.jpg,https://www.metroecuador.com.ec/noticias/2025/10/11/asesinan-a-la-mujer-trans-becky-g-por-negarse-a-pagar-vacunas-en-guayaquil/,thumbnails/2025_10_10_Becky-G.jpg,10 Oct 2025,,"Guayanquil, Guayas",Ecuador,EC,-2.18862034,-79.8914522,violence,shot,"Becky was shot dead in the street after refusing to pay crimminals who were attempting to extort money from her.

> In the early hours of Friday, October 10, 2025, violence shook Guayaquil once again. A 25 -year-old transgender woman, known on social media as 'Becky G', was brutally murdered after refusing to pay a ""vacuna"", a form of extortion that affects merchants, transporters and sex workers in different parts of the country.
>
> According to Asociación Silueta X, an organization that defends the rights of the LGBTIQ+ population, the crime occurred in the early hours of the morning in the vicinity of the Oro Verde Hotel, in the 1° de Mayo sector.
>
> According to the statement, several men allegedly linked to extortion networks approached Becky G and demanded payment to allow her to continue working in the area. When the young woman refused to hand over a “vacuna” [extortion payment] the attackers shot her at point-blank range, leaving her dead on the road.
> 
> Witnesses reported that her body was in a fetal position, a reflection of the violence with which she was attacked.
> 
> Becky G was known for her active presence on social media, where she shared her daily life and spoke openly about her sex work, becoming a visible voice within a constantly threatened community.

https://www.eldiario.ec/seguridad/asesinan-a-becky-g-tras-negarse-a-pagar-vacunas-denuncia-la-asociacion-silueta-x-11102025/

https://www.metroecuador.com.ec/noticias/2025/10/11/asesinan-a-la-mujer-trans-becky-g-por-negarse-a-pagar-vacunas-en-guayaquil/

https://x.com/SiluetaX/status/1976700556178808962","Becky G. was shot dead in the streetin Guayanquil, Guayas (Ecuador) on x Oct 2025 after refusing to pay crimminals who were attempting to extort money from her.

She was 25. #SayHerName #TransLivesMatter #TDoR",https://tdor.translivesmatter.info/reports/2025/10/10/becky-g_guayanquil-guayas-ecuador_38e0b5b6,qrcodes/38e0b5b6.png
Pâmela Coelho,37,,photos/2025_10_13_Pamela_Coelho.jpg,https://folhadecuritiba.com.br/mulher-trans-encontrada-morta-em-motel/,thumbnails/2025_10_13_Pamela_Coelho.jpg,13 Oct 2025,,"Fortaleza, Ceará",Brazil,BR,-3.75858246,-38.55609448,violence,beaten,"Pâmela's body was found with signs of violence on a pavement outside a motel. A day later a 20 year-old man was arrested on suspicion of murder.

> On Monday morning (13), Pâmela Coelho, a 37-year-old transgender woman, was found dead on the sidewalk of a motel in Fortaleza, Ceará. The victim was wearing only underwear and showed signs of violence, including facial injuries. A piece of wood was found next to the body, but authorities are still investigating whether it was used in the crime. A 20-year-old man was arrested on Wednesday (14) and charged with qualified homicide, although the Civil Police did not reveal the motives for the murder. The investigation is ongoing.
> 
> The Civil Police located the main suspect at a residence, where they seized cell phones, magnetic cards, a vehicle, and clothing. The case has generated widespread publicity and concerns in the local community, which is demanding justice.
> 
> Violence against the LGBTQIA+ population has been a growing concern in Brazil, with alarming cases of murder and assault. This incident highlights the urgent need for protective measures and awareness of the rights of this community.
> 
> The investigation is ongoing, and the police promise to further investigate the circumstances surrounding the homicide. Civil society is mobilizing to demand answers and justice for Pâmela Coelho.

Pâmela's Facebook profile was locked after her murder, presumably by her birth family.

https://folhadecuritiba.com.br/mulher-trans-encontrada-morta-em-motel/

https://sobralonline.com.br/travesti-e-morta-com-golpes-de-madeira-e-corpo-foi-encontrado-semidespido/

https://www.opovo.com.br/noticias/fortaleza/2025/10/13/amp/corpo-com-sinais-de-violencia-e-encontrado-em-via-publica-em-fortaleza.html

https://www.facebook.com/groups/pgmreal/posts/33074725788840639/","The body of Pâmela Coelho was found with signs of violence on a pavement outside a motel in Fortaleza, Ceará (Brazil) on 13 Oct 2025.

She was 37. #SayHerName #TransLivesMatter #TDoR",https://tdor.translivesmatter.info/reports/2025/10/13/pamela-coelho_fortaleza-ceara-brazil_3e2d6e07,qrcodes/3e2d6e07.png
Cormac Robinson,24,4 Sep 2001,photos/2025_10_25_Cormac-Robinson.jpg,https://www.facebook.com/quinton.pheonix/posts/pfbid037jMT63w8SHtK2JHoC7FjWkkidLGkewJ5He2WuLcsG74p4WNZJE65pCRkkB4XA88dl,thumbnails/2025_10_25_Cormac-Robinson.jpg,15 Oct 2025,,"Carrollton, Georgia",USA,US,33.58187017,-85.10411867,violence,shot,"Cormac was killed in a murder-suicide attack by the boyfriend he was planning to leave because he kept trying to convince Cormac to detransition. 

He was deadnamed and misgendered in all news reports and by his unsupportive family.

> Yesterday was Transgender Day of Rememberance. This year hit really hard because on October 15th, my close friend Cormac was shot and killed.
> 
> Cormac was shot and killed in the back while sitting at his computer playing video games by his boyfriend who he was planning to leave at the time. Part of why he was planning to leave was because his boyfriend was trying to convince him to detransition according to a lot of his friends. We will never know why he was shot because the shooter then shot himself afterwards.
> 
> Cormac's family wasn't supportive of his transition which lead him to moving across the country, away from Florida, several times. When we met back in 2020, he was living in Kentucky and attending an Indiana Convention. He was living in Georgia when he died. Since his family was legally in charge of everything after his death, all reports, news articles, and even his obituary called him a woman, and by a name that wasn't his for over a decade.
>
> They refused to use recent pictures of him despite having access to hundreds of them, so the picture for his obituary is from 7 years ago when he was in high school before he transitioned. It didn't matter that he came out over a decade ago, that he had been on T for 5 years or got top surgery two years ago. They didn't care about who he was or about remembering him as how he lived, they only cared about who they wanted him to be. 
> 
> This is why Transgender Day of Rememberance is so important to me, so many of us won't be remembered as who we are, but instead as what people wish we were. It's a cruel reality of being trans, which makes it vital for us to tell the stories of those who died so that their truth can live on.
> 
> Cormac was creative, kind, funny, careing, and so much more. He loved animals, especially bunnies, he loved to cosplay, watch Anime, draw, and so much more. He was such a light in this world. He had so many friends, he called all of them his melons (except for me, he jokingly called me his kiwi since I'm allergic to melon). All of us will do our best to remember him for who he was. His discord server has been left to me, and I am doing my best to keep it alive for him. We all love and miss him so much. Server calls aren't the same without him cracking a joke every 5 minutes or doing an interesting craft in the background. I miss calling him when I was bored or needed someone to talk to while doing chores. I will always remember the light he held in my life.

https://www.facebook.com/quinton.pheonix/posts/pfbid037jMT63w8SHtK2JHoC7FjWkkidLGkewJ5He2WuLcsG74p4WNZJE65pCRkkB4XA88dl

https://www.facebook.com/groups/1570448163283501/posts/4471283293199959/

https://gradickcommunications.com/apparent-murder-suicide-investigated-in-carrollton/

https://web.archive.org/web/20251027001256/https://www.times-georgian.com/news/local/two-die-in-apparent-murder-suicide/article_f4d8072a-844c-5706-b377-4015bc7e434e.html
 
https://www.facebook.com/groups/271102783709054/posts/2020041258815189/

https://www.almonfuneralhome.com/obituaries/Penyha-Cormac-Annette-Robinson

https://www.gofundme.com/f/please-donate-for-my-grandchilds-funeral-cormac-robinson","Cormac Robinson was killed in a murder-suicide attack by his boyfriend in Carrollton, Georgia (USA) on 25 Oct 2025.

He was 24. #SayHisName #TransLivesMatter #TDoR",https://tdor.translivesmatter.info/reports/2025/10/15/cormac-robinson_carrollton-georgia-usa_bd53fdd7,qrcodes/bd53fdd7.png
Azul Semeñenko,49,25 Sep 1976,photos/2025_10_15_Azul-Semenenko.jpg,https://www.holasalta.com/post/neuqu%C3%A9n-hallaron-un-cuerpo-al-costado-de-un-canal-e-investigan-si-se-trata-de-una-mujer-trans-que-l,thumbnails/2025_10_15_Azul-Semenenko.jpg,15 Oct 2025,,Neuquén,Argentina,AR,-38.95424643,-68.14834679,violence,stabbed,"Azul's body was found wrapped in a plastic bag and dumped in a canal. She had been missing for a month.

> The Public Prosecutor's Office (MPF) of Neuquén reported this Wednesday that the person found dead last Tuesday in a canal in the Valentina Norte area has been identified : Azul Semeñenko.
> 
> According to the preliminary autopsy report prepared by the Judicial Branch's Forensic Medical Corps, the victim suffered stab wounds to the chest and arms, as well as fractures to the face, injuries that caused her death. When it was confirmed that the woman was trans, the investigation was classified as a transfeminicide.

Azul worked at a Victim Assistance Center which supported people in vulnerable situations and had last been seen before attending a medical appointment. Her murder caused widespead public outrage in Argentina.

> ""We last saw her on Wednesday the 24th. She showed up for work, and on the 25th, which happened to be her 49th birthday, we held a different activity to celebrate the 30th anniversary of the Victim Assistance Center at the Government House. She didn't show up,"" Evangelina González, a psychologist and coworker, told LM Nequén.
> 
> ""She didn't show up for work, even though she usually did it rigorously. Azul is a very responsible woman with her job and would let us know if she was absent,"" González said.
> 
> On the 25th, around 4:20 a.m., her phone hit an antenna near the Limay River. The search in the area was intensified, however, but as of last week, there were no results. Following her disappearance, marches have been held in recent weeks to demand results in the case.

https://www.noticiasnqn.com.ar/noticias/2025/10/16/321923-identificaron-a-la-victima-hallada-en-valentina-norte-se-investiga-como-transfeminicidio

https://realidadsm.com/2025/10/22/formulan-cargos-por-el-femicidio-de-azul-semenenko-el-acusado-quedo-detenido-con-prision-preventiva/

https://www.cipollettidigital.com.ar/noticias/2025/10/22/68420-imputado-por-el-transfemicidio-de-azul-semenenko-fue-acusado-y-quedo-en-prision-preventiva

https://www.pagina12.com.ar/867518-preventiva-para-el-unico-imputado-por-el-transfemicidio-de-a

https://alertadigital.ar/caso-azul-semenenko-imputaron-al-sospechoso-por-homicidio-triplemente-agravado/

https://www.diariojornada.com.ar/404631/genero/caso_semenenko_dictaron_la_prision_preventiva_para_un_imputado

https://www.lmneuquen.com/policiales/transfemicidio-azul-semenenko-lesiones-overkill-ensanamiento-y-odio-la-identidad-trans-n1214128

https://diarioneuquino.com.ar/el-transfemicidio-de-azul-semenenko-camaras-revelan-el-recorrido-del-asesino-y-el-traslado-del-cuerpo-en-neuquen/

https://www.cipo360.com.ar/noticias/2025/10/21/46089-prision-preventiva-para-el-acusado-del-transfemicidio-de-azul-la-victima-tenia-25-heridas-en-el-cuerpo-y-fracturas

https://www.rionegro.com.ar/policiales/transfemicidio-de-azul-semenenko-la-foto-que-muestra-el-traslado-del-cuerpo-en-neuquen-4343623/

https://www.cadena3.com/amp/noticia/sociedad/dictaron-la-prision-preventiva-para-un-imputado-por-el-transfemicidio-de-azul-semenenko_477036

https://www.cronica.com.ar/elcanaldelamusica/noticias/Lali-Esposito-exige-justicia-por-Azul-Semenenko-en-Neuquen-20251021-0005.html

https://www.cadena3.com/amp/noticia/sociedad/transfemicidio-de-azul-semenenko-demoraron-a-un-hombre-tras-un-allanamiento_476180

https://www.eldestapeweb.com/sociedad/femicidios/transfemicidio-de-azul-semenenko-el-unico-acusado-por-el-crimen-quedo-detenido-20251021132444

https://revistappv.com.ar/neuquen-rds-fue-acusado-y-quedo-en-prision-preventiva-por-el-transfemicidio-de-azul-semenenko/

https://www.adnsur.com.ar/policiales---judiciales/transfemicidio-de-azul-semenenko--el-juez-avalo-la-acusacion-por-ensanamiento-y-violencia-de-genero_a68f7a806e9c205ee8f48f7db

https://www.pagina12.com.ar/867442-transfemicidio-de-azul-semenenko-el-acusado-quedo-preso-por-

https://escandala.com/hospitalizan-a-24-personas-trans-en-india-tras-atentar-contra-su-vida-de-manera-colectiva/

https://www.lmneuquen.com/policiales/transfemicidio-azul-semenenko-el-acusado-quedo-preso-crimen-odio-y-su-defensa-admitio-el-hecho-n1214100

https://www.rionegro.com.ar/justicia/crimen-de-odio-por-identidad-de-genero-azul-semenenko-recibio-25-heridas-punzantes-en-su-cuerpo-4342896/

https://www.mpfneuquen.gob.ar/mpf/index.php/es/10-neuquen/10-neuquen/4953-imputado-por-el-transfemicidio-de-azul-semenenko-fue-acusado-y-quedo-en-prision-preventiva

https://www.lmcipolletti.com/policiales/videos-la-camioneta-y-evidencias-biologicas-pediran-prision-preventiva-el-detenido-el-transfemicidio-azul-semenenko-n1214019

https://www.lateclapatagonia.com.ar/94516-formularon-cargos-a-un-hombre-por-el-transfemicidio-de-azul-semenenko

https://www.delsurdiario.com/69857-manso-golpe-a-la-impunidad-imputan-al-acusado-de-asesinar-a-azul-semenenko-la-mujer-trans-hallada-en-un-canal-de-neuquen

https://www.infobae.com/sociedad/policiales/2025/10/21/las-pruebas-contra-el-presunto-asesino-de-azul-semenenko-la-mujer-trans-hallada-en-un-canal-de-neuquen/

https://www.adnsur.com.ar/policiales---judiciales/-pruebas-contundentes-y-una-camioneta-clave---lo-que-se-sabe-del-caso-azul-semenenko_a68f6b12fbb3023a24e636df4

https://www.lmneuquen.com/policiales/videos-la-camioneta-y-evidencias-biologicas-pediran-prision-preventiva-el-detenido-el-transfemicidio-azul-semenenko-n1213936

https://radio3cadenapatagonia.com.ar/pediran-prision-preventiva-para-el-acusado-del-transfemicidio-de-azul-semenenko/

https://www.cipo360.com.ar/noticias/2025/10/20/46016-transfemicidio-de-azul-semenenko-la-fiscalia-asegura-que-el-detenido-es-el-autor-del-crimen

https://www.adnsur.com.ar/policiales---judiciales/pruebas--muy-contundentes--y-un-detenido--asi-avanza-la-causa-por-el-transfemicidio-de-azul-semenenko_a68f647f0bb3023a24e5c2345

https://www.tiempoar.com.ar/ta_article/lali-transfemicio-de-azul-semenenko/amp/

https://www.tiempoar.com.ar/ta_article/lali-transfemicio-de-azul-semenenko/

https://www.lmcipolletti.com/cipolletti/lali-hablo-del-transfemicidio-azul-semenenko-y-dio-un-contundente-mensaje-n1213874

https://fmimpacto107.com.ar/lali-esposito-cruzo-duramente-a-patricia-bullrich-tras-sus-dichos-sobre-el-feminismo/

https://elargentinodiario.com.ar/politica/presidencia/19/10/2025/lali-esposito-respondio-a-bullrich-por-sus-dichos-sobre-el-feminismo/?amp=1

https://www.diariojornada.com.ar/404501/genero/azul_semenenko_demoraron_a_un_hombre_tras_un_allanamiento

https://www.enteratenoticias.com.ar/actualidad/lali-justicia-transfemicidio-azul-semenenko-neuquen/

https://www.abcdiario.com.ar/policiales/detuvieron-a-un-sospechoso-por-el-crimen-de-azul-semenenko-en-neuquen/

https://www.quepasasalta.com.ar/policiales/detuvieron-a-un-sospechoso-por-el-caso-de-la-mujer-trans-que-fue-encontrada-sin-vida/

https://www.threads.com/@todonoticias/post/DP_w7IYiA0q/detuvieron-a-un-sospechoso-por-el-caso-de-la-mujer-trans-que-fue-encontrada-muer

https://www.facebook.com/contexto/posts/detuvieron-a-un-sospechoso-por-el-caso-de-la-mujer-trans-que-fue-encontrada-muer/1238294418326899/?locale=es_LA

https://www.lavoz.com.ar/sucesos/neuquen-detuvieron-a-un-sospechoso-por-el-asesinato-de-azul-semenenko-la-mujer-trans-encontrada-muerta/

https://www.contextotucuman.com/nota/363136/detuvieron-a-un-sospechoso-por-el-caso-de-la-mujer-trans-que-fue-encontrada-muerta-en-neuquen.html

https://www.elcomodorense.net/detuvieron-a-un-sospechoso-por-el-caso-de-la-mujer-trans-que-fue-encontrada-muerta-en-neuquen/

https://tn.com.ar/policiales/2025/10/19/detuvieron-a-un-sospechoso-por-el-caso-de-la-mujer-trans-que-fue-encontrada-muerta-en-neuquen/

https://radiofonica.com/lali-esposito-recordo-a-azul-semenenko-y-pidio-justicia-desde-el-escenario/

https://www.mdzol.com/policiales/detuvieron-al-hombre-acusado-del-crimen-azul-la-mujer-trans-que-aparecio-muerta-un-canal-n1364461

https://www.delsurdiario.com/69592-un-hombre-fue-detenido-por-el-brutal-transfemicidio-de-azul-semenenko-en-neuquen

https://www.infobae.com/sociedad/policiales/2025/10/19/detuvieron-a-un-hombre-por-el-crimen-de-azul-semenenko-la-mujer-trans-hallada-en-un-canal-de-neuquen/

https://diarioneuquino.com.ar/caso-azul-semenenko-un-demorado-tras-los-allanamientos-en-neuquen-por-el-transfemicidio-que-conmociono-a-la-provincia/

https://www.lmneuquen.com/neuquen/lali-hablo-del-transfemicidio-azul-semenenko-y-dio-un-contundente-mensaje-n1213800

https://www.pagina12.com.ar/866901-allanamiento-y-una-persona-demorada-por-el-transfemicidio

https://www.diariojornada.com.ar/404451/genero/la_muerte_de_azul_semenenko_se_trato_de_un_crimen_de_odio

https://www.lateclapatagonia.com.ar/94474-realizan-allanamientos-en-el-marco-de-la-investigacion-por-el-trasnfemicidio-de-azul-semenenko

https://www.cadena3.com/amp/noticia/sociedad/la-muerte-de-azul-semenenko-se-trato-de-un-crimen-de-odio-segun-la-fiscalia_476029

https://agenciapresentes.org/2025/10/17/rabia-y-conmocion-por-el-transfemicidio-de-azul-semenenko-trabajadora-estatal-en-neuquen/

https://www.lmneuquen.com/policiales/el-dolor-y-la-conmocion-del-hermano-azul-semenenko-les-pido-que-no-nos-dejen-solos-n1213442

https://www.cipollettidigital.com.ar/noticias/2025/10/17/68286-sabia-que-estaba-muerta-afirmo-el-hermano-de-la-mujer-trans-desaparecida-en-neuquen

https://diarioneuquino.com.ar/transfemicidio-de-azul-semenenko-la-causa-avanza-sobre-los-ultimos-rastros-y-las-zonas-donde-se-perdio-el-rastro/

https://www.revistagente.com/actualidad/que-datos-arrojo-la-autopsia-al-cuerpo-de-azul-semenenko-victima-de-transfemicidio-en-neuquen/

https://www.facebook.com/Infobae/posts/el-dolor-del-hermano-de-azul-seme%C3%B1enko-la-mujer-trans-hallada-muerta-en-neuqu%C3%A9n-/1304680845038043/

https://www.diariamenteneuquen.com.ar/noticias/2025/10/16/20859-decretaron-dos-dias-de-duelo-por-azul-semenenko

https://www.bariloche2000.com/policialesjudiciales/Horror-en-Neuquen-encontraron-muerta-en-un-canal-a-empleada-de-la-Direccion-de-Proteccion-contra-las-Violencias-20251017-0006.html

https://www.infobae.com/sociedad/policiales/2025/10/17/el-dolor-del-hermano-de-azul-semenenko-la-mujer-trans-hallada-muerta-en-neuquen-sabia-que-no-estaba-viva/

https://prensaobrera.com/mujer/transfemicidio-en-neuquen-y-enorme-marcha-de-repudio

https://www.analisisdigital.com.ar/nacionales/2025/10/16/transfemicidio-confirmaron-que-el-cuerpo-hallado-en-un-canal-de-neuquen-es-de-azul-semenenko

https://chacodiapordia.com/transfemicidio-en-neuquen-confirman-que-el-cuerpo-hallado-es-de-azul-semenenko/

https://www.pagina12.com.ar/866432-no-nos-dejen-solos-se-tiene-que-hacer-justicia-declaro-el-he

https://diarioneuquino.com.ar/el-caso-de-azul-semenenko-cambio-de-fiscal-y-continua-bajo-la-figura-de-transfemicidio/

https://noticiasargentinas.com/sociedad/-sabia-que-estaba-muerta---afirmo-el-hermano-de-la-mujer-trans-desaparecida-en-neuquen_a68f16ad6cea17254a890beb1

https://www.cadena3.com/amp/noticia/sociedad/el-hermano-de-la-mujer-trans-asesinada-en-neuquen-afirmo-que-sabia-que-estaba-muerta_475698

https://www.cadena3.com/noticia/sociedad/el-hermano-de-la-mujer-trans-asesinada-en-neuquen-afirmo-que-sabia-que-estaba-muerta_475698

https://www.rionegro.com.ar/policiales/transfemicidio-de-azul-en-neuquen-las-claves-de-la-causa-y-los-cuatro-puntos-geograficos-de-interes-4338793/

https://www.carlospazvivo.com/transfemicidio-en-neuquen-confirman-que-el-cuerpo-hallado-en-un-canal-es-de-azul-semenenko/

https://elmonterizo.com/policiales/hallan-el-cuerpo-de-azul-semenenko-trabajadora-trans-desaparecida-hace-un-mes-en-neuquen/

https://www.lmneuquen.com/policiales/el-caso-azul-semenenko-cambio-fiscal-por-que-se-investiga-como-transfemicidio-n1213425

https://www.instagram.com/reel/DP4JXY2gFGQ/

https://www.losandes.com.ar/policiales/el-cuerpo-hallado-neuquen-pertenece-azul-semenenko-la-mujer-trans-desaparecida-hace-un-mes-n5966607

https://www.laprensa.com.ar/Confirman-que-el-cuerpo-hallado-en-Neuquen-es-de-Azul-Semenenko-la-mujer-trans-desaparecida-565211.note.aspx

https://www.perfil.com/noticias/policia/confirman-que-el-cuerpo-hallado-en-un-canal-de-neuquen-es-de-azul-semenenko.phtml

https://www.swissinfo.ch/spa/confirman-que-cuerpo-hallado-en-canal-de-neuqu%C3%A9n-es-de-mujer-trans-que-estaba-desaparecida/90178987

https://www.lavoz.com.ar/ciudadanos/confirmaron-el-transfemicidio-de-azul-semenenko-la-mujer-de-49-anos-buscada-desde-septiembre/

https://www.bigbangnews.com/policiales/horror-neuquen-confirman-cuerpo-hallado-canal-azul-semenenko-trabajadora-trans-desaparecida-n97844

https://www.abc.com.py/internacionales/2025/10/16/confirman-que-cuerpo-hallado-en-canal-de-neuquen-es-de-mujer-trans-que-estaba-desaparecida/?outputType=amp

https://www.infobae.com/sociedad/policiales/2025/10/16/horror-en-neuquen-confirmaron-la-identidad-de-una-mujer-trans-hallada-muerta-y-envuelta-en-plastico-en-un-canal/

https://www.tn24.com.ar/2025/10/horror-en-neuquen-confirman-que-el-cuerpo-hallado-es-de-azul-semenenko-la-mujer-trans-desaparecida-casi-un-mes/

https://www.mdzol.com/policiales/confirmaron-que-el-cuerpo-hallado-neuquen-es-azul-semenenko-una-mujer-trans-que-estaba-desaparecida-n1362348

https://fuego24.com/locales/confirmaron-que-el-cuerpo-hallado-en-neuquen-es-de-azul-semenenko-la-mujer-trans-desaparecida/

https://www.clarin.com/policiales/neuquen-confirmaron-cuerpo-hallado-azul-semenenko-mujer-trans-mes-desaparecida_0_3t84cmfjnG.html

https://www.diariocronica.com.ar/noticias/2025/10/16/126361-confirmaron-que-el-cuerpo-hallado-en-valentina-norte-es-de-azul-semenenko

https://www.eldiarionuevodia.com.ar/regionales/la-muerte-de-azul-semenenko-fue-un-crimen-de-odio-el-fiscal-confirmo-el-brutal-ataque/

https://lavaca.org/ni-una-mas/transfemicidio-en-neuquen-reclaman-justicia-por-azul-la-trabajadora-estatal-por-la-que-se-declararon-dos-dias-de-duelo/

https://cholilaonline.ar/2025/10/confirman-cuerpo-hallado-azul-semenenko.html

https://www.eldigitalneuquen.com.ar/2025/10/16/confirmaron-que-el-cuerpo-hallado-era-de-semenenko/

https://eleditormendoza.com.ar/policiales/hallaron-el-cuerpo-azul-semenenko-una-mujer-trans-desaparecida-neuquen-investigan-un-transfemicidio-n5374873

https://www.pagina12.com.ar/866255-confirmaron-que-el-cuerpo-hallado-en-neuquen-es-de-azul-seme

https://www.rionegro.com.ar/policiales/neuquen-decreto-dos-dias-de-duelo-por-azul-semenenko-trabajadora-estatal-victima-de-transfemicidio-4338110/

https://lu17.com/contenido/102553/confirmaron-que-el-cuerpo-hallado-en-neuquen-pertenece-a-azul-semenenko

https://www.losprimeros.tv/policiales/confirmaron-que-el-cuerpo-hallado-en-neuquen-es-de-azul-semenenko--la-mujer-trans-desaparecida_a68f0cf9188cd75909d9192dd

https://www.adnsur.com.ar/policiales---judiciales/conmocion-en-la-patagonia--confirmaron-que-el-cuerpo-hallado-en-un-canal-es-de-azul-semenenko_a68f0cd854e662ee67c3bbed2

https://www.neuquenalinstante.com.ar/noticias/2025/10/16/121634-confirmaron-que-la-mujer-hallada-muerta-en-un-canal-de-neuquen-era-azul-semenenko/

https://alertadigital.ar/se-confirmo-lo-peor-el-cuerpo-encontrado-en-valentina-norte-era-de-azul-semenenko/

https://www.lateclapatagonia.com.ar/94421-conmocion-en-neuquen-confirman-que-el-cuerpo-hallado-pertenece-a-azul-semenenko

https://diarioneuquino.com.ar/confirman-que-el-cuerpo-hallado-en-un-canal-de-neuquen-pertenece-a-azul-semenenko-investigan-un-transfemicidio/

https://www.dailymotion.com/video/x9s73hg

https://www.lmneuquen.com/policiales/confirman-la-identidad-y-causa-muerte-del-cuerpo-hallado-valentina-norte-se-trata-azul-semenenko-n1213387

https://www.instagram.com/p/DP2uDFjDV5O/

https://www.holasalta.com/post/neuqu%C3%A9n-hallaron-un-cuerpo-al-costado-de-un-canal-e-investigan-si-se-trata-de-una-mujer-trans-que-l

https://www.mejorinformado.com/policiales/2025-10-16-0-21-0-confirmaron-que-el-cuerpo-encontrado-en-un-desague-de-valentina-norte-es-azul-semenenko-las-cusas-de-su-muerte

https://www.rionegro.com.ar/policiales/hallazgo-del-cuerpo-de-una-mujer-en-neuquen-el-rol-de-unos-perros-en-que-estado-estaba-y-que-pericias-faltan/

https://www.perfil.com/noticias/policia/marcha-por-la-desaparicion-de-azul-semenenko-una-trabajadora-estatal-vista-por-ultima-vez-hace-20-dias.phtml

https://www.pagina12.com.ar/866181-neuquen-se-realizo-una-marcha-en-reclamo-por-la-desaparicion

https://www.airedesantafe.com.ar/sociedad/hallaron-un-cuerpo-neuquen-y-temen-que-sea-azul-semenenko-desaparecida-hace-un-mes-n633127

https://www.lmneuquen.com/policiales/suspenden-la-busqueda-azul-semenenko-mientras-analizan-el-cuerpo-la-mujer-muerta-los-detalles-del-hallazgo-n1213210

https://diarioneuquino.com.ar/dolor-e-indignacion-por-azul-semenenko-trabajadoras-estatales-marchan-en-neuquen-y-denuncian-fallas-en-la-busqueda/

https://www.cadena3.com/noticia/sociedad/neuquen-marcha-por-justicia-tras-aparicion-de-un-cadaver-y-desaparicion-de-mujer-trans_475274

https://www.elesquiu.com/sociedad/2025/10/15/hallaron-un-cuerpo-en-neuquen-investigan-si-pertenece-una-mujer-trans-desaparecida-571916.html

https://www.lmcipolletti.com/policiales/encontraron-una-mujer-muerta-un-canal-investigan-si-es-azul-semenenko-n1213185

https://www.lmneuquen.com/policiales/bronca-y-dolor-las-companeras-estatales-azul-semenenko-el-hallazgo-una-mujer-muerta-llegaron-tarde-n1213278

https://www.cadena3.com/noticia/sociedad/encontraron-un-cuerpo-en-neuquen-e-investigan-si-pertenece-a-una-mujer_475163

https://noticiasargentinas.com/sociedad/nequen--realizaron-una-marcha-por-la-desaparicion-de-una-mujer-trans_a68efd8d60d3931f595bab53e

https://www.diariocronica.com.ar/noticias/2025/10/15/126303-hallazgo-en-neuquen-encontraron-el-cuerpo-de-una-mujer-en-un-canal

https://www.lacardigital.com.ar/una-mujer-sin-vida-fue-hallada-en-neuquen-capital-y-se-investiga-si-se-trata-de-azul-semenenko/

https://www.rionegro.com.ar/policiales/conmocion-en-neuquen-por-el-hallazgo-del-cuerpo-investigan-si-se-trata-de-azul-semenenko-4336571/

https://www.clarin.com/sociedad/neuquen-hallaron-cuerpo-costado-canal-investigan-trata-mujer-trans-lleva-mes-desaparecida_0_fHZ9Ifh7d0.html

https://realidadsm.com/2025/10/15/hallan-el-cuerpo-de-una-mujer-en-la-capital-neuquina-y-sospechan-que-podria-tratarse-de-azul-semenenko/

https://www.holasalta.com/post/neuqu%C3%A9n-hallaron-un-cuerpo-al-costado-de-un-canal-e-investigan-si-se-trata-de-una-mujer-trans-que-l

https://www.noticiasnqn.com.ar/noticias/2025/10/06/321384-desaparece-en-neuquen-azul-mia-natasha-semenenko-mujer-trans-de-49-anos

https://www.instagram.com/p/DP4m0xFAQ5d/

https://www.youtube.com/watch?v=_AakHAOmRFw

https://www.youtube.com/watch?v=aExaDxROXXk

https://www.youtube.com/watch?v=IuHI2-Y17k8

https://www.youtube.com/watch?v=I-yexdawifA","The body of Azul Semeñenko was found wrapped in a plastic bag and dumped in a canal in Neuquén (Argentina) on 15 Oct 2025.

She was 49 and had been missing for a month. #SayHerName #TransLivesMatter #TDoR",https://tdor.translivesmatter.info/reports/2025/10/15/azul-semenenko_neuquen-argentina_d3fcd198,qrcodes/d3fcd198.png
Raju Machh,,,,,trans_flag.jpg,15 Oct 2025,,"Jeypore, Odisha",India,IN,18.85810696,82.57097272,suicide,suicide,"Raju and their partner Samara died by suicide.

> Koraput (Odisha), Oct 15 (PTI) A transgender priest and a mason, suspected to be in a romantic relationship, were found [suicide method redacted] near a temple in Odisha's Jeypore town on Wednesday, police said.
> 
> The incident took place near Kanak Durga temple in Gopabandhu Nagar in Jeypore town police station area.
> 
> The deceased have been identified as Raju Machh, a transgender individual who served as the temple priest, and Samara Jani, a mason from Paika Sahi area, a police officer said.
> 
> According to the police, Raju and Samara had reportedly developed a relationship over the past few months.
> 
> The duo was last seen together near the temple on Tuesday evening. Locals discovered the bodies early on Wednesday, he said.
> 
> ""Two cases of unnatural death have been registered and a detailed probe has been launched,"" Jeypore Sub-divisional Police Officer (SDPO) Partha Kashyap said.
    
https://www.theweek.in/wire-updates/national/2025/10/15/ces28-od-hanging.html

https://www.ptinews.com/story/national/odisha-transgender-priest-mason-found-hanging-near-temple/3010435

https://timesofindia.indiatimes.com/city/bhubaneswar/two-persons-found-hanging-near-temple/articleshow/124587166.cms","Raju Machh and their partner Samara died by suicide in Jeypore, Odisha (India) on 15 Oct 2025. #SayTheirName #TransLivesMatter #TDoR",https://tdor.translivesmatter.info/reports/2025/10/15/raju-machh_jeypore-odisha-india_f235734a,qrcodes/f235734a.png
Andressa Bernardes,43,,photos/2025_10_20_Andressa-Bernardes.jpg,https://www.maisgoias.com.br/cidades/corpo-de-mulher-trans-e-encontrado-carbonizado-e-com-indicios-de-enforcamento-em-rio-verde/,thumbnails/2025_10_20_Andressa-Bernardes.jpg,20 Oct 2025,,"Rio Verde, Goiás",Brazil,BR,-17.75889788,-50.94053152,violence,strangled and burnt,"Andressa's body was found in a vacant lot. Hours earlier she had been seen being chased by three men and a woman.

> A 43-year-old trans woman who identified herself as Andressa Bernardes was brutally murdered in Rio Verde, southwestern Goiás. The shocking crime occurred on Monday night (20), in the Monte Sinai neighborhood. According to the Civil Police, after getting involved in a fight at a bar, she was chased, forced into a car, and taken to a remote location, where she was strangled, stoned, and beaten with bottles. To make matters worse, part of her body was also burned.
> 
> Police Chief Adelson Candeo, in charge of the case, explained that the altercation began at a nightclub in Bairro Popular. ""They were at the club with a [sex worker], and a fight broke out. The [trans woman] threw a drink at the girl and ran off, [allegedly] taking one of the men's phones. Then they went after her, three men and the [sex worker], put the victim in the car, and had the unfortunate idea of taking her to a secluded location to commit this atrocity.""
> 
> Four suspects were arrested by the Civil Police and Military Police less than eight hours after the crime. Three of them, employees of an air conditioning company, were found in a supermarket in the city, where they were working in maintenance. The fourth person arrested is a woman identified as a [sex worker] who was present at the scene of the altercation.
> 
> During the investigation, sheets with traces of blood were found inside the vehicle used in the crime, a white Ford KA. The four suspects were taken to the Rio Verde Civil Police Station and may be charged with aggravated homicide.

https://sgc.com.br/noticia/5/431107/video-mulher-trans-e-morta-e-tem-corpo-queimado

https://www.msnoticias.com.br/policia/mulher-trans-e-perseguida-assassinada-e-tem-corpo-queimado/152609/

https://folhadecuritiba.com.br/mulher-trans-assassinada-goias-perseguicao/

https://www.metropoles.com/brasil/mulher-trans-e-perseguida-e-morta-em-goias-video

https://ohoje.com/2025/10/22/mulher-trans-e-morta-com-sinais-de-tortura/

https://www.maisgoias.com.br/cidades/corpo-de-mulher-trans-e-encontrado-carbonizado-e-com-indicios-de-enforcamento-em-rio-verde/

https://jornalsomos.com.br/categoria/policia/detalhe/identificada-mulher-trans-encontrada-morta-no-residencial-monte-sinai-em-rio-verde

https://opopular.com.br/cidades/mulher-trans-e-morta-e-tem-parte-do-corpo-queimada-apos-desentendimento-com-clientes-em-rio-verde-video-1.3327125

https://www.maisgoias.com.br/cidades/quatro-pessoas-sao-presas-suspeitas-de-matar-mulher-trans-em-rio-verde/

https://g1.globo.com/go/goias/noticia/2025/10/22/mulher-trans-e-morta-e-tem-corpo-queimado-apos-programa-em-rio-verde-video.ghtml

https://www.g5news.com.br/policia/mulher-trans-encontrada-morta-foi-sequestrada-e-teve-penis-queimado/204660

https://diariodoestadogo.com.br/mulher-trans-brutalmente-assassinada-em-rio-verde-justica-precisa-ser-feita-551164/

https://www.instagram.com/reel/DQHwur4CNce/

https://www.instagram.com/reel/DQHodi9CU8R/","The body of Andressa Bernardes was found in a vacant lot in Rio Verde, Goiás (Brazil) on 20 Oct 2025. Hours earlier she had been seen being chased by three men and a woman.

She was 43. #SayHerName #TransLivesMatter #TDoR",https://tdor.translivesmatter.info/reports/2025/10/20/andressa-bernardes_rio-verde-goias-brazil_ae9a9b3e,qrcodes/ae9a9b3e.png
Name Unknown,,,,,trans_flag.jpg,21 Oct 2025,,"Cariacica, Espírito Santo",Brazil,BR,-20.34306788,-40.3966676,violence,shot,"The victim was shot dead in the street. They were homeless and have not yet been identified.

> Two homicides in a short space of time marked the early hours of this Tuesday (21) in Cariacica. A [trans person] and a man were shot dead in neighboring neighborhoods, with a difference of approximately half an hour between the cases.
> 
> The first crime occurred on Rua Bom Pastor in Campina Grande. A homeless [trans person] was found dead with gunshot wounds to the head. Military Police located 9mm ammunition casings at the scene. The victim was not carrying any identification and has not yet been identified.
> 
> About 30 minutes later, approximately 950 meters away, Lucas José Ribeiro, 32, was executed on Amaro Pereira da Silva Street in the Santa Bárbara neighborhood. Police said the perpetrator of the crime is unknown, but the area is known for its intense drug trafficking activity.
> 
> The Specialized Homicide and Personal Protection Division (DHPP) of Cariacica is investigating both cases. So far, there is no confirmation that the murders are connected, and no suspects have been arrested.

https://www.espiritosantonoticias.com.br/travesti-e-homem-sao-executados-a-tiros-em-bairros-vizinhos-de-cariacica/

https://www.agazeta.com.br/agora/travesti-e-homem-sao-mortos-a-tiros-em-bairros-vizinhos-em-cariacica-1025

https://tribunaonline.com.br/policia/travesti-em-situacao-de-rua-e-assassinada-a-tiros-em-cariacica-279038?home=espirito_santo

https://www.youtube.com/watch?v=by5KDDlQy0A","An unidentified homeless #trans person was shot dead in the street in Cariacica, Espírito Santo (Brazil) on 21 Oct 2025. #SayTheirName #TransLivesMatter #TDoR",https://tdor.translivesmatter.info/reports/2025/10/21/name-unknown_cariacica-espirito-santo-brazil_b328c72b,qrcodes/b328c72b.png
Christina Maciel Oliveira,45,,photos/2025_10_20_Christina-Maciel-Oliveira.jpg,https://la100.cienradios.com/mundo/quien-era-christina-maciel-oliveira-la-mujer-trans-que-fue-asesinada-a-golpes-por-su-exnovio-en-brasil/,thumbnails/2025_10_20_Christina-Maciel-Oliveira.jpg,21 Oct 2025,,"Belo Horizonte, Minas Gerais",Brazil,BR,-19.80750893,-43.97030776,violence,beaten,"Christina was killed in the street by her ex-partner.

> The Military Police (PM) identified the killer of Christina Maciel Oliveira, 45 years old, trans woman kicked to death in the middle of the street in broad daylight by her ex-partner, on the afternoon of this Monday (20), on Rua Padre Pedro Pinto, in Venda Nova, in Greater BH.
>
> The author of the crime is Matheus Henrique Santos Rodrigues, 36, wbo has several police records for robbery, theft, drug trafficking and consumption, damage, bodily harm and threats. Itatiaia has exclusively learned that Matheus Henrique recently left a drug rehabilitation clinic.
> 
> According to what we have learned, Christina wanted to end the relationship she had with Matheus for three years and the man did not accept the breakup, brutally attacking the victim.
> 
> The case will be registered as a femicide. The investigation will be handled by the Specialized Femicide Investigation Unit (NEIF) of the Civil Police's State Homicide Investigation and Personal Protection Department (DHPP).


Despite having been rejected by her birth family as a teenager, Christina had become a well known health educator and activist who worked to improve health and care within the community. 

> During her adolescence, her family evicted her from her home , forcing her to survive in extremely vulnerable situations. Over time, she transformed that experience into a mission to support other homeless trans people.
>
> Friends and colleagues remember her for her generosity, strength, and social commitment . According to testimonies collected by the G1 portal, Christina was also passionate about cooking, which she used as a means to create spaces for meeting and support among those close to her.>

> Her friend, Gabrielly Elisa, 21, stated that the victim was a crucial figure in her life:
> 
> “If I have a roof over my head and a decent life today, it's thanks to her. She was brutally murdered, a very cowardly act. I don't want her death to become just another statistic.”

https://www.gazetadevarginha.com.br/post/namorado-que-matou-mulher-trans-com-pis%C3%B5es-na-cabe%C3%A7a-tem-pris%C3%A3o-preventiva-decretada

https://www.itatiaia.com.br/cidades/mulher-trans-e-morta-pelo-companheiro-com-chutes-no-meio-da-rua-em-bh

https://noticias.r7.com/minas-gerais/mg-no-ar/video/mulher-trans-e-morta-por-socos-e-chutes-pelo-companheiro-a-luz-do-dia-em-bh-21102025/

https://pordentrodetudo.com.br/mulher-trans-e-morta-a-socos-e-chutes-pelo-namorado-que-nao-aceitava-fim-do-relacionamento-em-belo-horizonte/

https://www.otempo.com.br/super-noticia/crimes/2025/10/20/video-mulher-trans-e-morta-com-socos-e-chutes-apos-parceiro-nao-aceitar-fim-do-relacionamento

https://pordentrodeminas.com.br/noticias/gerais/2025/10/mulher-trans-e-morta-espancada-na-rua-padre-pedro-pinto-em-bh/

https://folhadecuritiba.com.br/namorado-e-preso-apos-matar-mulher-trans-em-belo-horizonte/

https://gazetarondonia.com.br/noticia/20080/homem-mata-namorada-com-socos-e-pontapes-na-rua-por-nao-aceitar-fim-de

https://www.otempo.com.br/super-noticia/crimes/2025/10/20/video-mulher-trans-e-morta-com-socos-e-chutes-apos-parceiro-nao-aceitar-fim-do-relacionamento

https://veja.abril.com.br/brasil/homem-e-preso-por-matar-ex-namorada-com-chutes-e-pisoes-na-cabeca-em-mg/

https://pordentrodetudo.com.br/mulher-trans-e-morta-a-socos-e-chutes-pelo-companheiro-em-belo-horizonte/

https://fatoamazonico.com.br/ativista-trans-e-espancada-ate-a-morte-pelo-ex-em-rua-de-bh/

https://g1.globo.com/mg/minas-gerais/noticia/2025/10/21/agente-de-educacao-em-saude-mulher-preta-e-ativista-quem-e-christina-maciel-oliveira-morta-espancada-pelo-companheiro-em-bh.ghtml

https://n3news.com.br/2025/10/quem-e-mulher-trans-espancada-e-morta-pelo-namorado-em-bh/

https://alfinetei.com.br/mulher-trans-e-morta-com-socos-e-chutes-apos-parceiro-nao-aceitar-fim-do-relacionamento-veja-video/

https://g1.globo.com/mg/minas-gerais/noticia/2025/10/22/o-que-se-sabe-sobre-morte-de-mulher-trans-espancada-na-rua-pelo-namorado.ghtml

https://www.unicanews.com.br/brasil/nao-aceitou-o-fim-homem-mata-mulher-trans-a-socos-e-chutes-no-meio-da-rua/130249

https://d24am.com/brasil/video-mulher-trans-e-agredida-ate-a-morte-por-ex-que-nao-aceitava-termino/

https://www.mpmg.mp.br/portal/menu/comunicacao/noticias/a-pedido-do-mpmg-prisao-em-flagrante-de-investigado-por-matar-namorada-trans-e-convertida-em-prisao-preventiva-2C9F8AAB9A0D5986019A0D65F8DB2530-00.shtml

https://folhadecuritiba.com.br/ativista-trans-e-morta-em-bh-apos-briga-com-ex-companheiro/

https://www.metropoles.com/brasil/ativista-trans-e-espancada-ate-a-morte-pelo-ex-em-rua-de-bh

https://noticias.r7.com/minas-gerais/cidade-alerta/video/mulher-trans-vitima-de-feminicidio-por-ex-companheiro-e-enterrada-sob-comocao-em-bh-21102025/

https://revistaafirmativa.com.br/mulher-trans-assassinada-em-mg/

https://www.esquerdadiario.com.br/Justica-por-Christina-Maciel-Basta-de-transfeminicidio-e-violencia-contra-as-mulheres

https://www.itatiaia.com.br/cidades/nao-queremos-que-ela-seja-uma-estatistica-amigas-de-trans-morta-em-bh-clamam-por-protecao

https://atarde.com.br/policia/mulher-trans-e-morta-a-socos-e-chutes-por-ex-companheiro-1365429

https://www.gazetadevarginha.com.br/post/mulher-trans-assassinada-em-bh-era-militante-e-atuava-em-projetos-sociais

https://www.alagoas24horas.com.br/1699468/mulher-trans-e-agredida-ate-a-morte-em-belo-horizonte/

https://www.itatiaia.com.br/cidades/despedida-de-mulher-trans-morta-em-bh-ocorre-nesta-terca-feira-21-em-santa-luzia

https://g1.globo.com/mg/minas-gerais/noticia/2025/10/21/corpo-de-mulher-que-morreu-apos-ser-espancada-com-socos-e-chutes-do-namorado-e-enterrado.ghtml

https://www.diariodocentrodomundo.com.br/essencial/video-mostra-mulher-trans-sendo-agredida-ate-a-morte-por-namorado-em-bh/

https://conexao424.com.br/amigas-de-trans-morta-em-bh-clamam-por-protecao/

https://www.acessa.com/noticias/2025/10/289895-ativista-trans-e-assassinada-em-rua-de-belo-horizonte-ex-companheiro-foi-preso.html

https://www1.folha.uol.com.br/cotidiano/2025/10/ativista-trans-e-assassinada-em-rua-de-belo-horizonte-ex-companheiro-foi-preso.shtml

https://www.otempo.com.br/super-noticia/crimes/2025/10/21/ela-sempre-estava-sorrindo-familia-pede-justica-e-lembra-trajetoria-da-mulher-trans-morta-em-bh

https://www.band.com.br/minas-gerais/noticias/acontece-o-velorio-da-trans-que-foi-morta-covardemente-pelo-companheiro-202510211351

https://conexao424.com.br/despedida-de-mulher-trans-morta-em-bh-ocorre-nesta-terca-feira-21-em-santa-luzia/

https://noticias.r7.com/minas-gerais/balanco-geral-mg/video/a-gente-nao-consegue-compreender-tamanha-violencia-diz-tenente-sobre-mulher-morta-em-bh-21102025/

https://bhaz.com.br/noticias/mulher-agredida-e-morta-por-companheiro-em-rua-de-bh-sera-sepultada-nesta-terca-feira/

https://www.cnnbrasil.com.br/nacional/sudeste/mg/mulher-trans-e-espancada-e-morta-pelo-ex-companheiro-em-minas-gerais/

https://www.em.com.br/gerais/2025/10/amp/7275388-corpo-de-mulher-trans-morta-pelo-ex-sera-enterrado-nesta-terca-21-10.html

https://blogdomarcosilva.com.br/mulher-trans-e-morta-a-socos-e-chutes-pelo-companheiro-em-via-publica-em-belo-horizonte/

https://pordentrodeminas.com.br/noticias/gerais/2025/10/mulher-trans-morta-pelo-ex-companheiro-em-bh-era-militante-de-projetos-sociais/

https://g1.globo.com/mg/minas-gerais/noticia/2025/10/21/cameras-de-seguranca-flagram-momento-em-que-mulher-trans-e-agredida-ate-a-morte-video.ghtml

https://www.em.com.br/gerais/2025/10/7275330-ongs-lamentam-morte-de-mulher-trans-espancada-pelo-ex-em-bh.html

https://www.em.com.br/gerais/2025/10/7275086-mulher-trans-e-espancada-ate-a-morte-em-rua-movimentada-de-belo-horizonte.html

https://www.sistemampa.com.br/noticias/bh-24-horas/video-mulher-trans-e-morta-agredida-com-socos-e-chutes-pelo-namorado-em-bh/

https://www.hojeemdia.com.br/minas/video-suspeito-de-matar-mulher-trans-em-bh-n-o-aceitava-o-fim-do-namoro-diz-pm-1.1089419

https://www.itatiaia.com.br/cidades/mulher-trans-e-morta-pelo-companheiro-com-chutes-no-meio-da-rua-em-bh

https://www.itatiaia.com.br/cidades/video-mulher-trans-e-morta-a-chutes-pelo-ex-companheiro-no-meio-da-rua-em-bh-assista

https://plantaosantamariense.com.br/noticia/49980/mulher-trans-e-morta-agredida-com-socos-e-chutes-do-namorado-em-rua-de-bh

https://g1.globo.com/mg/minas-gerais/noticia/2025/10/20/mulher-trans-e-morta-com-socos-e-chutes-em-bh-namorado-foi-preso-e-disse-que-nao-concordava-com-fim-da-relacao.ghtml

https://www.eldiario.ec/mundo/investigan-en-brasil-el-brutal-transfemicidio-de-christina-maciel-oliveira-en-plena-via-publica-23102025/

https://la100.cienradios.com/mundo/quien-era-christina-maciel-oliveira-la-mujer-trans-que-fue-asesinada-a-golpes-por-su-exnovio-en-brasil/

https://nuevodiarioweb.com.ar/amp/horror-un-hombre-mato-a-su-exnovia-trans-a-golpes-y-pisotones-en-la-cabeza.htm

https://elexpresodesalta.com.ar/contenido/55196/un-hombre-mato-a-su-exnovia-trans-a-golpes-y-pisotones-en-la-cabeza-en-brasil

https://h13n.com/hombre-mato-a-golpes-a-exnovia-trans-en-via-publica-y-a-plena-luz-del-dia/

https://www.eldiario.ec/mundo/investigan-en-brasil-el-brutal-transfemicidio-de-christina-maciel-oliveira-en-plena-via-publica-23102025/

https://tn.com.ar/videos/internacional/2025/10/23/horror-en-brasil-un-hombre-mato-a-su-exnovia-trans-a-golpes-y-pisotones-en-plena-calle/

https://www.airedesantafe.com.ar/internacionales/transfemicidio-brasil-un-hombre-mato-su-ex-novia-y-activista-lgbt-golpes-la-cabeza-n633983

https://la100.cienradios.com/mundo/un-hombre-asesino-a-su-novia-trans-a-pisotones-en-la-cabeza/

https://tn.com.ar/internacional/2025/10/23/quien-era-christina-maciel-oliveira-la-mujer-trans-asesinada-a-pisotones-por-su-exnovio-en-brasil/

https://www.contextotucuman.com/nota/363547/horror-en-brasil-un-hombre-mato-a-su-ex-novia-trans-a-golpes-y-pisotones-en-la-cabeza.html

https://www.itatiaia.com.br/cidades/morte-de-mulher-trans-em-bh-assassino-tem-passagens-pela-policia-e-nao-aceitou-termino

https://omatogrossense.com/mulher-trans-e-morta-com-socos-e-chutes/

https://perrenguematogrosso.com/mulher-trans-e-morta-com-socos/

https://www.itatiaia.com.br/cidades/mulher-trans-e-morta-pelo-companheiro-com-chutes-no-meio-da-rua-em-bh

https://www.itatiaia.com.br/cidades/video-mulher-trans-e-morta-a-chutes-pelo-ex-companheiro-no-meio-da-rua-em-bh-assista

https://www.facebook.com/radiomitre/posts/qui%C3%A9n-era-christina-maciel-oliveira-la-mujer-trans-que-fue-asesinada-a-golpes-po/1331620902334625/

https://www.facebook.com/radiomitre/photos/qui%C3%A9n-era-christina-maciel-oliveira-la-mujer-trans-que-fue-asesinada-a-golpes-po/1331620872334628/

https://www.threads.com/@todonoticias/post/DQKMAFTiBzo/quien-era-christina-maciel-oliveira-la-mujer-trans-asesinada-a-pisotones-por-su

https://www.youtube.com/watch?v=r6kYFczSAsg","Christina Maciel Oliveira was killed in the street in Belo Horizonte, Minas Gerais (Brazil) by her ex-partner on 21 Oct 2025.

Her kiiling caused widespread public outrage in Brazil.

Christina was 45. #SayHerName #TransLivesMatter #TDoR",https://tdor.translivesmatter.info/reports/2025/10/21/christina-maciel-oliveira_belo-horizonte-minas-gerais-brazil_f9465347,qrcodes/f9465347.png
Lia Smith,21,,photos/2025_10_23_Lia-Smith.jpg,https://www.reformer.com/body-found-in-middlebury-identified-as-college-student-lia-smith/article_bf7c3494-d404-4c8f-9292-75e85de40116.html,thumbnails/2025_10_23_Lia-Smith.jpg,23 Oct 2025,,"Middlebury, Vermont",USA,US,44.0047443,-73.1655404,suicide,suicide,"Lia died by suicide. She was a student who had left the women’s swimming and diving team at Middlebury College, citing the pressure and isolation she felt as a trans athlete.

> Just days ago, Middlebury College in Vermont announced the tragic death of Lia Smith, a transgender student and former athlete at the school. In the days that followed, a clearer picture of her life emerged: she was a passionate advocate for transgender rights, a devoted teammate before leaving athletics in the 2023-2024 season and someone who, like so many visible trans people today, faced relentless hostility.
>
> While we may never know the exact reasons she took her own life, her death came amid a wave of Republican attacks on transgender student athletes and sweeping Trump administration restrictions on transgender people across nearly every aspect of life. To call her death merely a suicide misses the larger truth — no suicide happens in a vacuum. Policies designed to make life unlivable for transgender people bear responsibility too; every trans suicide is a murder by those in power.
>
> To understand Lia’s life before her passing is to see the power of what acceptance can make possible. She was a model student—proof that when transgender people are allowed to live authentically, the benefits ripple outward. Lia double-majored in computer science and statistics, played in the Chess and Japanese clubs, loved music and competed on the women’s swimming and diving team until she left, citing the pressure and isolation she felt as a transgender athlete who “didn’t feel welcome.”
>
> Her departure came amid a growing wave of anti-trans policies on college campuses, as states began banning transgender athletes in 2022 — a wave that has only intensified since into national bans. That hostility marked the beginning of what every transgender person now recognizes: a coordinated effort to legislate us out of public life.
>
> “We’re not trying to get into women’s spaces to be perverts. We’re just being ourselves. We don’t mean any harm to anyone,” Smith said during a campus panel she joined that coincided and competed with an anti-trans event featuring Brianna Wu and Leor Sapir — the latter a prominent anti-transgender activist affiliated with the Manhattan Institute. On her panel, Smith spoke candidly about her experiences as a transgender athlete and student, sharing the challenges of navigating both visibility and hostility. She closed with a simple plea to the packed audience: “Know that there are people in your community who are here for you and care about you.”

https://www.them.us/story/lia-smith-vermont-trans-trump-transphobia-suicide-middlebury

https://pridesource.com/article/erin-reed-on-lia-smith

https://www.them.us/story/lia-smith-middlebury-college-vermont-missing-cause-of-death

https://www.lgbtqnation.com/2025/10/a-cruel-transphobic-website-targeted-this-diver-she-later-died-by/

https://www.scenemag.co.uk/communities-mourn-the-loss-of-trans-student-athlete-lia-smith/

https://www.thepinknews.com/2025/10/28/lia-smith-middlebury-vermont-suicide-trans/

https://www.newsweek.com/missing-transgender-college-student-lia-smith-died-by-suicide-m-e-10936164

https://gcn.ie/us-trans-diver-lia-smith-dead/

https://inews.zoombangla.com/middlebury-college-trans-student-death-confirmed-as-suicide-by-vermont-authorities/

https://www.hindustantimes.com/world-news/us-news/who-was-lia-smith-21-year-old-trans-student-from-middlebury-college-dies-by-suicide-101761810889494.html

https://www.dailykos.com/stories/2025/10/29/2351089/-Lia-Thomas-trans-athlete-dead-by-suicide-while-Gavin-Newsom-says-he-wants-to-ban-trans-athletes

https://timesofindia.indiatimes.com/sports/international-sports/lia-smith-middlebury-college-swimmer-once-inspired-by-the-olympics-found-dead-after-six-days-missing/articleshow/124877422.cms

https://www.reformer.com/body-found-in-middlebury-identified-as-college-student-lia-smith/article_bf7c3494-d404-4c8f-9292-75e85de40116.html

https://www.ucvradio.pe/noticias-del-mundo/quien-era-lia-smith-estudiante-trans-de-21-anos-de-middlebury-college-se-suicida/35190/

https://www.primetimer.com/news/who-was-lia-smith-tributes-pour-in-as-missing-vermont-college-student-found-dead

https://web.archive.org/web/20251025045243/https://www.dailymail.co.uk/news/article-15224441/lia-smith-missing-student-search-body-vermont.html

https://www.middleburycampus.com/article/2025/10/middlebury-mourns-the-death-of-lia-smith-26

https://vtstatepolice.blogspot.com/2025/10/update-no-4-autopsy-completed-following.html

https://www.facebook.com/middleburycollege/posts/1207646054743731","Lia Smith died by suicide in Middlebury, Vermont (USA) on 23 Oct 2025.

She was 21, and had left the women’s swimming and diving team at Middlebury College citing the pressure and isolation she felt as a trans athlete. #SayHerName #TransLivesMatter #TDoR",https://tdor.translivesmatter.info/reports/2025/10/23/lia-smith_middlebury-vermont-usa_14f6523d,qrcodes/14f6523d.png
Alik Gerbig,25,25 Jun 2000,photos/2025_10_27_Alik-Gerbig.jpg,https://www.instagram.com/alikxiii/,thumbnails/2025_10_27_Alik-Gerbig.jpg,27 Oct 2025,,Hamburg,Germany,DE,53.54717079,9.99093005,suicide,suicide,"Alik's death was initially declared to have been by natural causes but authorities subsequently ruled it to have been suicide.

> 27 October 2025, Alarik Stephan Gerbig “Alik”, aged 25, Hamburg, Germany, possible suicide by [suicide method redacted].
> 
> (Important for context: The case was handled by the Hamburg State Criminal Police Office and, according to a tip-off, was only recently closed as a suicide, after the authorities had initially suspected and declared a natural cause of death. The sister and mother of the deceased trans man denied the assumption of a natural death from the outset).
>
> The TDoR organising team in Hamburg only became aware of Alik’s death a few days before last year’s event. We gave both relatives the opportunity to speak, paid tribute to him and mourned together in a minute’s silence.
>
> In Germany, there are no reports on suicides unless they are carried out in a way that attracts public attention.

Three months after Alik's death his sister Patricia [gave an interview](https://www.pinkchannel.net/interview-mit-patricia-ueber-alik/) in which she spoke about how he suffered from inadequate medical care, describing structural discrimination, economic pressure, and transphobic prejudices within the healthcare system.

Alik’s Instagram profile was https://www.instagram.com/alikxiii/.

https://hansexmen.wordpress.com/2025/12/09/nachruf-fur-alik/

https://www.pinkchannel.net/interview-mit-patricia-ueber-alik/

https://www.cornelia-mertens.de/wp3/podcast/tdor-25-rede-daniel/","Alik Gerbig died by suicide in Hamburg (Germany) on 21 May 2026.

He was 25, and according to his sister he had suffered from inadequate medical care within the German healthcare system. #SayHisName #TransLivesMatter #TDoR",https://tdor.translivesmatter.info/reports/2025/10/27/alik-gerbig_hamburg-germany_c3fa6fe9,qrcodes/c3fa6fe9.png
Marisol Payero,22,,photos/2025_10_27_Marisol-Payero.jpg,https://www.gofundme.com/f/in-memory-of-marisol-payero-support-her-family,thumbnails/2025_10_27_Marisol-Payero.jpg,27 Oct 2025,,"Kennesaw, Georgia",USA,US,34.0269933,-84.6567096,suicide,suicide,"Marisol died by suicide. She was in her final semester studying History Education at Kennesaw State University and was the president of the Kennesaw Pride Alliance.

> Marisol Payero, the President of the Kennesaw Pride Alliance, died Oct. 27.
> 
> The 22-year-old was a senior at Kennesaw State University studying History Education. She helped lead the opening of the KPA Pride Center after the university shuttered the LGBTQ+ resource center due to DEI cutbacks earlier this year.
> 
> Payero was of Dominican and Argentinian descent and a practicing Celtic Druid. Her friends and family remember her as having a bright smile and a natural gift for humor, a lover of Argentina and the color blue, and interested in dying languages and the recreation of the Taíno language.
> 
> Payero, who was transgender, died by suicide.


In August the Pride Center posted a video in which Marisol gave a tour of their space:

<blockquote class=""instagram-media"" data-instgrm-captioned data-instgrm-permalink=""https://www.instagram.com/reel/DNrPTHtZFkH/?utm_source=ig_embed&amp;utm_campaign=loading"" data-instgrm-version=""14"" style="" background:#FFF; border:0; border-radius:3px; box-shadow:0 0 1px 0 rgba(0,0,0,0.5),0 1px 10px 0 rgba(0,0,0,0.15); margin: 1px; max-width:540px; min-width:326px; padding:0; width:99.375%; width:-webkit-calc(100% - 2px); width:calc(100% - 2px);""><div style=""padding:16px;""> <a href=""https://www.instagram.com/reel/DNrPTHtZFkH/?utm_source=ig_embed&amp;utm_campaign=loading"" style="" background:#FFFFFF; line-height:0; padding:0 0; text-align:center; text-decoration:none; width:100%;"" target=""_blank""> <div style="" display: flex; flex-direction: row; align-items: center;""> <div style=""background-color: #F4F4F4; border-radius: 50%; flex-grow: 0; height: 40px; margin-right: 14px; width: 40px;""></div> <div style=""display: flex; flex-direction: column; flex-grow: 1; justify-content: center;""> <div style="" background-color: #F4F4F4; border-radius: 4px; flex-grow: 0; height: 14px; margin-bottom: 6px; width: 100px;""></div> <div style="" background-color: #F4F4F4; border-radius: 4px; flex-grow: 0; height: 14px; width: 60px;""></div></div></div><div style=""padding: 19% 0;""></div> <div style=""display:block; height:50px; margin:0 auto 12px; width:50px;""><svg width=""50px"" height=""50px"" viewBox=""0 0 60 60"" version=""1.1"" xmlns=""https://www.w3.org/2000/svg"" xmlns:xlink=""https://www.w3.org/1999/xlink""><g stroke=""none"" stroke-width=""1"" fill=""none"" fill-rule=""evenodd""><g transform=""translate(-511.000000, -20.000000)"" fill=""#000000""><g><path d=""M556.869,30.41 C554.814,30.41 553.148,32.076 553.148,34.131 C553.148,36.186 554.814,37.852 556.869,37.852 C558.924,37.852 560.59,36.186 560.59,34.131 C560.59,32.076 558.924,30.41 556.869,30.41 M541,60.657 C535.114,60.657 530.342,55.887 530.342,50 C530.342,44.114 535.114,39.342 541,39.342 C546.887,39.342 551.658,44.114 551.658,50 C551.658,55.887 546.887,60.657 541,60.657 M541,33.886 C532.1,33.886 524.886,41.1 524.886,50 C524.886,58.899 532.1,66.113 541,66.113 C549.9,66.113 557.115,58.899 557.115,50 C557.115,41.1 549.9,33.886 541,33.886 M565.378,62.101 C565.244,65.022 564.756,66.606 564.346,67.663 C563.803,69.06 563.154,70.057 562.106,71.106 C561.058,72.155 560.06,72.803 558.662,73.347 C557.607,73.757 556.021,74.244 553.102,74.378 C549.944,74.521 548.997,74.552 541,74.552 C533.003,74.552 532.056,74.521 528.898,74.378 C525.979,74.244 524.393,73.757 523.338,73.347 C521.94,72.803 520.942,72.155 519.894,71.106 C518.846,70.057 518.197,69.06 517.654,67.663 C517.244,66.606 516.755,65.022 516.623,62.101 C516.479,58.943 516.448,57.996 516.448,50 C516.448,42.003 516.479,41.056 516.623,37.899 C516.755,34.978 517.244,33.391 517.654,32.338 C518.197,30.938 518.846,29.942 519.894,28.894 C520.942,27.846 521.94,27.196 523.338,26.654 C524.393,26.244 525.979,25.756 528.898,25.623 C532.057,25.479 533.004,25.448 541,25.448 C548.997,25.448 549.943,25.479 553.102,25.623 C556.021,25.756 557.607,26.244 558.662,26.654 C560.06,27.196 561.058,27.846 562.106,28.894 C563.154,29.942 563.803,30.938 564.346,32.338 C564.756,33.391 565.244,34.978 565.378,37.899 C565.522,41.056 565.552,42.003 565.552,50 C565.552,57.996 565.522,58.943 565.378,62.101 M570.82,37.631 C570.674,34.438 570.167,32.258 569.425,30.349 C568.659,28.377 567.633,26.702 565.965,25.035 C564.297,23.368 562.623,22.342 560.652,21.575 C558.743,20.834 556.562,20.326 553.369,20.18 C550.169,20.033 549.148,20 541,20 C532.853,20 531.831,20.033 528.631,20.18 C525.438,20.326 523.257,20.834 521.349,21.575 C519.376,22.342 517.703,23.368 516.035,25.035 C514.368,26.702 513.342,28.377 512.574,30.349 C511.834,32.258 511.326,34.438 511.181,37.631 C511.035,40.831 511,41.851 511,50 C511,58.147 511.035,59.17 511.181,62.369 C511.326,65.562 511.834,67.743 512.574,69.651 C513.342,71.625 514.368,73.296 516.035,74.965 C517.703,76.634 519.376,77.658 521.349,78.425 C523.257,79.167 525.438,79.673 528.631,79.82 C531.831,79.965 532.853,80.001 541,80.001 C549.148,80.001 550.169,79.965 553.369,79.82 C556.562,79.673 558.743,79.167 560.652,78.425 C562.623,77.658 564.297,76.634 565.965,74.965 C567.633,73.296 568.659,71.625 569.425,69.651 C570.167,67.743 570.674,65.562 570.82,62.369 C570.966,59.17 571,58.147 571,50 C571,41.851 570.966,40.831 570.82,37.631""></path></g></g></g></svg></div><div style=""padding-top: 8px;""> <div style="" color:#3897f0; font-family:Arial,sans-serif; font-size:14px; font-style:normal; font-weight:550; line-height:18px;"">View this post on Instagram</div></div><div style=""padding: 12.5% 0;""></div> <div style=""display: flex; flex-direction: row; margin-bottom: 14px; align-items: center;""><div> <div style=""background-color: #F4F4F4; border-radius: 50%; height: 12.5px; width: 12.5px; transform: translateX(0px) translateY(7px);""></div> <div style=""background-color: #F4F4F4; height: 12.5px; transform: rotate(-45deg) translateX(3px) translateY(1px); width: 12.5px; flex-grow: 0; margin-right: 14px; margin-left: 2px;""></div> <div style=""background-color: #F4F4F4; border-radius: 50%; height: 12.5px; width: 12.5px; transform: translateX(9px) translateY(-18px);""></div></div><div style=""margin-left: 8px;""> <div style="" background-color: #F4F4F4; border-radius: 50%; flex-grow: 0; height: 20px; width: 20px;""></div> <div style="" width: 0; height: 0; border-top: 2px solid transparent; border-left: 6px solid #f4f4f4; border-bottom: 2px solid transparent; transform: translateX(16px) translateY(-4px) rotate(30deg)""></div></div><div style=""margin-left: auto;""> <div style="" width: 0px; border-top: 8px solid #F4F4F4; border-right: 8px solid transparent; transform: translateY(16px);""></div> <div style="" background-color: #F4F4F4; flex-grow: 0; height: 12px; width: 16px; transform: translateY(-4px);""></div> <div style="" width: 0; height: 0; border-top: 8px solid #F4F4F4; border-left: 8px solid transparent; transform: translateY(-4px) translateX(8px);""></div></div></div> <div style=""display: flex; flex-direction: column; flex-grow: 1; justify-content: center; margin-bottom: 24px;""> <div style="" background-color: #F4F4F4; border-radius: 4px; flex-grow: 0; height: 14px; margin-bottom: 6px; width: 224px;""></div> <div style="" background-color: #F4F4F4; border-radius: 4px; flex-grow: 0; height: 14px; width: 144px;""></div></div></a><p style="" color:#c9c8cd; font-family:Arial,sans-serif; font-size:14px; line-height:17px; margin-bottom:0; margin-top:8px; overflow:hidden; padding:8px 0 7px; text-align:center; text-overflow:ellipsis; white-space:nowrap;""><a href=""https://www.instagram.com/reel/DNrPTHtZFkH/?utm_source=ig_embed&amp;utm_campaign=loading"" style="" color:#c9c8cd; font-family:Arial,sans-serif; font-size:14px; font-style:normal; font-weight:normal; line-height:17px; text-decoration:none;"" target=""_blank"">A post shared by @kennesawpridecenter</a></p></div></blockquote>
<script async src=""//www.instagram.com/embed.js""></script>


https://roughdraftatlanta.com/2025/11/04/marisol-payero-kennesaw-pride-alliance/

https://www.gofundme.com/f/in-memory-of-marisol-payero-support-her-family

https://www.instagram.com/p/DNrPTHtZFkH/","Marisol Payero died by suicide in Kennesaw, Georgia (USA) on 27 Oct 2025.

She was 22 and the president of the Kennesaw Pride Alliance. #SayHerName #TransLivesMatter #TDoR",https://tdor.translivesmatter.info/reports/2025/10/27/marisol-payero_kennesaw-georgia-usa_d0c887b7,qrcodes/d0c887b7.png
Juana Cecilia (""Ceci""),25-37,,,,trans_flag.jpg,31 Oct 2025,,"León, Guanajuato",Mexico,MX,21.09943665,-101.6010001,violence,shot,"Juana was shot outside her home by armed assilants who fled in a vehicle.

> León, Guanajuato. A trans woman, identified by neighbors as Juana Cecilia , was shot and killed Friday morning in the Ampliación San Francisco neighborhood.
> 
> The attack occurred around 9:45 a.m. at the corner of calles Frailes Menores and Fray Sabatino, where the victim was attacked by the occupants of a sedan, who fled after firing several shots.
> 
> A person was found at the scene. She was of slender build, approximately 1.63 meters tall, and was wearing a gray t-shirt with green sleeves, jeans, and white sneakers.
> 
> Neighbors identified her as Juana Cecilia, the name by which she was known in the area.
> 
> Municipal authorities secured the area and confirmed the discovery of spent shell casings, while the Guanajuato State Attorney General's Office opened an investigation with a gender perspective to clarify the crime.
> 
> No arrests have been reported so far.

https://zonafranca.mx/seguridad/mujer-trans-es-asesinada-en-la-colonia-ampliacion-san-francisco-en-leon/

https://oem.com.mx/noticiasvespertinas/policiaca/violencia-en-leon-mujer-es-asesinada-frente-a-su-casa-en-san-francisco-de-asis-26571942

https://zonafranca.mx/seguridad/mujer-trans-es-asesinada-en-la-colonia-ampliacion-san-francisco-en-leon/

https://www.am.com.mx/leon/2025/10/31/asesinan-a-ceci-ampliacion-san-francisco-leon-motosicarios-1685054.html

https://www.facebook.com/ZonaFrancaMexico/posts/seguridad-una-mujer-trans-identificada-por-vecinos-como-juana-cecilia-fue-asesin/1245165920987500/

https://www.facebook.com/reel/4319155301703241","Juana Cecilia was shot outside her home in León, Guanajuato (Mexico) on 31 Oct 2025. #SayHerName #TransLivesMatter #TDoR",https://tdor.translivesmatter.info/reports/2025/10/31/juana-cecilia-ceci_leon-guanajuato-mexico_8516df60,qrcodes/8516df60.png
Ladeira Rolim,43,,photos/2025_11_01_Ladeira-Rolim.jpg,https://observatoriog.com.br/noticias/mulher-transexual-e-encontrada-morta-apos-passar-por-atendimento-em-upa-de-sp/,thumbnails/2025_11_01_Ladeira-Rolim.jpg,1 Nov 2025,,"Mogi das Cruzes, São Paulo",Brazil,BR,-23.49980043,-46.17150682,uncategorised,not reported,"Ladeira was found unresponsive in the street just after she had been discharged from hospital. Her case has been registered as a suspicious death.
 
> A 43-year-old transgender woman was found dead on Saturday night (1), on Avenida Pedro Romero, in Mogi das Cruzes, in the Metropolitan Region of São Paulo.
> 
> The victim was identified by the Civil Police as Ladeira Rolim. According to the investigation, she had been to a consultation at the Rodeio Emergency Care Unit (UPA) and after being discharged, she felt unwell again. The Mobile Emergency Care Service (SAMU) was called and confirmed her death at the scene.
> 
> According to the São Paulo State Public Security Secretariat (SSP-SP), military police officers were called to the scene and found the victim lying on the ground.
> 
> According to the team, she was found in the post-ictal phase (the period after a seizure, characterized by confusion, drowsiness, headache, and fatigue), and arrived at the unit with a Glasgow Coma Scale score of 14 (considered mild), stable vital signs, no infectious focus, and afebrile.
> 
> According to the medical coordinator of the Rodeio Emergency Care Unit (UPA), Débora Nogueira Missiato, the patient had a prior history of epilepsy, with no information about regular treatment, and all clinical protocols were followed during the consultation.
> 
> The SSP also reported that examinations were requested from the IML and the case was registered as a suspicious death at the Mogi das Cruzes Sectional Police Station. Her burial took place this past Monday (3), at the Saudade Cemetery

https://observatoriog.com.br/noticias/mulher-transexual-e-encontrada-morta-apos-passar-por-atendimento-em-upa-de-sp/","Ladeira Rolim was found unresponsive in the street in Mogi das Cruzes, São Paulo (Brazil) on1 Nov 2025 just after she had been dischared from hospital.

She was 43. Her case has been registered as a suspicious death. #SayHerName #TransLivesMatter #TDoR",https://tdor.translivesmatter.info/reports/2025/11/01/ladeira-rolim_mogi-das-cruzes-sao-paulo-brazil_c7a9cd73,qrcodes/c7a9cd73.png
Naomis Redondo Labastida,31,,photos/2025_11_02_Naomis-Redondo-Labastida.jpg,https://santamartaaldia.co/consternacion-en-santa-marta-por-la-muerte-de-naomis-redondo-mujer-trans-que-cayo-desde-un-cuarto-piso-en-espana/,thumbnails/2025_11_02_Naomis-Redondo-Labastida.jpg,2 Nov 2025,,Córdoba,Spain,ES,37.88936966,-4.78105304,uncategorised,fell,"Naomis died in hospital after falling from a building, allegedly during an argument with her partner. The circumstances of her death are under investigation.

> Grief and uncertainty grip the community of Santa Marta following the confirmed death of Naomis Redondo Labastida, a 31-year-old transgender woman who died in Spain after falling from the fourth floor of a building. The incident occurred early Saturday morning and is currently under investigation by local authorities.
> 
> According to initial reports, Naomis was in an apartment with her partner when, during an alleged argument, she fell from the balcony. Although she was immediately taken to a private clinic, doctors were unable to save her life due to the severity of her injuries.
> 
> Naomis was a beloved figure in the San Martín and Pescaíto neighborhoods of Santa Marta, where she is remembered as a cheerful, hardworking woman full of dreams. She had traveled to Europe months earlier seeking better job opportunities and a more stable life for her family.
> 
> “She dreamed of getting ahead, having stability, and building a peaceful future,” said a close friend from Santa Marta, the capital of Magdalena. The tragic news has deeply affected her loved ones, who are seeking ways to repatriate her body and give her a final farewell in her hometown.
> 
> Spanish authorities are conducting their respective investigations to determine whether the fall was an accident or if there was third-party involvement. So far, no hypothesis has been ruled out, and it is hoped that the results of the legal proceedings will clarify the circumstances surrounding the young woman's death.
> 
> The case has caused shock in both Spain and Colombia, especially among groups that defend the rights of trans people, who have requested that the investigation be carried out with a gender focus and free of prejudice.

https://www.bluradio.com/mundo/mujer-trans-murio-tras-caer-de-un-cuarto-piso-esto-es-lo-que-se-sabe-so35

https://santamartaaldia.co/consternacion-en-santa-marta-por-la-muerte-de-naomis-redondo-mujer-trans-que-cayo-desde-un-cuarto-piso-en-espana/

https://www.elheraldo.co/mundo/2025/11/02/fallecio-mujer-trans-samaria-que-habia-caido-desde-un-cuarto-piso-en-espana/

https://semanariolacalle.com/fallecio-en-espana-mujer-trans-samaria-que-habia-caido-de-un-cuarto-piso/

https://seguimiento.co/la-samaria/fallecio-naomis-redondo-mujer-trans-samaria-tras-caida-en-espana-82312

https://hoydiariodelmagdalena.com.co/.well-known/sgcaptcha/?r=%2F1197147%2Fmujer-trans-samaria-no-resistio-murio-en-espana-tras-caer-desde-un-cuarto-piso%2F&y=ipc:158.173.23.3:1762158535.037

https://www.instagram.com/santamartaaldiaoficial/p/DQkGYvaEwW-/

https://www.facebook.com/enterateenlineasm/posts/la-muerte-de-naomis-redondo-labastida-caus%C3%B3-gran-sorpresa-entre-quienes-la-conoc/1154099213584890/

https://www.facebook.com/Pescaitomibarrionoticias/posts/mujer-trans-samaria-result%C3%B3-gravemente-herida-tras-caer-de-un-cuarto-piso-en-esp/1218028007021798/

https://www.instagram.com/p/DQj25woDN6u/","Naomis Redondo Labastida died in hospital after falling from a building in Córdoba (Spain) during an argument with her partner on 2 Nov 2025.

She was 31. #SayHerName #TransLivesMatter #TDoR",https://tdor.translivesmatter.info/reports/2025/11/02/naomis-redondo-labastida_cordoba-spain_a128c50c,qrcodes/a128c50c.png
Grecia Nery,19,,photos/2025_11_04_Grecia-Nery.jpg,https://www.lajornadadeoriente.com.mx/puebla/tehuacan-pareja-diverso-sexual-hallada-muerta/,thumbnails/2025_11_04_Grecia-Nery.jpg,4 Nov 2025,,"Tehuacán, Puebla",Mexico,MX,19.11674184,-97.72261485,violence,asphixiated,"Grecia and her partner were both found dead several days after the couple had been reported missing. The case is being investigated as a possible hate crime or a murder suicide.

> A couple was found dead in Tehuacán, and the case is being investigated as a possible hate crime because one of the victims identified as a trans woman.
> 
> They are Grecia Nery and Ángel Emilio Sánchez Rodríguez. Grecia was Miss Trans Veracruz in 2023, and worked as a manicurist and designer. Ángel Emilio was a medical student at BUAP Tehuacán, originally from Veracruz.
> 
> Grecia Nery, 19, previously went by the name [deadname] Contreras García and was in a relationship with Ángel Emilio Sánchez Rodríguez, 21.
> 
> The two were reported missing on November 1, 2025, in the La Purísima neighborhood of Tehuacán. Grecia's family filed investigation file 1612/2025 with the State Attorney General's Office after she failed to return home.
> 
> According to her family, the young trans woman was going out with some friends and her partner, Ángel Emilio Sánchez Rodríguez. Grecia was wearing a cheerleader outfit, apparently because they were going to a party.
> 
> The Specialized Prosecutor's Office for the Investigation of Crimes of Forced Disappearance of Persons and Disappearance Committed by Individuals began the investigations on November 3.
> 
> Preliminary reports suggest this could be a hate crime. Grecia's body was found with signs of asphyxiation, while Ángel Emilio's body appears to have been a suicide. The way the bodies were found suggests that Ángel Emilio may have killed Grecia and then taken his own life.
> 
> The Puebla Prosecutor's Office is currently recovering the two bodies while further lines of investigation are being pursued. Information from those involved in the recovery indicates that there may also have been a suicide note, but this has not been confirmed.

Grecia's Facebook and Instagram profiles are https://www.facebook.com/greciagarcia.035 and https://www.instagram.com/greciagarcia_035/.

https://oem.com.mx/elsoldepuebla/policiaca/tehuacan-acumula-tres-muertos-de-la-comunidad-lgbt-en-lo-que-va-del-2025-26677513

https://www.pueblaonline.com.mx/2025/puebla/cuatro-muertes-violentas-en-una-semana-registra-comunidad-lgbtiq-en-puebla/127072/

https://municipiospuebla.mx/nota/tehuacan/dan-ultimo-adios-grecia-joven-trans-localizada-sin-vida-en-tehuacan

https://www.diariocambio.com.mx/2025/policiaca/conmocion-en-la-comunidad-lgbt-hallan-muerta-a-pareja-en-tehuacan-tras-asistir-a-fiesta-de-disfraces/

https://municipiospuebla.mx/nota/tehuacan/en-tehuacan-reportaron-desaparicion-de-2-jovenes-de-la-comunidad-lgbtq

https://www.lajornadadeoriente.com.mx/puebla/tehuacan-pareja-diverso-sexual-hallada-muerta/

https://municipiospuebla.mx/nota/tehuacan/en-tehuacan-reportaron-desaparicion-de-2-jovenes-de-la-comunidad-lgbtq","Grecia Nery and her partner were found dead in Tehuacán, Puebla (Mexico) on 4 Nov 2025, The case is being investigated as a possible hate crime or a murder suicide.

Grecia was 19. #SayHerName #TransLivesMatter #TDoR",https://tdor.translivesmatter.info/reports/2025/11/04/grecia-nery_tehuacan-puebla-mexico_ea3d486b,qrcodes/ea3d486b.png
Hannah Fernanda Cervantes,,,photos/2025_11_04_Hannah-Fernanda-Cervantes.jpg,https://www.nmas.com.mx/puebla/muere-hannah-fernanda-cervantes-luchadora-activista-social-comunidad-lgbt-en-puebla/,thumbnails/2025_11_04_Hannah-Fernanda-Cervantes.jpg,4 Nov 2025,,"Cholula, Puebla",Mexico,MX,19.07088642,-98.31703552,suicide,suicide,"Hanna died by suicide.

> Hanna Fernanda Cervantes was a candidate for City Councilor in San Andrés Cholula, Puebla. She studied Public Administration at the Benemérita Universidad Autónoma de Puebla ( BUAP ).
> 
> She was a social activist who described herself as a hardworking, loyal, humble, noble, courageous, and committed woman.
> 
> On her personal social media accounts, she posted a story with a farewell message, where she affirms that she always fought for her ideal, and looked out for others before her own personal well-being.
> 
> In her post, she referred to her mother as her only loved one, hoping that nothing happens to her and asking her loved ones to take care of her for her sake.
> 
> Many people transcend, some leave a mark, others leave a path full of courage, joy, and teaching.
> 
> The cause of Hanna Fernanda 's death has not yet been revealed ; family, friends, and fellow activists have spoken out about her passing as a regrettable loss.

https://www.nmas.com.mx/nmas-local/programas/las-noticias-puebla/videos/marcha-8m-puebla-2026-todas-tenian-nombre-hannah-cervantes/

https://www.urbanopuebla.com.mx/sociedad/activista-y-primera-egresada-trans-en-la-buap-hannah-fernanda-cervantes-se-quita-la-vida/

https://www.nmas.com.mx/puebla/muere-hannah-fernanda-cervantes-luchadora-activista-social-comunidad-lgbt-en-puebla/

https://elpopular.mx/diversidad-e-inclusion/2025/11/04/fallece-la-activista-trans-poblana-hanna-fernanda-cervantes-su-ultimo-mensaje-conmovio-a-la-comunidad",Hannah Fernanda Cervantes died by suicide in Valparaíso (Chile) on 14 Nov 2025. #SayHerName #TransLivesMatter #TDoR,https://tdor.translivesmatter.info/reports/2025/11/04/hannah-fernanda-cervantes_cholula-puebla-mexico_7165c231,qrcodes/7165c231.png
Miles Phipps,15,,photos/2025_11_04_Miles-Phipps.jpg,https://www.thepinknews.com/2025/11/17/miles-phipps-iowa-trans-student/,thumbnails/2025_11_04_Miles-Phipps.jpg,4 Nov 2025,,"Urbandale, Iowa",USA,US,41.62903866,-93.76394025,suicide,suicide,"Miles died by suicide. A day earlier a substitute teacher had refused to use his chosen pronouns.

> The family of a young trans student from Iowa who took his own life earlier this month, has spoken out about the bullying he faced during his short life.
> 
> Fifteen-year-old Miles Phipps died on 4 November, prompting more than 150 pupils at Urbandale High School to walk out in support of his family and to call for more kindness. 
> 
> His mother told the Des Moines Register that he had been bullied in and out of school for years. He had tried to end his own life twice, even before attending the school.
>
> Miles’ death came a day after a substitute teacher refused to use his preferred pronouns. Eleven months earlier, his family had informed the school that he was trans. School principal Tim Carver informed other parents and guardians in an email and directed them to resources, emphasising that counselling would be available to students.
> 
> Miles’ father told the Register: “If I could give one message to all the kids, [it’s] if you see someone bullying another person, call them out. Bullies don’t like to be called out. Always be kind because you never know what that person is going through.”
> 
> A GoFundMe has been launched to help the Phipps and Campbell families with funeral and memorial expenses, including the siting of a park bench outside Miles’ favourite place, the Urbandale Library. The GoFundMe remembers him as “a kind, talented and creative soul who expressed himself through music” [who] loved “skateboarding, bicycling and spending time outdoors”. It goes on to say: “Miles was a proud transgender male who was driven, and faced the world with courage, authenticity and grace, even in the face of bullying and misunderstanding. He is deeply loved and will forever be cherished by his family. His parents and older sister will forever celebrate his laughter, his music and his beautiful heart.”

https://gayety.com/iowa-trans-student-miles-phipps-suicide

https://www.thepinknews.com/2025/11/17/miles-phipps-iowa-trans-student/

https://www.reddit.com/r/desmoines/comments/1ovd4jz/student_led_walkout_in_support_of_miles_phipps_at/

https://eu.desmoinesregister.com/story/news/education/2025/11/17/transgender-urbandale-student-suicide-bullying/87222017007/

https://www.caldwellparrish.com/obituaries/miles-phipps

https://obits.mlive.com/person/Miles-Phipps-59889551

https://www.facebook.com/DesMoinesRegister/posts/urbandale-high-school-freshman-miles-phipps-death-by-suicide-has-pushed-his-fami/1261467009351804/

https://www.gofundme.com/f/honor-miles-with-a-bench-and-tree-at-the-library","Miles Phipps died by suicide in Urbandale, Iowa (USA) on 4 Nov 2025 -a day after a substitute teacher refused to use his chosen pronouns.

He was 15. #SayHisName #TransLivesMatter #TDoR",https://tdor.translivesmatter.info/reports/2025/11/04/miles-phipps_urbandale-iowa-usa_2bdf8a2e,qrcodes/2bdf8a2e.png
Alice Martins Alves,33,,photos/2025_11_09_Alice-Martins-Alves.jpg,https://g1.globo.com/mg/minas-gerais/noticia/2025/11/10/mulher-trans-morre-dias-apos-ser-espancada-na-savassi-em-bh.ghtml,thumbnails/2025_11_09_Alice-Martins-Alves.jpg,9 Nov 2025,,"Belo Horizonte, Minas Gerais",Brazil,BR,-19.93992911,-43.93890202,violence,beaten,"Alice died in hospital two weeks after being attacked while leaving a bar.

> A transgender woman died this Sunday morning (November 9th), 18 days after being attacked by a stranger in Savassi, South-Central Region of Belo Horizonte (MG).
> 
> In the early morning of October 23, Alice Martins Alves, 33, left a bar at the intersection of Rua Sergipe and Avenida Getúlio Vargas. After crossing the avenue, in front of another bar located at the corner of Avenida do Contorno and Avenida Getúlio Vargas, the woman began to be assaulted by a stranger, accompanied by two other men who laughed at the violent acts.
> 
> In the police report filed by the victim herself on November 5th, the aggressor was identified as a tall, white man with dark brown or black hair, wearing jeans and a black shirt. Alice reported that she did not know the aggressor, that the acts of violence were unexpected, without her being able to react or even understand the motivation, which can be classified as transphobia .
> 
> “They have to try to catch this individual; there are many cameras in Savassi. If people are willing, they can identify this person,” said Alice's father, Edson Alves Pereira, distraught. “I want this to be investigated so that no one else goes through this. It's so cowardly. The State is very negligent; we have to report that a crazy aggressor is walking around, attacking LGBT people in the streets, so that people are aware,” he added.
> 
> After being assaulted, Alice lost consciousness and only woke up while being attended to by paramedics. She was taken to the UPA Centro-Sul emergency care unit, where she received initial medical treatment.
> 
> On November 2nd, she was taken by ambulance to the Unimed Emergency Room in Contagem (MG), in the Metropolitan Region of Belo Horizonte, accompanied by her father. Several injuries were found, including cuts on her nose, a deviated septum, and fractured ribs. In the police report, the assaulted woman agreed to present the medical report when requested by the investigation, which was forwarded to the Specialized Police Station for the Investigation of Crimes of Racism, Xenophobia, LGBTphobia and Related Intolerances (Decrin), of the Civil Police of Minas Gerais.
> 
> Edson reports that, after the attack, Alice was very distressed and weak, as well as traumatized. On Saturday (November 8th), after being diagnosed with contamination of her body caused by a perforation of her intestine from one of her broken ribs, the victim underwent a cleaning procedure and surgery, but died this Sunday (November 9th).
> 
> Edson recalled that his daughter sent him a photo minutes before being attacked. “When she was being treated at the emergency room, she didn't want to call me because I was having some high blood pressure tests done. She went home by Uber. When I woke up at 3 a.m., I went to her room to check on her and she had a bandage on her nose, her mouth was all bruised. She said, 'Dad, look what they did to me,'” the distraught father recounted, minutes after learning of his daughter's death.
> 
> Contacted for comment, the Civil Police of Minas Gerais (PCMG) did not comment on the progress of the investigations into Alice's case because, due to the on-call system in effect on weekends and holidays, this information is not updated.

Two employees of the Rei do Pastel snack bar, aged 20 and 27, were subsequently indicted.

https://odocumento.com.br/corpo-de-mulher-trans-e-achado-em-area-de-mata-apos-dois-dias-desaparecida-em-mato-grosso/

https://n3news.com.br/2025/11/bh-corpo-de-mulher-trans-morta-espancada-nao-passou-por-necropsia/

https://www.otempo.com.br/cidades/2025/11/28/caso-alice-martins-corpo-de-mulher-trans-nao-passou-por-necropsia-diz-defesa

https://www.itatiaia.com.br/brasil/sudeste/mg/corpo-de-alice-trans-morta-por-funcionarios-de-bar-em-bh-nao-passou-por-necropsia

https://www.itatiaia.com.br/brasil/sudeste/mg/exclusivo-pai-de-mulher-trans-espancada-e-morta-em-bh-chora-em-depoimento-doi-muito

https://www.itatiaia.com.br/brasil/sudeste/mg/video-mulher-trans-espancada-em-bh-pediu-socorro-a-viaturas-da-pm-me-ajuda-aqui

https://www.hojeemdia.com.br/minas/audio-de-video-com-pedido-de-socorro-de-mulher-trans-espancada-vira-peca-chave-para-o-caso-1.1094221

https://www.itatiaia.com.br/brasil/sudeste/mg/caso-alice-fotos-mostram-hematomas-pelo-corpo-de-mulher-trans-que-morreu-espancada-em-bh

https://g1.globo.com/mg/minas-gerais/noticia/2025/11/26/video-mostra-pedido-de-socorro-de-mulher-trans-que-foi-espancada-em-bh-e-morreu-dias-depois.ghtml

https://www.otempo.com.br/cidades/2025/11/25/ofereceu-pra-pagar-a-conta-brigou-com-agressores-e-chamou-pm-veja-como-motoboy-ajudou-mulher-trans

https://www.em.com.br/gerais/2025/11/7300239-caso-alice-mais-de-10-pessoas-passaram-pelo-local-e-nao-fizeram-nada.html

https://www.itatiaia.com.br/brasil/sudeste/mg/caso-alice-motoboy-que-socorreu-mulher-trans-em-bh-diz-que-foi-ameacado-por-agressores

https://www.alterosa.com.br/programas/jornal-da-alterosa/camera-gravou-trans-morta-na-savassi-pediu-socorro/

https://bhaz.com.br/noticias/bh/a-vida-dela-se-foi-por-nada-lamenta-motociclista-que-socorreu-mulher-trans-espancada-na-savassi/

https://noticias.uol.com.br/cotidiano/ultimas-noticias/2025/11/25/gravacao-mostra-mulher-trans-espancada-em-bh-pedindo-socorro-me-ajuda.htm

https://www.em.com.br/gerais/2025/11/7300103-suspeitos-de-agredir-trans-ameacaram-testemunhas-nao-vai-ficar-por-isso.html

https://www.itatiaia.com.br/brasil/sudeste/mg/caso-alice-camera-de-seguranca-registrou-pedido-de-socorro-de-trans-espancada-em-bh

https://www.otempo.com.br/cidades/2025/11/25/caso-alice-certidao-de-obito-esclarece-causa-da-morte-de-mulher-trans-espancada-na-savassi

https://bhaz.com.br/noticias/bh/justica-alice-grupo-protesto-justica-savassi-bh/

https://cidadeverde.com/noticias/445769/policia-identifica-dois-suspeitos-de-espancar-mulher-trans-que-morreu-em-bh

https://sbtnews.sbt.com.br/noticia/policia/policia-civil-identifica-dois-suspeitos-de-espancar-mulher-trans-que-morreu-em-bh

https://blogdoredacao.com.br/alice-martins-alves-e-assassinada-em-belo-horizonte/

https://sbtnews.sbt.com.br/videos/mulher-trans-morre-apos-ser-espancada-em-bar-de-bh-garcons-sao-suspeitos-alo-voce

https://www.em.com.br/gerais/2025/11/7293713-morte-de-alice-duda-e-cellos-pedem-apuracao-ampla-e-liberacao-de-imagens.html

https://www.itatiaia.com.br/brasil/sudeste/mg/mulher-trans-espancada-e-morta-em-bh-o-que-se-sabe-sobre-o-caso

https://www.bnews.com.br/noticias/policia/mulher-trans-morre-apos-ser-brutalmente-espancada-por-divida-de-r-22-em-lanchonete.html

https://bhaz.com.br/noticias/bh/caso-alice-certidao-obito-trans/

https://bhaz.com.br/noticias/bh/alice-rei-do-pastel-google/

https://g1.globo.com/mg/minas-gerais/noticia/2025/11/16/espancamento-por-r-22-em-perseguicao-ao-sair-de-bar-entenda-caso-da-mulher-trans-morta-em-bh-apos-agressao.ghtml

https://www.otempo.com.br/cidades/2025/11/15/caso-alice-mulher-trans-ficou-somente-um-dia-internada-apos-as-agressoes-que-sofreu

https://www.cnnbrasil.com.br/nacional/sudeste/mg/trans-morta-relatou-comportamento-agressivo-de-funcionarios-de-pastelaria/

https://www.hojeemdia.com.br/minas/antes-de-ser-morta-alice-ja-havia-denunciado-atendente-agressivo-publicamente-1.1092990

https://www.bnews.com.br/noticias/policia/mulher-trans-morre-apos-ser-brutalmente-espancada-por-divida-de-r-22-em-lanchonete.html

https://www.otempo.com.br/cidades/2025/11/15/caso-alice-mulher-trans-reclamou-de-atendente-agressivo-no-rei-do-pastel-antes-de-crime

https://www.metropoles.com/colunas/mirelle-pinheiro/mulher-trans-foi-cacada-e-morta-apos-divida-de-r22-diz-policia

https://bhaz.com.br/noticias/caso-alice-bh-minas-gerais-transsexuais/

https://www.itatiaia.com.br/brasil/sudeste/mg/mulher-trans-morta-em-bh-relatou-funcionario-agressivo-no-rei-do-pastel

https://www.em.com.br/gerais/2025/11/7292780-caso-alice-rei-do-pastel-diz-que-colabora-com-a-policia.html

https://www.alterosa.com.br/programas/alterosa-alerta/garcons-apontados-como-assassinos-de-trans-na-savassi/

https://www.otempo.com.br/cidades/2025/11/14/caso-alice-enquanto-nao-houver-prisoes-a-familia-nao-vai-se-sentir-segura-diz-advogado

https://www.otempo.com.br/cidades/2025/11/14/vida-nao-tem-preco-diz-prima-de-alice-mulher-trans-morta-apos-sair-do-rei-do-pastel

https://contigo.com.br/noticias/noticias/reviravolta-audios-revelam-a-verdade-sobre-morte-de-mulher-trans-em-bh-sem-pagar.phtml

https://www.otempo.com.br/cidades/2025/11/14/caso-alice-rei-do-pastel-se-pronuncia-apos-agressao-e-morte-de-mulher-trans-veja

https://www.cnnbrasil.com.br/nacional/sudeste/mg/rei-do-pastel-se-manifesta-apos-morte-de-mulher-trans-por-divida-de-r-22/

https://bhaz.com.br/noticias/missa-mulher-trans-morta-bh/

https://www.otempo.com.br/cidades/2025/11/14/espancamento-rei-do-pastel-investigacao-veja-o-que-se-sabe-sobre-morte-de-mulher-trans-em-bh

https://bhaz.com.br/noticias/rei-do-pastel-mulher-trans-morta-bh/

https://bhaz.com.br/noticias/bh/mulher-trans-morta-bh-bares-savassi/

https://www.otempo.com.br/cidades/2025/11/14/morte-de-alice-evidencia-violencia-contra-pessoas-trans-sao-mortas-nas-ruas-diz-pesquisadora

https://noticias.uol.com.br/cotidiano/ultimas-noticias/2025/11/14/mulher-trans-e-espancada-e-morta-por-divida-de-r-22-em-bar-em-mg.htm

https://www.itatiaia.com.br/brasil/sudeste/mg/morte-de-alice-policia-confirma-que-mulher-trans-foi-perseguida-e-teve-o-intestino-perfurado

https://www.otempo.com.br/cidades/2025/11/14/caso-alice-agressoes-contra-mulher-trans-so-cessaram-com-a-chegada-de-um-motociclista

https://bhaz.com.br/noticias/mulher-trans-morta-savassi-bh-motoqueiro/

https://jornaldebrasilia.com.br/noticias/brasil/mulher-trans-foi-espancada-e-morta-por-suposta-divida-de-r-22-em-bar-de-bh/

https://revistaforum.com.br/lgbt/2025/11/15/mulher-trans-assassinada-em-bh-teria-sido-morta-por-conta-de-r-22-em-pastelaria-diz-investigao-192187.html

https://www.noticiasaominuto.com.br/justica/2332664/mulher-trans-foi-espancada-e-morta-por-suposta-divida-de-r-22-em-bar-de-bh

https://www.itatiaia.com.br/brasil/sudeste/mg/trans-assassinada-em-bh-ja-tinha-sofrido-preconceito-em-bar-da-savassi-em-bh

https://www.cnnbrasil.com.br/nacional/sudeste/mg/mg-policia-identifica-agressores-de-mulher-trans-crime-ocorreu-por-divida/

https://noticias.uol.com.br/cotidiano/ultimas-noticias/2025/11/14/mulher-trans-e-espancada-e-morta-por-divida-de-r-22-em-bar-em-mg.amp.htm

https://www.itatiaia.com.br/brasil/sudeste/mg/caso-alice-trans-so-nao-morreu-durante-espancamento-em-bh-porque-motociclista-interveio

https://www.otempo.com.br/cidades/2025/11/13/mulher-trans-teria-sido-morta-por-funcionarios-de-bar-por-nao-pagar-conta-de-r-22

https://www.em.com.br/gerais/2025/11/7292516-caso-alice-mulher-foi-agredida-por-divida-mas-violencia-indica-transfobia.html

https://g1.globo.com/mg/minas-gerais/noticia/2025/11/14/o-que-se-sabe-sobre-o-caso-de-alice-a-mulher-trans-espancada-em-bh.ghtml

https://g1.globo.com/mg/minas-gerais/noticia/2025/11/14/homem-velho-que-fica-vestindo-de-mulher-pode-entrar-em-banheiro-feminino-policia-investiga-denuncia-de-transfobia-video.ghtml

https://cidadeverde.com/noticias/445559/irma-de-mulher-trans-morta-em-bh-denuncia-crime-de-odio-e-pede-justica

https://www.cnnbrasil.com.br/nacional/sudeste/mg/mg-audios-revelam-que-mulher-trans-pode-ter-sido-morta-por-divida-de-r-22/

https://www.otempo.com.br/cidades/2025/11/14/policia-civil-identifica-dois-funcionarios-suspeitos-de-agredir-mulher-trans-na-savassi

https://g1.globo.com/mg/minas-gerais/noticia/2025/11/13/policia-prende-suspeitos-de-agredirem-mulher-trans-na-savassi-vitima-morreu-dias-depois.ghtml

https://www.esquerdadiario.com.br/Sera-que-uma-transexual-nao-tem-direito-a-viver

https://piatafm.com.br/transexual-nao-tem-direito-de-viver-em-paz-desabafa-pai-de-mulher-brutalmente-assassinada/

https://www.bandab.com.br/nacional/mulher-trans-morre-pai-lamenta-violencia/

https://plox.com.br/noticia/11/11/2025/mulher-trans-morta-agressao-savassi-bh

https://www.alterosa.com.br/programas/alterosa-alerta/pai-de-trans-morta-ela-era-minha-melhor-amiga/

https://www.otempo.com.br/cidades/2025/11/11/quem-era-alice-mulher-trans-que-morreu-apos-ser-espancada-em-bh-e-que-sonhava-com-amor-e-liberdade

https://contigo.com.br/noticias/noticias/pai-de-mulher-trans-morta-choca-com-revelacao-e-lamenta-nao-tem-direito-a-viver.phtml

https://revistaforum.com.br/lgbt/2025/11/11/video-emocionante-depoimento-do-pai-que-teve-filha-trans-assassinada-em-bh-191842.html

https://www.correiobraziliense.com.br/brasil/2025/11/amp/7290044-transexual-nao-tem-direito-de-viver-em-paz-desabafa-pai-de-mulher-morta.html

https://www.itatiaia.com.br/brasil/sudeste/mg/modelo-trans-camila-mantovani-lamenta-morte-de-alice-e-cobra-justica-poderia-ter-sido-eu

https://revistaforum.com.br/lgbt/2025/11/11/video-emocionante-depoimento-do-pai-que-teve-filha-trans-assassinada-em-bh-191842.html

https://www.itatiaia.com.br/brasil/sudeste/mg/estou-com-medo-pai-de-mulher-trans-morta-em-bh-relata-que-filha-pressentia-algo-ruim

https://aratuon.com.br/seguranca/transexual-nao-tem-direito-a-viver-questiona-pai-de-vitima-de-agressao

https://www.itatiaia.com.br/brasil/sudeste/mg/caso-alice-desabafo-do-pai-da-trans-morta-em-bh-causa-comocao-e-repercute-nacionalmente

https://www.folhamax.com/amp/mundo/mulher-trans-morre-dias-apos-ser-espancada-na-rua/522022

https://sampi.net.br/ovale/noticias/2941692/geral/2025/11/que-odio-e-esse-diz-pai-de-mulher-trans-assassinada

https://contilnetnoticias.com.br/2025/11/transexual-nao-tem-direito-de-viver-em-paz-desabafa-pai-de-mulher-morta/

https://noticias.r7.com/minas-gerais/cidade-alerta/video/corpo-de-mulher-trans-agredida-em-bar-de-belo-horizonte-e-enterrado-10112025/

https://www.bol.uol.com.br/noticias/2025/11/10/mulher-trans-bh.htm

https://noticias.uol.com.br/cotidiano/ultimas-noticias/2025/11/10/mulher-trans-bh.htm

https://www.alvoradafm.com.br/noticias/detalhe/mulher-trans-morre-apos-ser-espancada-em-bh-ODAzNTY=

https://www.itatiaia.com.br/brasil/sudeste/mg/mulher-trans-morre-apos-ser-espancada-ao-sair-de-bar-na-savassi

https://www.itatiaia.com.br/brasil/sudeste/mg/perdi-minha-amiga-diz-pai-de-mulher-trans-assassinada-na-savassi-em-bh

https://bh24horas.com.br/noticias/policial/mulher-trans-morre-18-dias-apos-ser-espancada-na-savassi-em-bh/

https://www.em.com.br/gerais/2025/11/7289337-transexual-nao-tem-direito-de-viver-em-paz-desabafa-pai-de-mulher-morta.html

https://g1.globo.com/mg/minas-gerais/noticia/2025/11/10/mulher-trans-morre-dias-apos-ser-espancada-na-savassi-em-bh.ghtml

https://www.em.com.br/gerais/2025/11/7289064-mulher-trans-agredida-na-savassi-sera-sepultada-nesta-segunda-10-11.html

https://noticias.r7.com/minas-gerais/corpo-de-mulher-trans-que-morreu-apos-ser-agredida-sera-enterrado-nesta-segunda-10-em-bh-10112025/

https://www.otempo.com.br/super-noticia/crimes/2025/11/10/velorio-de-mulher-trans-e-marcado-por-revolta-era-minha-melhor-amiga-que-odio-e-esse-diz-pai

https://www.terra.com.br/noticias/brasil/cidades/mulher-trans-morre-dias-apos-ser-espancada-na-rua-em-bh,92e55d013b48a1b01be6b370081a3bbaqylrbqh7.html

https://www.otempo.com.br/super-noticia/crimes/2025/11/10/caso-alice-mulher-trans-foi-agredida-tres-dias-depois-da-morte-por-espancamento-de-christina

https://bhaz.com.br/noticias/bh/morte-mulher-trans-espancada-savassi-bh/

https://g1.globo.com/mg/minas-gerais/noticia/2025/11/10/mulher-trans-morre-dias-apos-ser-espancada-na-savassi-em-bh.ghtml

https://www.itatiaia.com.br/brasil/sudeste/mg/mulher-trans-morre-apos-ser-espancada-ao-sair-de-bar-na-savassi

https://noticias.r7.com/minas-gerais/corpo-de-mulher-trans-que-morreu-apos-ser-agredida-sera-enterrado-nesta-segunda-10-em-bh-10112025/

https://www.otempo.com.br/super-noticia/crimes/2025/11/10/velorio-de-mulher-trans-e-marcado-por-revolta-era-minha-melhor-amiga-que-odio-e-esse-diz-pai

https://www.cnnbrasil.com.br/nacional/sudeste/mg/mulher-trans-morre-apos-ser-agredida-ao-sair-de-bar-em-mg/

https://www.em.com.br/gerais/2025/11/7288693-mulher-trans-agredida-na-savassi-morre-em-bh.html

https://bhaz.com.br/noticias/bh/morte-mulher-trans-espancada-savassi-bh/

https://www.gazetadevarginha.com.br/post/mulher-trans-morre-ap%C3%B3s-ser-espancada-na-savassi-caso-ser%C3%A1-investigado-como-feminic%C3%ADdio

https://bhaovivo.com.br/seguranca/53619/

https://www.instagram.com/p/DRnws1kAANe/

https://www.instagram.com/futrikei/p/DRHuaRmjiwS/

https://www.instagram.com/reel/DQ8GiLyEZw5/

https://www.threads.com/@otempo/post/DRnw2t3jmUT/procedimento-o-corpo-de-alice-martins-mulher-trans-morta-aos-anos-apos-ser

https://www.facebook.com/portalotempo/posts/procedimentocaso-alice-martins-corpo-de-mulher-trans-n%C3%A3o-passou-por-necr%C3%B3psia-di/1163244289340896/

https://www.youtube.com/watch?v=08KgvJQOf-U

https://www.youtube.com/watch?v=nyftHHj3_HA

https://www.youtube.com/watch?v=7dLH50z57tQ

https://www.youtube.com/watch?v=bSqVb4YEY1Q

https://www.youtube.com/watch?v=8rx3MD3stRg","Alice Martins Alves died in hospital  on 9 Nov 2025. Ttwo weeks earlier she had been attacked while leaving a bar  in Belo Horizonte, Minas Gerais (Brazil).

She was 33. #SayHerName #TransLivesMatter #TDoR",https://tdor.translivesmatter.info/reports/2025/11/09/alice-martins-alves_belo-horizonte-minas-gerais-brazil_b3424a62,qrcodes/b3424a62.png
Débora (""La Pajarita""),,,photos/2025_11_09_Debora-La-Pajarita.jpg,https://www.radiopichincha.com/transfemicidio-la-pajarita-ecuador-2025/,thumbnails/2025_11_09_Debora-La-Pajarita.jpg,9 Nov 2025,,Bolívar,Ecuador,EC,-1.50141497,-79.25535823,violence,tortured and murdered,"Débora's body was found with signs of violence a day after she had gone missing. She may have been kidnapped and killed by individuals attempting to extort money from her.

> The murder of Débora, known as ""La Pajarita,"" has reignited concerns about extreme violence against transgender women in Ecuador. After disappearing in Los Ríos province, her body was found in Bolívar province with preliminary signs of torture.
> 
> Débora, known online as “La Pajarita,” was found dead on November 9th on the Echandía–Caluma road in Bolívar province. Her disappearance had been reported the day before by activist groups in Los Ríos. The case, being investigated as a possible transfemicide, once again highlights the extreme violence faced by trans women in the country.
> 
> The information was confirmed by Diane Rodríguez, a member of the Silueta X organization. She has accompanied Débora since 2021, when the young woman suffered an attack in her hometown of Ventanas.
> 
> In the early hours of November 8, trans groups in the Los Ríos region alerted Silueta X about Débora's disappearance. From that moment, the Runa Sipiy Observatory—which records acts of violence against LGBTIQ+ people—activated a follow-up on the case.
> 
> Less than 24 hours later, the young woman's body was found in Bolívar, far from her hometown. According to Rodríguez, preliminary data gathered by local organizations indicates that the victim was tortured before being murdered. However, the official autopsy report has not yet been released.
> 
> Rodríguez explains that many attacks occur within a context of widespread insecurity. People with low economic exposure can be mistakenly perceived as having resources. In Débora's case, her activity on TikTok—where she shared humorous content and glimpses into her daily life—may have been interpreted that way by criminal groups, although the organization rules out the possibility that she had a high income.
> 
> “These cases are not related to organized crime on the part of the victims,” Rodríguez states. “They also affect shopkeepers and low-income individuals, who become targets of extortion and kidnapping.”

https://www.radiopichincha.com/transfemicidio-la-pajarita-ecuador-2025/

https://x.com/radio_pichincha/status/1987720951685943754","Débora's body was found with signs of violence in Bolívar (Ecuador) on 9 Nov 2025 - a day after she had gone missing.

She may have been kidnapped and killed by individuals attempting to extort money from her. #SayHerName #TransLivesMatter #TDoR",https://tdor.translivesmatter.info/reports/2025/11/09/debora-la-pajarita_bolivar-ecuador_75c5dc27,qrcodes/75c5dc27.png
Dollar,,,,,trans_flag.jpg,9 Nov 2025,,"Lakki Marwat, Khyber Pakhtunkhwa",Pakistan,PK,32.74871664,70.75394737,violence,shot,"Dollar was one of two trans persons shot dead by armed assilants in the same attack.

> LAKKI MARWAT: Unidentified gunmen killed two transgender persons in the Serai Naurang town of Lakki Marwat district on Sunday night.
> 
> Police said that Zakir Khan, 34, a resident of Kakki Jan Naurang and [deadname] alias Dollar, a resident of Mardan, were living in a rented room near the fruit and vegetable market.
> 
> They said both of them along with another companion, [deadname] alias Khattaki, a resident of Mumbatti Kallay Karak, had hired the room to arrange music concerts there.
> 
> The police said armed suspects shot dead both of them inside the room and escaped.
> 
> Rafiullah, 48, a brother of deceased Zakir, told police that he was at home when someone informed him that his [sibling] along with a companion had been murdered inside their room in the Naurang area.
> 
> He said he immediately reached the Tehsil Headquarters Hospital where he found the bodies lying in the emergency ward. He told police that his family had no enmity with anyone.
> 
> Police said they had registered a case against unknown killers under relevant sections of law and began an investigation.

https://www.dawn.com/news/1954359

https://tnnenglish.com/two-transgender-individuals-shot-dead-in-lakki-marwat-as-violence-against-community-surges-across-kp

https://thecurrent.pk/two-transgender-persons-killed-in-serai-naurang

https://www.dawn.com/news/1954359/two-transgender-persons-gunned-down-in-lakki","Dollar was one of two trans persons shot dead by armed assilants in the same attack in Lakki Marwat, Khyber Pakhtunkhwa (Pakistan) on 9 Nov 2025. #SayHerName #TransLivesMatter #TDoR",https://tdor.translivesmatter.info/reports/2025/11/09/dollar_lakki-marwat-khyber-pakhtunkhwa-pakistan_b4ff6a6b,qrcodes/b4ff6a6b.png
Zakir Khan,34,,,,trans_flag.jpg,9 Nov 2025,,"Lakki Marwat, Khyber Pakhtunkhwa",Pakistan,PK,32.74871664,70.75394737,violence,shot,"Zakir was one of two trans persons shot dead by armed assilants in the same attack.

> LAKKI MARWAT: Unidentified gunmen killed two transgender persons in the Serai Naurang town of Lakki Marwat district on Sunday night.
> 
> Police said that Zakir Khan, 34, a resident of Kakki Jan Naurang and [deadname] alias Dollar, a resident of Mardan, were living in a rented room near the fruit and vegetable market.
> 
> They said both of them along with another companion, [deadname] alias Khattaki, a resident of Mumbatti Kallay Karak, had hired the room to arrange music concerts there.
> 
> The police said armed suspects shot dead both of them inside the room and escaped.
> 
> Rafiullah, 48, a brother of deceased Zakir, told police that he was at home when someone informed him that his [sibling] along with a companion had been murdered inside their room in the Naurang area.
> 
> He said he immediately reached the Tehsil Headquarters Hospital where he found the bodies lying in the emergency ward. He told police that his family had no enmity with anyone.
> 
> Police said they had registered a case against unknown killers under relevant sections of law and began an investigation.

https://www.dawn.com/news/1954359

https://tnnenglish.com/two-transgender-individuals-shot-dead-in-lakki-marwat-as-violence-against-community-surges-across-kp

https://thecurrent.pk/two-transgender-persons-killed-in-serai-naurang

https://www.dawn.com/news/1954359/two-transgender-persons-gunned-down-in-lakki","Zakir was one of two trans persons shot dead by armed assilants in the same attack in Lakki Marwat, Khyber Pakhtunkhwa (Pakistan) on 9 Nov 2025.

They were 34. #SayTheirName #TransLivesMatter #TDoR",https://tdor.translivesmatter.info/reports/2025/11/09/zakir-khan_lakki-marwat-khyber-pakhtunkhwa-pakistan_dae330df,qrcodes/dae330df.png
Sol Millacura Hernández Márquez,,,photos/2025_11_11_Sol-Millacura-Hernandez-Marquez.jpg,https://regionalista.cl/2025/11/fa-inicia-investigacion-tras-suicidio-de-periodista-militante-que-denuncio-transfobia-laboral/,thumbnails/2025_11_11_Sol-Millacura-Hernandez-Marquez.jpg,11 Nov 2025,,Valparaíso,Chile,CL,-33.04745981,-71.61225124,suicide,suicide,"Sol was a nonbinary journalist. Their suicide came after they had  been dismissed by their employer for reporting workplace transphobia.

> El Movimiento de Integración y Liberación Homosexual (Movilh) deeply regrets and expresses its greatest concern for the death of journalist and Frente Amplio activist Sol Millacura Hernández Márquez, who took their own life on November 11 after discrimination by the Valparaíso Health Authority based on gender identity and expression.
> 
> In their lawsuit against the Valparaíso Regional Health Authority, Hernández Márquez denounced violations of fundamental rights, unjustified dismissal, and discrimination based on gender identity.
> 
> According to El Mercurio de Valparaíso, in their lawsuit the journalist stated that ""Pamela Ampuero, who was the Chief of Staff, told me that on at least one occasion the regional secretary Lorena Cofré had asked her to speak with me so that I would not wear certain clothes.""
> 
> El Movimiento de Integración y Liberación Homosexual (Movilh) deeply regrets and expresses its greatest concern for the death of journalist and Frente Amplio activist Sol Millacura Hernández Márquez, who took their own life on November 11 after discrimination by the Valparaíso Health Authority based on gender identity and expression.
> 
> The available information indicates that Millacura Hernández was dismissed on March 7 from the Seremi de Salud, directed by Lorena Cofré, despite the fact that they were going through a delicate health process and had warned about work situations that directly affected their well-being. In their lawsuit againegional secretary Lorena Cofré had asked her to speak with me so that I would not wear certain clothes.""

Sol's LinkedIn profile is https://www.linkedin.com/in/sol-millakura-hern%C3%A1ndez-m%C3%A1rquez-4686662a9/.

https://regionalista.cl/2025/11/fa-inicia-investigacion-tras-suicidio-de-periodista-militante-que-denuncio-transfobia-laboral/

https://www.movilh.cl/periodista-se-suicida-tras-denunciar-a-la-seremi-de-salud-de-valparaiso-por-transfobia-laboral/

https://www.facebook.com/magdalena.saavedram/posts/pfbid02zL8YFRfjrKZ6nkWYrMhDahN3DhfWBSvJQXjnF3VTovU8nBWCmjcTcBDrMnhKhpWel","Sol Millacura Hernández Márquez was a nonbinary journalist who had been dismissed by their employer after reporting workplace transphobia.

They died by suicide in Valparaíso (Chile) on 11 Nov 2025. #SayTheirName #TransLivesMatter #TDoR",https://tdor.translivesmatter.info/reports/2025/11/11/sol-millacura-hernandez-marquez_valparaiso-chile_2a524e6f,qrcodes/2a524e6f.png
Francisco Herrera (""La Tite""),49,,,https://diarioavance.com/asesinan-a-golpes-a-transgenero/,trans_flag.jpg,12 Nov 2025,,"Caicara de Maturín, Monagas",Venezuela,VE,9.81235636,-63.61469882,violence,beaten and stabbed,"Francisco was killed while walking back to their home.

*[Editor's Note: It is not clear how the victim identified. News reports describe them as a ""transgender man"", but this is not confirmed. Because of this, gender neutral pronouns have been used in this report, and a photo omitted.]*

> A 49-year-old [person], a member of the LGBT community, died after suffering a violent attack. The victim, identified as Francisco Herrera, died after receiving a brutal beating, during which [they were] also stabbed.
> 
> Herrera, known as “La Tite,” was murdered on Wednesday night, November 12. According to reports, [they were] intercepted by several men in the Bella Vista sector of Caicara de Maturín, in Monagas state.
> 
> It was learned that shortly before the incident, the victim, who belonged to the LGBTQ+ community, had been socializing with friends at a nightclub, but left midway through the evening to go home. While walking back to [their] residence, [they were] attacked by the assailants. Herrera received a severe beating and also several stab wounds, which left [them] dying in the middle of the street .
> 
> So far, police authorities in that region do not know the motives for the attack or the whereabouts of the killers.
> 
> Francisco Herrera, nicknamed ""La Tite,"" is the second person belonging to the LGBT community in the municipality of Cedeño to be murdered this year, according to information from the Crónica Col website. The first victim was murdered on September 6, and was identified as [[deadname] Arasme, 29 years old, known as ""La Churris""](https://tdor.translivesmatter.info/reports/2025/09/07/churris-arasme_cedeno-monagas-venezuela_c6d9f048).

https://diarioelregionaldelzulia.com/asesinan-a-golpes-a-un-transgenero-en-maturin/

https://2001online.com/sucesos/violento-asesinato-de-hombre-transgenero-cicpc-investiga-el-crimen-de-francisco-herrera-202511149430

https://lapatilla.com/2025/11/14/los-detalles-del-violento-asesinato-de-un-hombre-transgenero-en-maturin/

https://lacalle.com.ve/a-golpes-y-punaladas-mataron-a-un-travesti-en-monagas/

https://noticialdia.com/sucesos/a-golpes-y-punaladas-mataron-a-hombre-transgenero-en-maturin/

https://lacalle.com.ve/a-golpes-y-punaladas-mataron-a-un-travesti-en-monagas/

https://diarioavance.com/asesinan-a-golpes-a-transgenero/

https://www.facebook.com/diariotendenciasorinoco/posts/pfbid02QpWyc5NVyhb1xX7zEgtB1A5i6DegErD2F1RC1QcZUv4CkTqmYrhtB3pPK5caTiybl

https://www.facebook.com/Jisowstreams/posts/pfbid02YdxX1Z2kZsgi8kLYjAr3Z5F6aWmiUR4BxDap4ZNL3Tph1ve7Ni3e3Th58WvRQSawl

https://www.facebook.com/ojedanoticias/posts/pfbid02q1YGVkT8jxvNKqtJxrCLzAamFg6WvNSNfqj8hUGmVPGRtuWcKeTEfyD1Zmu7SzMql

https://www.facebook.com/permalink.php?story_fbid=pfbid03KZJDEhyHaaosE21qMymVNEEbz5H8FqDq8N5TJpAWCySA3xMD94YrTPW4kPhHH4sl&id=100063543789218

https://www.facebook.com/Maturinnews/posts/pfbid02gobtEXKJuWm3Mrgp7erVkoRoMfpDiYENenbrFwercvwKGvhzGPsak1PwFnc1G21jl

https://www.facebook.com/noticiaaldia/posts/pfbid02vXCTQCCZvDLcQ6UBNyFhmh4JA3mXAnhXh9iPDDbVdegK385r3QwBWLTbeeN5BUWil

https://www.facebook.com/permalink.php?story_fbid=pfbid0hJ7C3sqkUy6he2FnckFPukc2gFMpnXoJRuVUKb4twzUZLCCAevb7SvgivKaj6tKSl&id=100063679481311

https://www.facebook.com/reel/1206515081347289","Francisco Herrera was killed while walking back to their home in Caicara de Maturín, Monagas (Venezuela) on 12 Nov 2025.

Theey were 49. #SayTheirName #TransLivesMatter #TDoR",https://tdor.translivesmatter.info/reports/2025/11/12/francisco-herrera-la-tite_caicara-de-maturin-monagas-venezuela_fd5725b1,qrcodes/fd5725b1.png
Bianca Zanotto Filho,41,,,,trans_flag.jpg,13 Nov 2025,,"Lages, Santa Catarina",Brazil,BR,-27.83761434,-50.35572832,custodial,suffocated,"Bianca's body was found dead in her cell in Presídio Masculino de Lages - a men's prison. Two other inmates confessed to killing her.

> A female inmate identified by the social name Bianca Zanotto Filho, 41 years old, was found dead in the early hours of Thursday morning, November 13th, in Presídio Masculino de Lages [Lages Men's Prison] in the Serra region of Santa Catarina.
> 
> The death was discovered around 6 a.m., during the opening of the cells. Prison officers noticed that Bianca was lying on the floor, unresponsive, and immediately called SAMU (the emergency medical service). The medical team confirmed the death inside the cell designated for LGBTQIAPN+ inmates, where Bianca had been serving her sentence for approximately six months.
> 
> Bianca was originally from Balneário Camboriú and had a criminal record for theft and robbery. She was known in the prison system by the nickname Bianca.
> 
> During the inmates' conference, two prisoners spontaneously confessed to the homicide: Lucas da Silva Nunes and Vitor Isaque Tavares Peres. According to the internal record, Lucas had injuries all over his body, possibly resulting from a fight during the early morning hours. Both were placed in solitary confinement.
> 
> Preliminary investigations indicate that the crime occurred around midnight. The main suspicion is death by suffocation, however the official cause will be confirmed by the report from the Institute of Forensic Medicine (IML). The Scientific Police conducted a complete forensic examination of the cell and the entire gallery. The Civil Police opened an investigation to determine the dynamics of the crime, the motive, and all the circumstances surrounding the homicide.

https://noticiahoje.net/detenta-trans-e-encontrada-morta-em-cela-no/","The body of Bianca Zanotto Filho was found in her cell in Presídio Masculino de Lages - a men's prison - in Lages, Santa Catarina (Brazil) on 13 Nov 2025. Two other inmates confessed to killing her.

She was 41. #SayHerName #TransLivesMatter #TDoR",https://tdor.translivesmatter.info/reports/2025/11/13/bianca-zanotto-filho_lages-santa-catarina-brazil_5bf6682b,qrcodes/5bf6682b.png
Glenda Beatriz,21,,photos/2025_11_14_Glenda-Beatriz.jpg,https://www.diariodepernambuco.com.br/vida-urbana/2025/11/11700608-mulher-trans-e-encontrada-morta-dentro-de-cisterna-em-abreu-e-lima-companheiro-confessa-o-crime.html,thumbnails/2025_11_14_Glenda-Beatriz.jpg,14 Nov 2025,,"Abreu e Lima, Pernambuco",Brazil,BR,-7.90545922,-34.90441908,violence,stabbed,"Glenda was found dead inside a water tank at her boyfriend's home six days after going missing. Under investigation, he confessed to killing her.

> A trans woman identified as Glenda Beatriz, 21, was found dead inside a cistern in Abreu e Lima, in Greater Recife, this Friday (14). The young woman had been missing since last Saturday (8). Her partner, whose identity was not disclosed, confessed to the crime.
> 
> The victim met her boyfriend online in September and they had a romantic relationship. She left her parents' house, where she lived, to meet her boyfriend, who presented himself as a tattoo artist, on the day she disappeared. After his daughter's disappearance, her father began searching for her and discovered where his son-in-law lived, in the rural area of Abreu e Lima.
> 
> In conversation with the suspect's neighbors, the victim's father discovered that the suspect had painted the cistern where Glenda was. The police were called and located the body, which was already decomposing, and the Fire Department went to the scene to remove it. Glenda was found under rubble.

https://www.leiaja.com/noticias/2025/11/15/mulher-trans-e-encontrada-morta-dentro-de-cisterna-em-abreu-e-lima/

https://www.diariodepernambuco.com.br/vida-urbana/2025/11/11700608-mulher-trans-e-encontrada-morta-dentro-de-cisterna-em-abreu-e-lima-companheiro-confessa-o-crime.html

https://jc.uol.com.br/tv-jornal/noticias/2025/11/14/mulher-trans-desaparecida-e-encontrada-morta-em-abreu-e-lima-suspeito-confessou-o-crime.html","Glenda Beatriz was found dead inside a water tank at her boyfriend's home on Abreu e Lima, Pernambuco (Brazil) on 14 Nov 2025.

She was 21 and had been missing for six days. #SayHerName #TransLivesMatter #TDoR",https://tdor.translivesmatter.info/reports/2025/11/14/glenda-beatriz_abreu-e-lima-pernambuco-brazil_4214f1cf,qrcodes/4214f1cf.png
Girlalala,21,,photos/2025_11_15_Girlalala.jpg,https://poprant.indiatimes.com/trending/trans-influencer-girlalala-fatally-shot-by-boyfriend-at-21-rapper-jt-shares-moving-tribute-donates-over-13500-to-her-gofundme-675554.html,thumbnails/2025_11_15_Girlalala.jpg,15 Nov 2025,,"Tampa, Florida",USA,US,27.95194043,-82.45910602,violence,shot,"Girlalala was a hairstylist, content creator and influencer with a large online following. She died after being shot in her apartment by her boyfriend.

> Girlalala tragically died at the age of 21 after being fatally shot in her apartment in Florida. Her boyfriend, Shanoyd Whyte, was arrested in connection with her death and faces charges of premeditated first-degree murder with a firearm. Reports suggest that the shooting followed a domestic dispute, with previous social media posts indicating a history of tension in their relationship. The news of her passing has shocked her fans and the online community, prompting an outpouring of grief and support, including a GoFundMe campaign that has raised over $19,000 to assist with funeral expenses and honour her memory.
> 
> Taking to her Instagram shortly after news of Girlalala’s death went viral, JT shared a heartfelt post, writing, ""Rest in peace, beautiful Girlalala! We love you, and Heaven will never be boring now that you’re there. Your boldness, energy, humour, and beauty will be missed! You never missed a chance to show me love, and for that, I’m forever grateful. I’m so sorry this happened to you. We have to stop thinking things are funny just because of the way the story is told. If you see content about domestic violence, don’t laugh—especially because it involves a Black trans woman. We have a way of laughing through our pain because we’ve been conditioned to be treated as a joke."" She also urged fans to donate to her GoFundMe, writing, ""if you can donate $5.00, donate,"" followed by the hashtag #protecttranswomen.""
> 
> Girlalala was also a hairstylist and content creator who had built a loyal following online. On TikTok, she had over 263,000 followers, while her Instagram accounts — @_girlalalala and @therealgirlalala — had 37,000 and 41,000 followers, respectively. She also ran a YouTube channel, LifeWgirlalala, where she shared glimpses of her life and her work as a hairstylist. Fans admired her for her bold personality, sense of humour, and authenticity, especially as a Black trans woman navigating her world in the public eye. Her online presence was a mix of creativity, personal stories, and unapologetic self-expression, which resonated with many of her followers.

Shanoyd Whyte was arrested on charges of first degree murder.


Girlalala reportedly had the support of her mother in her transition but not her father. Her funeral - which was organised by her mother - affirmed her identiity.

> *The public viewing for TikTok star and hairstylist Girlalala, held December 5 in Pompano Beach, Florida, has gone viral—largely due to her visible presentation inside what many online have dubbed a “glass casket.” The 21-year-old Black transgender woman was laid out in a pink Versace robe.
> 
> Before the viewing, Girlalala’s father strongly opposed a feminine presentation, reportedly demanding a more masculine look and even holding a separate private service. Her mother, however, went forward with the public memorial that honored her daughter’s identity.
> 
> The sight of her father tearfully comforting her mother at the casket drew mixed responses—some saw it as a moment of healing, others as a painful reminder of the earlier disagreement. Online critics labeled the father’s resistance as transphobic and said trans lives deserve dignity in death.
> 
> Local LGBTQ+ groups described Girlalala as a light in the community. Her visibility on TikTok gave confidence to young trans people navigating identity, beauty, and self-love. Her death has fueled calls for justice, both legally and socially.

Girlalala's Instagram and YouTube accounts are https://www.instagram.com/_girlalalala, https://www.instagram.com/therealgirlalala and https://www.youtube.com/@LifeWgirlalala.

https://eurweb.com/girlalala-funeral/

https://girlsunited.essence.com/feedback/girllala-trans-influencer-murder/

https://windycitytimes.com/2025/11/26/national-trans-woman-killed-trans-day-of-remembrance-barney-frank-queer-asian-bar-exhibition/

https://www.ebony.com/remembering-girlalala-black-trans-women-violence/

https://timesofindia.indiatimes.com/world/us-streamers/girlalala-fathers-video-stirs-huge-reaction-after-he-says-wig-at-funeral-goes-against-gods-plan/articleshow/125525374.cms

https://blavity.com/jt-donates-to-trans-tiktok-star-girlalalas-funeral

https://www.them.us/story/girlalala-killed-boyfriend-arrested-murder-jt-donation

https://www.yahoo.com/news/articles/black-trans-tiktok-star-girlalala-014633205.html

https://www.nbcmiami.com/news/local/girlalala-influencer-murder-911-calls-lauderdale-lakes/3723314/

https://www.gayemagazine.com/black-trans-tiktok-star-girlalala-shot-killed-by-boyfriend-rapper-jt-speaks-out-against-domestic-violence/

https://poprant.indiatimes.com/trending/trans-influencer-girlalala-fatally-shot-by-boyfriend-at-21-rapper-jt-shares-moving-tribute-donates-over-13500-to-her-gofundme-675554.html

https://thegrio.com/2025/11/19/jt-donates-to-tiktok-star-girlalalas-funeral-fund-speaks-out-against-violence-against-trans-women/

https://www.attitude.co.uk/news/tiktok-girlalalas-shooter-boyfriend-first%E2%80%91degree-murder-504240/

https://www.nbcnews.com/news/us-news/transgender-tiktok-influencer-shot-killed-florida-fight-boyfriend-offi-rcna244790

http://nbcmiami.com/news/local/tiktok-influencer-girlalala-arrest-document-details/3722783/

https://www.newsnationnow.com/entertainment-news/tiktok-influencer-girlalala-killed-boyfriend-arrested/amp/

https://www.thepinknews.com/2025/11/18/boyfriend-arrested-after-trans-tiktok-star-shot-dead/

https://www.tmz.com/2025/11/18/girlalala-dead-tiktok-boyfriend-arrested-murder/

https://www.the-independent.com/news/world/americas/crime/girlalala-tiktoker-dead-shanoyd-whyte-b2867326.html

https://www.nbcmiami.com/news/local/man-arrested-in-murder-of-tiktok-influencer-girlalala-in-lauderdale-lakes-bso/3722153/

https://hoodline.com/2025/11/lauderdale-lakes-transgender-tiktok-star-murdered-suspect-charged-with-first-degree-murder-amid-allegations-of-domestic-abuse/

https://wsvn.com/news/local/broward/bso-lauderdale-lakes-man-charged-with-first-degree-murder-in-fatal-shooting-of-transgender-woman/

https://www.local10.com/news/2025/11/17/broward-deputies-release-information-about-transgender-womans-murder/

https://amp.miamiherald.com/news/local/crime/article312953131.html

https://bocanewsnow.com/2025/11/17/north-broward-transgender-woman-shot-killed/

https://www.facebook.com/fania.leslie/posts/pfbid0WW1MJTE1pQA7LS3JnBftTQpYUMFj9kMdTiCMAMMM8dNz5cDpR6DcfPnyW2RLHw1Dl

https://www.instagram.com/p/DRF_l7gjdoh/

https://www.instagram.com/reels/DRgGTbaiaFN/

https://www.gofundme.com/f/maurice-j-harrison-aka-girlalala","Girlalala died after being shot by her boyfriend in Tampa, Florida (USA) on 15 Nov 2025.

She was 21, and a hairstylist, content creator and influencer with a large online following. #SayHerName #TransLivesMatter #TDoR",https://tdor.translivesmatter.info/reports/2025/11/15/girlalala_tampa-florida-usa_884556e8,qrcodes/884556e8.png
Bella,22,,photos/2025_11_17_Bella.jpg,https://x.com/bellabayleaf_/status/1983449836855931278,thumbnails/2025_11_17_Bella.jpg,17 Nov 2025,,"Canberra, Australian Capital Territory",Australia,AU,-35.27687958,149.129766,suicide,suicide,"Bella died by suicide.

> Bella. Age 22. November 17th. Location unknown. Suicide.
>
> I do not know her personally, but wish to simply add an entry if someone who does wants to add to it. Her main social page was @bellabayleaf_ on X.

*[Editor's Note: We do not know where Bella passed away, so the location given on this page is taken from her profile. If new information emerges, the locatiion will be updated.]*

Bella's Twitter and BluSky accounts are https://x.com/bellabayleaf_ and https://bsky.app/profile/bellabayleaf.bsky.social.

Her art can be found at https://ko-fi.com/bellabayleaf/gallery & https://cara.app/bellabayleaf/portfolio.

Source: email

https://bsky.app/profile/truegodfox.bsky.social/post/3m5vda2ig4s2u

https://bsky.app/profile/truegodfox.bsky.social/post/3m5vda2iurk2u

[CN: suicide note]
https://x.com/bellabayleaf_/status/1990419657778463055","Bella (@bellabayleaf) died by suicide on 17 Nov 2025.

She as 22. #SayHerName #TransLivesMatter #TDoR",https://tdor.translivesmatter.info/reports/2025/11/17/bella_canberra-australian-capital-territory-australia_9a3f28ae,qrcodes/9a3f28ae.png
Treinti,,,photos/2025_11_18_Treinti.jpg,https://x.com/juanapolitizada/status/1992722797299462625/photo/4,thumbnails/2025_11_18_Treinti.jpg,18 Nov 2025,,"Ciudad Evita, Buenos Aires",Argentina,AR,-34.72402948,-58.53909065,violence,run over,"Treinti died after being run over by a police patrol car which was reportedly driving at night without lights. The officer's involved have not been identified.

> On Tuesday night, November 18, a Buenos Aires Provincial Police patrol car ran over and killed trans photographer Treinti in Ciudad Evita. The information was shared by friends of the artist on social media, where they reported that the police vehicle was driving without lights at the time of the impact.
> 
> The allegations surrounding Treinti's death went viral among figures in the music and art world, with artists like Taichu, Lali, and BB Asul sharing the information and demanding that the case be brought to light by the media. Among their main demands, her family and friends are calling for the identification of the patrol car involved, the names of the officers present, and an update on the investigation.
> 
> Treinti was a renowned photographer in the Argentine music scene. Recently, she had photographed leading figures such as Ángela Torres, Cazzu, J Balvin, and Tiago PZK, among others.
> 
> “70% of the people I follow have a photo taken by her,” wrote singer Blair on social media, highlighting the complete lack of official information and media coverage. In addition to her profession, the young trans woman was known for her activism within the LGBTQ+ community .
> 
> The Women Photographers Collective released a statement asserting that “on November 18th of this year, she was run over and killed by a patrol car with its lights off.” They further stated that “ she was standing still, not crossing the street, nor in any other dangerous location .”
> 
> Regarding the events, they added that “the police removed the body and took it to a hospital.” They also reflected on the role of the media and the lack of coverage given to the issue: “Why aren’t the media talking about this? Who cares about trans lives?” they asked.

Treinti's Instagram profile is https://www.instagram.com/30y5mm/

https://periodismodeizquierda.com/no-es-un-policia-es-toda-la-institucion-justicia-por-sofia-fernandez-por-treinti-y-por-samu-tobares/

https://www.eldiariodelaregion.com.ar/articulo/tres-muertes-de-jovenes-lgbt-en-8-dias-involucran-a-policias-de-salta-cordoba-y-buenos-aires/

https://www.airedesantafe.com.ar/actualidad/denuncian-que-un-patrullero-atropello-y-mato-treinti-fotografa-trans-influencers-y-artistas-exigen-justicia-n637541

https://www.notaalpie.com.ar/2025/11/25/patrullero-atropello-a-treinti

https://www.laizquierdadiario.com/Denuncian-el-travesticidio-de-Treinti-una-fotografa-trans-que-fue-atropellada-por-la-Bonaerense

https://x.com/juanapolitizada/status/1992722797299462625

https://x.com/NathiGonzalezS/status/1992930946266587579

https://x.com/francotorchia_/status/1991982143233458537

https://x.com/blairbladdee/status/1992029905392210222

https://www.tiktok.com/@milky.dolly0/video/7575221591978642696","Treinti was a renowned photographer.

She died im Ciudad Evita, Buenos Aires (Argentina) on 18 Nov 2025 after being run over by a police patrol car which was reportedly driving at night without lights. #SayHerName #TransLivesMatter #TDoR",https://tdor.translivesmatter.info/reports/2025/11/18/treinti_ciudad-evita-buenos-aires-argentina_989a05ef,qrcodes/989a05ef.png
Afsana,,,,,trans_flag.jpg,20 Nov 2025,,"Hyderabad, Telangana",India,IN,17.4578948,78.3989527,suicide,suicide,"Afsana was one of three trans people who died after a self-immolation protest.

> Hyderabad: A transgender person who had allegedly self-immolated during a protest at Borabanda on Monday last week has succumbed while undergoing treatment at Gandhi Hospital on Tuesday morning. With this, the toll in the suicide case rose to three.
> 
> Earlier, two transgender persons, Afsana and [Heena](https://tdor.translivesmatter.info/reports/2025/11/23/heena_hyderabad-telangana-india_8f921768), who were admitted to the hospital, died on November 20 and 23.

https://telanganatoday.com/hyderabad-third-transgender-person-dies-after-self-immolation-protest-in-borabanda

https://www.en.etemaaddaily.com/world/hyderabad/third-transgender-dies-after-self-immolation-protest-in-borabanda:185246","Afsana died in hospital in Hyderabad, Telangana (India) on 20 Nov 2025 following a self-immolation protest as a result of whch two other #trans people also died. #SayHerName #TransLivesMatter #TDoR",https://tdor.translivesmatter.info/reports/2025/11/20/afsana_hyderabad-telangana-india_acf2dfac,qrcodes/acf2dfac.png
Jaiden Rae Detwiler (""Jade""),28,3 Aug 1997,photos/2025_11_21_Jaiden-Rae-Detwiler.jpg,https://mastodon.catgirl.cloud/@jadespace/115151159937500262,thumbnails/2025_11_21_Jaiden-Rae-Detwiler.jpg,21 Nov 2025,,"Düsseldorf, North Rhine-Westphalia",Germany,DE,51.22286017,6.77725767,suicide,suicide,"Jade was a software engineer who identified as tranarchist, pansexual, bisexual, neurodivergent and had recently migrated from the US to Germany.

She enjoyed listening to music and playing the guitar. Her friends created the https://farewell-jade.carrd.co/ memorial page for her.

Jade's Mastodon profile is https://mastodon.catgirl.cloud/@jadespace.

Source: email","Jaiden Rae Detwiler died by suicide in Düsseldorf (Germany) on 21 Nov 2025.

She was 28, and a software engineer who identified as tranarchist, pansexual, bisexual, neurodivergent. #SayHerName #TransivesMatter #TDoR",https://tdor.translivesmatter.info/reports/2025/11/21/jaiden-rae-detwiler-jade_dusseldorf-north-rhine-westphalia-germany_c09a0772,qrcodes/c09a0772.png
Nora Jane Jenneman,25,,photos/2025_11_21_Nora-Jane-Jenneman.jpg,https://givebutter.com/A5G68C,thumbnails/2025_11_21_Nora-Jane-Jenneman.jpg,21 Nov 2025,,"Salt Lake City, Utah",USA,US,40.76155956,-111.8928189,uncategorised,not reported,"Nora was an ice hockey player and freestyle skier who loved music and art. The [Nora Jenneman Scholarship Fund](https://givebutter.com/A5G68C) was set up in her memory.

The cause of her death was not reported.

> Nora Jane Jenneman passed away on November 21, 2025, at age 25.
> 
> Born February 9, 2000, in Grand Rapids, Michigan, Nora was such a loving person: kind, beautiful, easy, with a passion for nature, art, sports and a terrific sense of humor. She was incredibly affectionate, good-natured and also developed a fierce competitiveness as an athlete.
> 
> She was an exceptional ice hockey player and gave us many thrills watching her play over the years. Living in Salt Lake City the past few years, Nora began to ski more frequently and quickly found a new passion as a member of the Westminster University Freeski team. She loved her teammates and spending time in the mountains training. She was so happy to find a home and family at Westminster where she was pursuing a career with a purpose to care for, guide and support others, which she had already begun to excel in as part of her daily life.
> 
> Throughout her life, Nora appreciated many different types of music and art. Her drawings are intricate, unique, thought-provoking and sometimes very intense. But always meaningful art.
> 
> Nora was brave in every way. Not only as a fearless athlete, but even more so in how she never missed an opportunity to stand up for herself or her beliefs, even when the consequences of doing so were certain.
> 
> Her unique style and creative mind attracted people from all walks of life. She impacted so many people and taught us an immeasurable amount about acceptance, love, behavioral skills and self-awareness. Nora filled our hearts with so much, and we pray that we will continue to feel her positive energy and spirit throughout our lives, and that she will continue to feel our everlasting love for her.

> In lieu of flowers, please consider making a donation to the scholarship fund established in Nora's honor: https://givebutter.com/A5G68C.

https://www.legacy.com/us/obituaries/name/nora-jenneman-obituary?id=60335955

https://givebutter.com/A5G68C","Nora Jane Jenneman passed away in Salt Lake City, Utah (USA) on 21 Nov 2025.

She was 25 and was an ice hockey player and freestyle skier who loved music and art. The Nora Jenneman Scholarship Fund was set up in her memory. #SayHerName #TransLivesMatter #TDoR",https://tdor.translivesmatter.info/reports/2025/11/21/nora-jane-jenneman_salt-lake-city-utah-usa_914463f6,qrcodes/914463f6.png
Heena,,,,,trans_flag.jpg,23 Nov 2025,,"Hyderabad, Telangana",India,IN,17.4578948,78.3989527,suicide,suicide,"Heena was one of three trans people who died after a self-immolation protest.

> Heena, a 22-year-old transgender woman from Hyderabad, died after self-immolating during a protest at Borabanda bus stand. Eight others were injured. Police have arrested Monalisa, a transgender leader, in connection with the incident.
> 
> Hyderabad: A transgender [woman] who had self immolated during a protest at Borabanda on Monday last week died while undergoing treatment at Gandhi Hospital on Sunday early hours.
> 
> The transgender [woman] Heena (22), a resident of Borabanda along with a group of [trans people] held a protest at Borabanda bus stand demanding action against a transgender [person] who is a leader of another group.
>
> During the protest, a group of [trans people] doused themselves with petrol and set ablaze. Eight of them sustained burns and were shifted to Gandhi Hospital for treatment.
>
> On Sunday, Heena, who was admitted in the hospital, died on Sunday morning. Another transgender [person], [Neha](https://tdor.translivesmatter.info/reports/2025/11/25/navneetha_hyderabad-telangana-india_93634289), had passed away during treatment two days ago.

https://telanganatoday.com/hyderabad-transgender-protester-heena-dies-after-self-immolation","Heena died in hospital in Hyderabad, Telangana (India) on 23 Nov 2025 following a self-immolation protest as a result of whch two other #trans people also died. 

She was 22. #SayHerName #TransLivesMatter #TDoR",https://tdor.translivesmatter.info/reports/2025/11/23/heena_hyderabad-telangana-india_8f921768,qrcodes/8f921768.png
Navneetha,24,,,,trans_flag.jpg,25 Nov 2025,,"Hyderabad, Telangana",India,IN,17.4578948,78.3989527,suicide,suicide,"Navneetha was one of three trans people who died after a self-immolation protest.

> Hyderabad: A transgender person who had allegedly self-immolated during a protest at Borabanda on Monday last week has succumbed while undergoing treatment at Gandhi Hospital on Tuesday morning. With this, the toll in the suicide case rose to three.
> 
> The transgender person identified as Navneetha (24), a resident of Borabanda, along with a group of transgender persons, held a protest at Borabanda bus stand demanding action against a transgender person who is a leader of another group.
> 
> During the protest, a group of transgender people had doused themselves with petrol and set themselves ablaze. Eight of them had suffered burns and were shifted to Gandhi Hospital for treatment.
> 
> Earlier, two transgender persons, [Afsana](https://tdor.translivesmatter.info/reports/2025/11/20/afsana_hyderabad-telangana-india_acf2dfac) and [Heena](https://tdor.translivesmatter.info/reports/2025/11/23/heena_hyderabad-telangana-india_8f921768), who were admitted to the hospital, died on November 20 and 23.
> 
> Following a complaint, the Borabanda police had earlier arrested a transgender Monalisa last Wednesday and remanded her in judicial custody.

https://telanganatoday.com/hyderabad-third-transgender-person-dies-after-self-immolation-protest-in-borabanda

https://www.en.etemaaddaily.com/world/hyderabad/third-transgender-dies-after-self-immolation-protest-in-borabanda:185246","Navneetha died in hospital in Hyderabad, Telangana (India) on 25 Nov 2025 following a self-immolation protest as a result of whch two other #trans people also died.

She was 24. #SayHerName #TransLivesMatter #TDoR",https://tdor.translivesmatter.info/reports/2025/11/25/navneetha_hyderabad-telangana-india_93634289,qrcodes/93634289.png
Lilith Hailey,,,photos/2025_11_26_Lilith-Hailey.jpg,https://www.facebook.com/reel/913246471547459,thumbnails/2025_11_26_Lilith-Hailey.jpg,26 Nov 2025,,"Wise County, Virginia",USA,US,37.11128529,-82.54849877,custodial,unlawfully killed,"Lilith passed away after being forcibly restrained by prison guards. A medical examiner ruled her killing a homicide.

> ""Lilith"" Hailey was murdered by guards at Red Onion State Prison on November 26, 2025—shot with less-lethal rounds, tazed, pepper sprayed, and suffocated, before being left begging in restraints for hours by guards who told her to ""shut the fuck up"". The medical examiner ruled it homicide.
> 
> This Friday, UPROAR is rallying at VADOC Headquarters to demand justice for Lilith, Bobby Nicholson, Will McLean, Aubrey McKay, and all stolen lives.
> 
> We demand criminal charges for all officers involved, independent oversight with enforcement powers, the immediate firing of David Anderson, and the shutdown of Red Onion and Wallens Ridge prisons.

After the ruling Lilith's family received a wronful death settlement of $2.7 million.

https://www.wjhl.com/news/local/red-onion-state-prison-inmates-2025-death-ruled-homicide/

https://roanoke.com/news/state-regional/crime-courts/article_9f9485ec-1035-5cbb-a4e2-162f308b3df4.html

https://actionnetwork.org/petitions/press-charges-in-the-homicide-deaths-of-aubrey-mckay-and-michael-lilith-hailey-and-order-independent-outside-investigations-into-the-deaths-of-william-mclean-and-bobby-nicholson-jr

https://richmond.com/news/local/crime-courts/article_b6286d7f-b178-4527-8496-e3f1ecf4930a.html

https://www.facebook.com/TimesDispatch/posts/michael-hailey-died-in-november-2025-at-red-onion-state-prison-and-the-death-was/1672312231564781/

https://www.facebook.com/rikki0bella/posts/pfbid02hcibDbYougsbFKLuPWVwMuRwRX8gYvtffEg1E54mvod1qDJ66CvZusp4jgG6H1B3l","Lilith Hailey died in Red Onion State Prison in Wise County, Virginia (USA) on 26 Nov 2025 after being forcibly restrained by prison guards.

A medical examiner ruled her killing a homicide. #SayHerName #TransLivesMatter #TDoR",https://tdor.translivesmatter.info/reports/2025/11/26/lilith-hailey_wise-county-virginia-usa_647c9c71,qrcodes/647c9c71.png
Daniela Fernanda Arias,34,,,,trans_flag.jpg,26 Nov 2025,,"Rosario de Lerma, Salta",Argentina,AR,-24.98400306,-65.57891144,custodial,died in custody,"Daniela died in suspicious circumstances after being detained in a police station.

> SALTA (Voces Críticas Newsroom) The Femicide Prosecutor's Office has opened an investigation into the death of a 34-year-old transgender woman, which occurred last night at the Rosario de Lerma hospital. The victim had been detained minutes earlier at a local police station, and prosecutors are seeking to determine whether the custody protocol was followed.
> 
> The young woman's death occurred after a police operation in Plaza Evita, where officers intervened after observing four people consuming alcoholic beverages. Three left the scene without incident, while the transgender woman was detained for refusing to identify herself. After a routine medical examination, she was taken to the Second Police Station to complete the identification process.
> 
> According to the prosecutors' preliminary report, when police officers went to the cell to inform her that she would be released, the woman allegedly attempted suicide using an article of clothing. At that moment, the emergency protocol was activated, and resuscitation efforts were performed while an ambulance was requested, amidst a tense atmosphere due to the severity of her condition.
> 
> The victim arrived at the Rosario de Lerma hospital around 9:48 p.m., where the medical team tried to stabilize her; however, minutes later her death was confirmed, which opened an urgent investigation to reconstruct each step of the procedure.
> 
> The UFEM (Special Prosecutor's Office for Violence Against Women) has already taken steps to determine whether the arrest, medical examination, and cell supervision were carried out in accordance with current regulations. They will also review security camera footage, statements, and internal protocols to establish responsibility and fully clarify what happened. Reported by  Voces Críticas.

https://www.enteratenoticias.com.ar/actualidad/la-muerte-de-una-chica-trans-en-salta-conmociona-a-toda-una-comunidad/

https://www.lmneuquen.com/pais/misterio-y-sospechas-la-muerte-una-mujer-trans-luego-ser-detenida-la-policia-n1219675

https://www.infobae.com/sociedad/policiales/2025/11/29/investigan-la-muerte-de-una-mujer-trans-que-habia-sido-detenida-en-salta/

https://expresiondelsur.com.ar/contenido/38969/investigan-la-muerte-de-una-mujer-trans-alojada-en-la-comisaria-de-rosario-de-le

https://prensaobrera.com/libertades-democraticas/salta-mujer-trans-muere-en-la-comisaria-de-rosario-de-lerma

https://informatesalta.com.ar/amp/461432/dudas-en-la-muerte-de-la-mujer-trans-en-una-comisaria-no-se-como-pudo-quitarse-l

https://eltinterodesalta.com/contenido/8659/iinvestigan-el-fallecimiento-de-una-persona-trans-demorada-por-contravencion

https://www.cuarto.com.ar/muerte-en-comisaria-saltena-la-policia-dice-que-se-trato-de-un-suicidio-la-familia-lo-niega/

https://nuevodiariodesalta.com.ar/investigan-la-muerte-de-una-mujer-trans-en-una-comisaria-de-rosario-de-lerma/

https://www.pagina12.com.ar/2025/11/28/exigen-que-se-investigue-a-la-policia-por-la-muerte-de-una-mujer-trans/

https://www.eltribuno.com/policiales/2025-11-28-0-0-0-rosario-de-lerma-detienen-a-una-joven-trans-y-termina-muerta-en-un-hospital

https://elexpresodesalta.com.ar/contenido/56287/mujer-trans-fue-hallada-sin-vida-en-la-comisaria-luego-de-ser-detenida-en-la-cal

https://www.quepasasalta.com.ar/policiales/revelaron-donde-velaran-a-la-saltena-trans-que-enluto-al-valle-de-lerma/

https://www.vocescriticas.com/noticias/2025/11/27/189153-rosario-de-lerma-investigan-la-muerte-de-una-mujer-trans-tras-quedar-demorada-en-una-comisaria

https://www.eltribuno.com/policiales/2025-11-27-12-24-0-investigan-la-muerte-de-un-detenido-en-una-comisaria-de-rosario-de-lerma

https://www.fiscalespenalesalta.gob.ar/rosario-de-lerma-se-investigan-las-circunstancias-del-fallecimiento-de-una-mujer-trans/

https://www.instagram.com/p/DRsMDkSgcqF/

https://www.facebook.com/ahoraquesinosven/photos/nadie-se-suicida-en-una-comisar%C3%ADadaniela-arias-una-mujer-trans-de-34-a%C3%B1os-muri%C3%B3-/822294880413742/

https://www.facebook.com/eltribuno/posts/rosario-de-lerma-detienen-a-una-joven-trans-y-termina-muerta-en-un-hospitalfue-e/1205959424967775/

https://x.com/eltribuno/status/1994546848573657256

https://x.com/eltribuno/status/1994471351575343282","Daniela died in suspicious circumstances after being detained in a police station in Rosario de Lerma, Salta (Argentina) on 26 Nov 2025.

She was 34. #SayHerName #TransLivesMatter #TDoR",https://tdor.translivesmatter.info/reports/2025/11/26/daniela-fernanda-arias_rosario-de-lerma-salta-argentina_d54c9fac,qrcodes/d54c9fac.png
Name Unknown,27,,,,trans_flag.jpg,28 Nov 2025,,"Pauini, Amazonas",Brazil,BR,-7.73440666,-67.00952228,violence,shot,"The victim died in hospital after being shot by her partner during an argument. Her identity was not reported.

*[Editor's Note: The date of the victim's death was not reported. The date given on this page is that of her killer's arrest - 28th November]*

> The Civil Police of Amazonas (PC-AM) arrested a 35-year-old man suspected of killing his partner, a 27-year-old transgender woman. The crime occurred in the rural area of Pauini, in the interior of Amazonas. According to the police, the crime was motivated by jealousy.
> 
> According to Detective Renan Boina de Barbe, from the 63rd Interactive Police Station (DIP) in Pauini, the team began the search after receiving a report about the victim's death. ""During the on-site investigation, it was determined that the perpetrator fired shots at his partner. She was taken to the hospital, but did not survive her injuries,"" said the police chief.
> 
> The suspect was identified and taken to the police station on Friday (28). During questioning, he confessed that, during an argument fueled by jealousy, he grabbed a gun and shot the victim in the abdomen.
> 
> The man was arrested in the Ouro Verde neighborhood, in the city center. He will be charged with femicide and will remain at the disposal of the Justice system.

https://www.portaldoholanda.com.br/amazonas/homem-mata-mulher-trans-tiros-apos-ataque-de-ciumes-em-pauini

https://g1.globo.com/am/amazonas/noticia/2025/12/01/homem-e-preso-suspeito-de-matar-companheira-trans-apos-discussao-no-am.ghtml

https://globoplay.globo.com/v/14141950/

https://www.instagram.com/reels/DRyCBrAACYN/","An unidentified #trans woman died in hospital in Pauini, Amazonas (Brazil) after being shot by her partner during an argument. #SayHerName #TransLivesMatter #TDoR",https://tdor.translivesmatter.info/reports/2025/11/28/name-unknown_pauini-amazonas-brazil_369fd0ec,qrcodes/369fd0ec.png
Poyraz,28,,photos/2025_12_01_Poyraz.jpg,"https://t24.com.tr/haber/dokundugu-hayatlara-sevilesi-izler-birakan-poyraz,1285678",thumbnails/2025_12_01_Poyraz.jpg,1 Dec 2025,,"Sincan, Ankara",Turkey,TR,40.02618229,32.56229894,custodial,suspicious death,"Poyraz died in suspicious circumstances in Sincan Cezaevi (Sincan Prison).

> Sevda Karaca, in a press conference she held in Parliament yesterday, brought up the suspicious death of a transgender prisoner named Poyraz in Sincan Women's Closed Prison.
> 
> In her statement, Karaca included information she obtained from her meeting with female lawyers from the Ankara Bar Association, stating that transgender and LGBT+ prisoners were forcibly placed in G-3 cell, which is called the ""groom's ward,"" and said the following:
> 
> “They mockingly call this cell the ‘groom’s ward,’ where they forcibly place transgender and LGBTQ+ prisoners, making them sign dubious papers. They isolate these cells, selecting those [AFAB] prisoners who are ‘short-haired’ or ‘masculine.’ They are kept in solitary confinement, preventing contact with anyone, even during doctor visits, and not allowing them to have any contact with others, even during fresh air. They are denied the right to exercise. During their time here, those undergoing gender transition are subjected to various forms of torture to discourage them from seeking treatment.”
> 
> Karaca emphasized that the practices were not limited to these, stating that four more prisoners were recently placed in this cell and taken to a psychiatrist collectively. Karaca continued:
> 
> “On December 1st, these prisoners were suddenly taken to the psychiatric ward en masse, in a manner never before seen. They were kept there for about two hours. When they returned to their cells, they found a transgender [person] named Poyraz, who had never been in that ward before, hanging from the bunk bed. The prisoners said that Poyraz's hair had been shaved off and that they looked much thinner than usual. They pressed the emergency button and called for help. One of the prisoners tried to cut the rope with a lighter because there were no cutting tools available. Guards went in and out of the ward, but no medical personnel arrived. Later, the guards wrapped Poyraz in a blanket and carried him out. A few days later, they were informed that they had died.”
> 
> ""They are being held responsible for the death of a person they had never stayed with before, and whom they found hanging when they returned to the room.""
> Karaca stated that two days after the incident, the prosecutor and the crime scene investigation team came to the prison, but the statements of the prisoners in the ward were not taken, and added the following:
> 
> “When the prosecutor arrives, the prisoners in the ward are locked in another room. They say they want to give statements to the prosecutor, but the prosecutor doesn't take them. Later, a disciplinary investigation is launched against the prisoners in that ward regarding this incident. You heard that right. They are being held responsible for the death of a person they had never shared a cell with before, who was placed in the room when they were taken to the doctor, and whom they found hanging when they returned.”

https://sendika.org/2025/12/odtululer-trans-mahpus-poyrazin-supheli-olumunun-aydinlatilmasi-icin-eylemde-nefrete-inat-yasasin-hayat-739407

https://t24.com.tr/haber/dokundugu-hayatlara-sevilesi-izler-birakan-poyraz,1285678

https://web.archive.org/web/2/https://www.haberay.com.tr/service/amp/gundem/sincan-cezaevinde-trans-erkek-poyrazin-supheli-olumuyle-ilgili-sorular-cevap-126667h

https://www.evrensel.net/haber/588733/sincan-cezaevi-nde-supheli-olum-ihd-trans-mahpus-poyraz-in-olumu-aydinlatilsin

https://kaosgl1.org/haber/sincan-cezaevi-nde-trans-erkek-mahpus-supheli-sekilde-olu-bulundu

https://t24.com.tr/video/emep-li-karaca-sincan-cezaevi-ndeki-trans-mahpusun-supheli-olumunu-meclis-gundemine-tasidi-4-ayda-4-olum-iddiasi,67286

https://www.facebook.com/chp.sezgin.tanrikulu/posts/sincan-cezaevinde-ya%C5%9Fanan-%C5%9F%C3%BCpheli-%C3%B6l%C3%BCm-derhal-ve-etkili-bi%C3%A7imde-soru%C5%9Fturulmal%C4%B1d%C4%B1/1418507512971229/

https://www.instagram.com/p/DSPQvEHDb0g/

https://www.instagram.com/reels/DSR8Y7OCDsb/

https://x.com/ozgulsakii/status/1999770218755694924

https://www.youtube.com/watch?v=icCu0CTsE88","Poyraz died in suspicious circumstances in a prison in Sincan, Ankara (Turkey) On 1 Dec 2025.

He was 28. #SayHisName #TransLivesMatter #TDoR",https://tdor.translivesmatter.info/reports/2025/12/01/poyraz_sincan-ankara-turkey_95b256ea,qrcodes/95b256ea.png
Betyna Barros (""Bê""),33,,photos/2025_12_03_Betyna-Barros.jpg,https://juinamais.com.br/wp-content/uploads/2025/12/754216-corpo-de-mulher-trans-e-achado-em-area-de-mata-apos-dois-dias-desaparecida-em-mato-grosso.jpg,thumbnails/2025_12_03_Betyna-Barros.jpg,3 Dec 2025,,"Nova Mutum, Mato Grosso",Brazil,BR,-13.81857936,-56.08968084,violence,murdered,"Betyna's body was found in woodland two days after she had gone out to work on Monday 1st December.

The condition of her body suggested that Betina had been killed around the time she went missing.

> Missing since Monday (1), the body of the trans woman identified as Betina, 33 years old, was found in a wooded area near Fama University, in Nova Mutum (242 km from Cuiabá). According to the report, the victim was already in an advanced state of decomposition and was found by residents of the region. 
> 
> The Military Police and the Official Expertise and Technical Identification (Politec) were at the scene to carry out standard procedures. Family members arrived to identify the body and confirmed that it was Betina.
> 
> According to reports, Betina worked in the area and had left on Monday to perform a service, and had been missing since then. During the search, teams also found the victim's motorcycle, which was near the body.
> 
> The case is being investigated by the Civil Police, who are looking into the circumstances and motivation behind the homicide.

Betyna's Facebook profile is https://www.facebook.com/marinabetina.brasques/.

https://odocumento.com.br/corpo-de-mulher-trans-e-achado-em-area-de-mata-apos-dois-dias-desaparecida-em-mato-grosso/

https://folhadecuritiba.com.br/mulher-trans-encontrada-morta/

https://primeirapagina.com.br/seguranca/corpo-de-mulher-trans-e-encontrado-em-area-de-mata-em-nova-mutum/

https://www.midiajur.com.br/geral/mulher-trans-que-sumiu-apos-sair-para-programa-e-encontrada-morta-em-mt/76040

https://www.rdnews.com.br/policia/desaparecida-por-2-dias-mulher-trans-e-encontrada-morta-em-matagal/221421

https://juinamais.com.br/corpo-de-mulher-trans-e-achado-em-area-de-mata-apos-dois-dias-desaparecida-em-mato-grosso/

https://g1.globo.com/mt/mato-grosso/noticia/2025/12/04/corpo-de-mulher-trans-e-encontrado-em-area-de-mata-em-mt.ghtml

https://g1.globo.com/mt/mato-grosso/noticia/2025/12/04/corpo-de-mulher-trans-e-encontrado-em-area-de-mata-em-mt.ghtml

https://www.pagina1.com.br/noticia/mulher-trans-que-estava-desaparecida-foi-localizada-morta-em-mt

https://www.folhamax.com/policia/mulher-trans-vai-atender-cliente-e-e-achada-morta-em-mt/526119

https://primeirahora.com.br/corpo-de-mulher-trans-e-encontrado-em-area-de-mata-em-mt/

https://www.j1agora.com.br/noticia/51667/corpo-de-mulher-trans-e-encontrado-em-area-de-mata-em-mt

https://www.reportermt.com/policia/corpo-de-mulher-trans-e-encontrado-em-area-de-mata-em-nova-mutum/229182

https://www.vozmt.com.br/policial/corpo-de-mulher-transexual-e-encontrado-em-area-de-mata/

https://terramtdigital.com.br/regiao/nova-mutum/mulher-trans-vai-atender-cliente-e-e-achada-morta-em-mt/

https://www.gazetadigital.com.br/editorias/policia/corpo-de-jovem-trans-e-encontrado-em-decomposicao-ao-lado-de-biz-em-mata/830363

https://www.hnt.com.br/policia/mulher-trans-e-encontrada-em-decomposicao-apos-sair-para-atender-cliente/523700

https://www.cbncuiaba.com.br/2025/12/04/mulher-trans-e-encontrada-morta-em-regiao-de-mata-em-nova-mutum/

https://www.sonoticias.com.br/policia/corpo-de-mulher-trans-e-localizado-em-nova-mutum/

https://perrenguematogrosso.com/autoridades-encontram-corpo-nova-mutum-video/

https://www.estadaomatogrosso.com.br/policia/mulher-trans-que-estava-desaparecida-e-encontrada-morta-em-mt/127744

https://www.instagram.com/portalodocumento/p/DR3CpspD6L8/

https://www.facebook.com/groups/653225818084056/?multi_permalinks=32864350686544818","The body of Betyna Barros was found in woodland in Nova Mutum, Matto Grosso (Brazil) on 3 Dec 2025.

She was 33, and had disappeared after going out to work two days earlier. #SayHerName #TransLivesMatter #TDoR",https://tdor.translivesmatter.info/reports/2025/12/03/betyna-barros-be_nova-mutum-mato-grosso-brazil_ae6aec38,qrcodes/ae6aec38.png
Amanda Honorato da Silva,42,,,,trans_flag.jpg,3 Dec 2025,,"Guarujá, São Paulo",Brazil,BR,-24.00055347,-46.2778452,violence,stabbed,"Amanda's body was found with stab wounds inside her home. Her partner is wanted for murder.

> A 42-year-old trans woman was found dead inside her home in the early hours of last Wednesday (3), in Guarujá , on the coast of São Paulo.
> 
> According to information from the Public Security Secretariat (SSP) of the State of São Paulo, military police officers were patrolling when they were informed by locals about the presence of a body in the backyard of a residence located on Avenida Gino Fabris, in the Sítio Grande neighborhood.
> 
> The police entered the property and found the body with a stab wound to the left ear. Inside the house, there was a large amount of blood, as well as a bloodstained cloth in the sink. No object used against the victim was found.
> 
> According to the police report, neighbors stated that they did not hear any noises or witness any unusual activity during the night.
> 
> Contacted by Santa Portal , the Guarujá City Hall reports that the SAMU (emergency medical service) was called to the scene and, upon arrival, the team found that the victim was already dead.

https://www.metropoles.com/sao-paulo/policia-procura-homem-matou-mulher

https://santaportal.com.br/guaruja-baixada/mulher-trans-e-encontrada-morta-no-quintal-de-casa-em-guaruja-policia-investiga

https://itanhaemnoticias.com.br/mulher-trans-e-achada-morta-em-casa-no-guaruja-sp/

https://www.atribuna.com.br/noticias/policia/mulher-que-trabalhava-com-reciclagem-e-encontrada-morta-em-casa-com-ferimento-na-cabeca-e-marcas-de-sangue-em-guaruja-1.491149

https://thmais.com.br/cidades/baixada-santista/policia-baixada-santista/mulher-trans-e-morta-no-quintal-de-casa-em-guaruja/

https://g1.globo.com/sp/santos-regiao/noticia/2025/12/06/mulher-trans-e-encontrada-morta-no-quintal-de-casa-no-litoral-de-sp.ghtml","The body of Amanda Honorato da Silva was found with stab wounds inside her home in Guarujá, São Paulo (Brazil) on 3 Dec 2025.

She was 42.  #SayHerName #TransLivesMatter #TDoR",https://tdor.translivesmatter.info/reports/2025/12/03/amanda-honorato-da-silva_guaruja-sao-paulo-brazil_5e393544,qrcodes/5e393544.png
Pari,25,,,,trans_flag.jpg,4 Dec 2025,,"Ghaziabad, Uttar Pradesh",India,IN,28.67485649,77.4499411,custodial,suicide,"Pari died in custody in what appears to have been a suicide.

> Ghaziabad, Dec 4 (PTI) A 25-year-old transgender inmate allegedly died by suicide in Dasna district jail here, officials said on Thursday.
> 
> The deceased — identified as [deadname] alias Pari — was found [suicide method redacted] in the bathroom of a cell, Jail Superintendent Sitaram Sharma said.
> 
> A jail constable on duty spotted the inmate on Wednesday night and alerted the administration. Officials rushed to the spot, completed the legal formalities and sent the body for a postmortem examination, the official said.
> 
> The autopsy will be conducted under the supervision of a panel of doctors and a magistrate, and the process will be videographed, he added.

https://www.theweek.in/wire-updates/national/2025/12/04/des82-ncr-jail-suicide.html

https://theprint.in/india/ghaziabad-25-year-old-transgender-inmate-found-hanging-in-district-jail/2798639/

https://www.ptinews.com/story/national/ghaziabad-25-year-old-transgender-inmate-found-hanging-in-district-jail/3158933","Pari died in custody in Ghaziabad, Uttar Pradesh (India) on 4 Dec 2025.

She was 25. #SayHerName #TransLivesMatter #TDoR",https://tdor.translivesmatter.info/reports/2025/12/04/pari_ghaziabad-uttar-pradesh-india_0434bc64,qrcodes/0434bc64.png
Sweety,22,,,,trans_flag.jpg,4 Dec 2025,,"Solapur, Maharashtra",India,IN,17.70017489,75.87802992,suicide,suicide,"Sweety died by suicide.

> A tragic incident has been reported from the Bale area of Solapur in Maharashtra, where a 22-year-old transgender [person], [possible deadname], died by suicide on Thursday around 2 p.m. Before ending [her] life, [she] recorded a video and sent it to [her] relatives, alleging that [her] partner Sujit was responsible for pushing [her] to take the extreme step.
> 
> According to initial information, [Sweety] was found [suicide method redacted] in [her] rented room at Sainagar in Bale around 9 a.m. on Thursday.
> 
> [Her] family rushed [her] to Chhatrapati Shivaji Maharaj Government Hospital, where doctors declared [her] dead. Soon after, police officials and several members of the transgender community gathered at the hospital.
> 
> [Sweety] was the fourth of five siblings. Since childhood, [she] had displayed feminine traits, and as per tradition, [she] became part of the transgender community, where [she] was known by the name “Sweety.” The family alleges that [Sweety] was mentally harassed and has demanded strict action against Sujit.
> 
> Police are currently examining the video, mobile phone, and other evidence as part of the investigation.

https://news.abplive.com/cities/maharashtra-22-year-old-transgender-dies-by-suicide-after-husband-marries-another-woman-1815301","Sweety died by suicide in Solapur, Maharashtra (India) on 4 Dec 2025.

She was 22. #SayHerName #TransLivesMatter #TDoR",https://tdor.translivesmatter.info/reports/2025/12/04/sweety_solapur-maharashtra-india_55900147,qrcodes/55900147.png
Gabriely Silva de Jesus,21,,photos/2025_12_05_Gabriely-Silva-de-Jesus.jpg,https://www.vgnoticias.com.br/policia/delegado-confirma-que-faccao-matou-trans-por-tentar-ajudar-familia-em-vg/139559,thumbnails/2025_12_05_Gabriely-Silva-de-Jesus.jpg,5 Dec 2025,,"Várzea Grande, Mato Grosso",Brazil,BR,-15.64979257,-56.13289695,violence,murdered,"Gabriely was murdered after revealing that a man and his family (including a two-year old child) had been kidnapped by an organised crime gang.

José Walleffe dos Santos Lins was also murdered by the gang.

*[Editor's Note: The date of Gabriely's murder is not known. The date given here is that when arrests were made by the police.]*

> A trans woman was murdered by members of a criminal faction in Várzea Grande after informing the mother of José Wallef dos Santos Lins that he had been captured by the group. The information was confirmed by the Civil Police during Operation Factional Dictatorship CPX, launched this Friday (5) in the metropolitan region.
> 
> According to Detective Nilson Farias of the Homicide Division, the young woman ""disappeared"" shortly after informing her family about the kidnapping. ""She told José Wallef's mother that he had been captured by the gang. Not satisfied with that, they went and made this trans woman disappear. They killed her, and her body has not yet been located,"" stated the detective.
> 
> The murder of José Wallef was also committed with extreme violence. Before killing him, the criminals kidnapped him, his wife, and their two-year-old son. Of the ten people involved, one of the suspects, identified as Bruno César Amorim Santos, pointed out as the group's leader, died in a confrontation with the police. Six others were arrested, and three remain at large.
> 
> According to the Civil Police, the case reveals how the community's residents lived under the rules imposed by the faction.
> 
> ""They were living in a parallel state, with their own bloody rules. People didn't even have the right to express themselves,"" Farias emphasized.

Eleven suspects were arrested on Friday 5th December.

> The 11 suspects arrested this Friday morning (5) during Operation Factional Dictatorship CPX have been identified . They are being investigated for the kidnapping, torture and death of José Walleffe dos Santos Lins from Alagoas , as well as the kidnapping and torture of his wife, Ariane da Silva Cerqueira, and the kidnapping of the couple's two-year-old son. Some of the suspects are also being investigated for the disappearance of Gabriely, a neighbor and friend of the family.

https://www.olhardireto.com.br/noticias/exibir.asp?id=566890&noticia=execucao-de-alagoano-marcada-por-tortura-expoe-metodo-cruel-do-comando-vermelho-diz-dhpp

https://g1.globo.com/mt/mato-grosso/noticia/2025/12/05/policia-investiga-11-integrantes-de-faccao-envolvidos-com-sequestro-tortura-e-homicidio-de-familia-de-alagoano-e-mulher-trans-em-mt.ghtml

https://www.vgnoticias.com.br/policia/delegado-confirma-que-faccao-matou-trans-por-tentar-ajudar-familia-em-vg/139559

https://www.cliquef5.com.br/policia/mulher-trans-e-morta-apos-avisar-familia-sobre-execucao-de-jovem-em-varzea-grande/408172

https://www.olhardireto.com.br/noticias/exibir.asp?id=566877&edt=25&noticia=travesti-que-comunicou-execucao-a-mae-de-vitima-assassinada-tambem-foi-morta-por-faccionados&edicao=2

https://www.midiajur.com.br/geral/dhpp-diz-que-faccao-executou-gabrielly-silva-mulher-trans-que-sumiu-ha-meses/76099","Gabriely Silva de Jesus was murdered in Várzea Grande, Mato Grosso (Brazil) on 5 Dec 2025 after revealing that a man and his family (including a two-year old child) had been kidnapped by an organised crime gang.

She was 21.  #SayHerName #TransLivesMatter #TDoR",https://tdor.translivesmatter.info/reports/2025/12/05/gabriely-silva-de-jesus_varzea-grande-mato-grosso-brazil_850bf59b,qrcodes/850bf59b.png
Rhianna Alves,18,,photos/2025_12_06_Rhianna-Alves.jpg,https://revistaafirmativa.com.br/homem-mata-e-leva-corpo-de-jovem-trans-a-delegacia-e-e-liberado-pela-policia-no-oeste-da-bahia/,thumbnails/2025_12_06_Rhianna-Alves.jpg,6 Dec 2025,,"Luís Eduardo Magalhães, Bahia",Brazil,BR,-12.08161335,-45.78579644,violence,strangled,"Rhianna was strangled by an app driver after an argument in a vehicle. After police released him there was a widespread public outcry.

> After strangling an 18-year-old trans girl to death, an app driver who showed up at the police station with the victim's body in the car was questioned and released on Saturday night (06). The victim was Rhianna Alves. The two left the municipality of Barreiras (BA) heading towards Luís Eduardo Magalhães (BA).
> 
> According to the suspect's testimony, published by the Correio newspaper, the aggressor allegedly put the young woman in a chokehold after an argument, claiming to have acted in self-defense. The transfemicide is under investigation by the Luís Eduardo Magalhães Territorial Police Station. According to information from the Civil Police, the 18-year-old suspect remains free after voluntarily presenting himself at the police station and confessing to the crime.
> 
> On social media, Drycka Santana, the young woman's sister, expressed her grief over her sister's death. “She had a bright future ahead of her, but she didn't listen to our advice. I always repeated the same phrase: 'Get away from those friendships, they will bring you down,' and it really did. Almost a month after that fight, someone comes along and simply kills her. May all those responsible pay, because I'm certain it wasn't just one person.”
> 
> The young woman was buried on Tuesday morning (9). Desperate, Rhianna's sister is asking for justice.
> 
> Organizations such as Fonatrans, the Permanent Commission on Sexual and Gender Diversity of the OAB Bahia (Brazilian Bar Association, Bahia chapter), and the Mothers for Resistance Collective published a joint statement, beginning with a call for reflection: What if it were the other way around?
> 
> ""If a travesti or trans woman had killed a cisgender heterosexual man claiming self-defense, would she be released immediately in the same way!? If the state claimed there was no flagrant offense, would it accept the narrative with the same ease!? The unequal treatment is cruelly apparent. Cisgender bodies receive instant credibility and protection.""

Rhianna worked at a supermarket and had started transitioning about five months earlier. Her Instagram profile is https://www.instagram.com/alvesrhianna_.

https://www.trbn.com.br/materia/I155675/justica-concede-liberdade-a-homem-acusado-de-matar-mulher-trans-com-mata-leao-1

https://sociedadeonline.com/motorista-que-confessou-matar-jovem-trans-deixa-prisao-na-bahia/

https://g1.globo.com/ba/bahia/noticia/2026/05/25/justica-concede-liberdade-a-homem-acusado-de-matar-mulher-trans-na-bahia.ghtml

https://www.notife.com/crimen-y-polemica-brasil-mato-a-una-mujer-trans-dejo-el-cuerpo-en-una-comisaria-y-fue-liberado

https://radiorafaela.com.ar/policiales/indignante-mato-a-una-mujer-trans-entrego-el-cuerpo-en-una-comisariay-lo-dejaron-ir

https://www.ellitoral.com/internacionales/crimen-transfobia-justicia-impunidad_0_Fc4o1DEcgL.html

https://tn.com.ar/internacional/2025/12/10/un-hombre-mato-a-una-mujer-trans-y-dejo-su-cuerpo-en-una-comisaria-lo-liberaron-tras-confesar-el-crimen/

https://takta.com.br/municipios/apos-casos-recentes-de-violencia-salvador-tem-protesto-pelo-fim-do-feminicidio/

https://www.direitonews.com.br/2025/12/motorista-app-mata-mulher-trans-deixa-corpo-delegacia-liberado.html

https://www.bnews.com.br/noticias/policia/werner-explica-demora-para-prender-motorista-que-matou-jovem-trans-com-golpe-mata-leao-na-bahia-assista.html

https://revistaafirmativa.com.br/homem-mata-e-leva-corpo-de-jovem-trans-a-delegacia-e-e-liberado-pela-policia-no-oeste-da-bahia/

https://www.correio24horas.com.br/minha-bahia/mata-leao-saiba-quem-e-o-motorista-por-aplicativo-que-usou-golpe-para-matar-jovem-trans-1225

https://g1.globo.com/ba/bahia/noticia/2025/12/09/saiba-quem-e-homem-suspeito-de-matar-mulher-trans-na-bahia.ghtml

https://www.liderfm965.com.br/inicial

https://www.facebook.com/atvmasnoticias/posts/el-hombre-dej%C3%B3-el-cuerpo-de-la-mujer-trans-en-la-comisar%C3%ADa-causando-indignaci%C3%B3n-/1286578140162297/

https://www.instagram.com/p/DT2Sgi9AJie/

https://www.facebook.com/groups/653225818084056/?multi_permalinks=32828325270147360","Rhianna Alves was strangled by an app driver after an argument in Luís Eduardo Magalhães, Bahia (Brazil) on 6 Dec 2025.

She was 18. After police released her killer there was a widespread public outcry. #SayHerName #TransLivesMatter #TDoR",https://tdor.translivesmatter.info/reports/2025/12/06/rhianna-alves_luis-eduardo-magalhaes-bahia-brazil_df7d4ba1,qrcodes/df7d4ba1.png
Name Unknown,37,7 Dec 1987,,,trans_flag.jpg,6 Dec 2025,,,France,FR,46.70550722,2.38493284,suicide,suicide,"The victim died by suicide the day before her 38th birthday. Her name was not reported.

> My cousin and trans sister took her own life on the 6th or December, in France. She was about to turn 38, on the 7th of December.  
> 
> I would like to report her death, so that she can be remembered for who she was. But I don't know who to give this info to. I figured it would be your collective. Can you help me ? 
> 
> I thank you for your time

Source: Direct message","An unidentified #trans woman died by suicide in France on 6 Dec 2025 - the day before her 38th birthday.

Her name was not reported. #SayHerName #TransLivesMatter #TDoR",https://tdor.translivesmatter.info/reports/2025/12/06/name-unknown_france_5568ec86,qrcodes/5568ec86.png
Sharol Victoria,,,photos/2025_12_07_Sharol-Victoria.jpg,https://www.facebook.com/permalink.php?story_fbid=pfbid0W7LdqsXGb5BcjDj94FisEZwww2NiLRhCtFXgbLnyKCruL8HHS9EALFfJD2H4hajml&id=61584580796799,thumbnails/2025_12_07_Sharol-Victoria.jpg,7 Dec 2025,,"Bogóta, Distrito Capital",Colombia,CO,4.68587633,-74.08539683,violence,run over,"Sharol died as after being run over by a car whose driver fled the scene.

<blockquote class=""instagram-media"" data-instgrm-captioned data-instgrm-permalink=""https://www.instagram.com/reel/DSMFQY3gJ_5/?utm_source=ig_embed&amp;utm_campaign=loading"" data-instgrm-version=""14"" style="" background:#FFF; border:0; border-radius:3px; box-shadow:0 0 1px 0 rgba(0,0,0,0.5),0 1px 10px 0 rgba(0,0,0,0.15); margin: 1px; max-width:540px; min-width:326px; padding:0; width:99.375%; width:-webkit-calc(100% - 2px); width:calc(100% - 2px);""><div style=""padding:16px;""> <a href=""https://www.instagram.com/reel/DSMFQY3gJ_5/?utm_source=ig_embed&amp;utm_campaign=loading"" style="" background:#FFFFFF; line-height:0; padding:0 0; text-align:center; text-decoration:none; width:100%;"" target=""_blank""> <div style="" display: flex; flex-direction: row; align-items: center;""> <div style=""background-color: #F4F4F4; border-radius: 50%; flex-grow: 0; height: 40px; margin-right: 14px; width: 40px;""></div> <div style=""display: flex; flex-direction: column; flex-grow: 1; justify-content: center;""> <div style="" background-color: #F4F4F4; border-radius: 4px; flex-grow: 0; height: 14px; margin-bottom: 6px; width: 100px;""></div> <div style="" background-color: #F4F4F4; border-radius: 4px; flex-grow: 0; height: 14px; width: 60px;""></div></div></div><div style=""padding: 19% 0;""></div> <div style=""display:block; height:50px; margin:0 auto 12px; width:50px;""><svg width=""50px"" height=""50px"" viewBox=""0 0 60 60"" version=""1.1"" xmlns=""https://www.w3.org/2000/svg"" xmlns:xlink=""https://www.w3.org/1999/xlink""><g stroke=""none"" stroke-width=""1"" fill=""none"" fill-rule=""evenodd""><g transform=""translate(-511.000000, -20.000000)"" fill=""#000000""><g><path d=""M556.869,30.41 C554.814,30.41 553.148,32.076 553.148,34.131 C553.148,36.186 554.814,37.852 556.869,37.852 C558.924,37.852 560.59,36.186 560.59,34.131 C560.59,32.076 558.924,30.41 556.869,30.41 M541,60.657 C535.114,60.657 530.342,55.887 530.342,50 C530.342,44.114 535.114,39.342 541,39.342 C546.887,39.342 551.658,44.114 551.658,50 C551.658,55.887 546.887,60.657 541,60.657 M541,33.886 C532.1,33.886 524.886,41.1 524.886,50 C524.886,58.899 532.1,66.113 541,66.113 C549.9,66.113 557.115,58.899 557.115,50 C557.115,41.1 549.9,33.886 541,33.886 M565.378,62.101 C565.244,65.022 564.756,66.606 564.346,67.663 C563.803,69.06 563.154,70.057 562.106,71.106 C561.058,72.155 560.06,72.803 558.662,73.347 C557.607,73.757 556.021,74.244 553.102,74.378 C549.944,74.521 548.997,74.552 541,74.552 C533.003,74.552 532.056,74.521 528.898,74.378 C525.979,74.244 524.393,73.757 523.338,73.347 C521.94,72.803 520.942,72.155 519.894,71.106 C518.846,70.057 518.197,69.06 517.654,67.663 C517.244,66.606 516.755,65.022 516.623,62.101 C516.479,58.943 516.448,57.996 516.448,50 C516.448,42.003 516.479,41.056 516.623,37.899 C516.755,34.978 517.244,33.391 517.654,32.338 C518.197,30.938 518.846,29.942 519.894,28.894 C520.942,27.846 521.94,27.196 523.338,26.654 C524.393,26.244 525.979,25.756 528.898,25.623 C532.057,25.479 533.004,25.448 541,25.448 C548.997,25.448 549.943,25.479 553.102,25.623 C556.021,25.756 557.607,26.244 558.662,26.654 C560.06,27.196 561.058,27.846 562.106,28.894 C563.154,29.942 563.803,30.938 564.346,32.338 C564.756,33.391 565.244,34.978 565.378,37.899 C565.522,41.056 565.552,42.003 565.552,50 C565.552,57.996 565.522,58.943 565.378,62.101 M570.82,37.631 C570.674,34.438 570.167,32.258 569.425,30.349 C568.659,28.377 567.633,26.702 565.965,25.035 C564.297,23.368 562.623,22.342 560.652,21.575 C558.743,20.834 556.562,20.326 553.369,20.18 C550.169,20.033 549.148,20 541,20 C532.853,20 531.831,20.033 528.631,20.18 C525.438,20.326 523.257,20.834 521.349,21.575 C519.376,22.342 517.703,23.368 516.035,25.035 C514.368,26.702 513.342,28.377 512.574,30.349 C511.834,32.258 511.326,34.438 511.181,37.631 C511.035,40.831 511,41.851 511,50 C511,58.147 511.035,59.17 511.181,62.369 C511.326,65.562 511.834,67.743 512.574,69.651 C513.342,71.625 514.368,73.296 516.035,74.965 C517.703,76.634 519.376,77.658 521.349,78.425 C523.257,79.167 525.438,79.673 528.631,79.82 C531.831,79.965 532.853,80.001 541,80.001 C549.148,80.001 550.169,79.965 553.369,79.82 C556.562,79.673 558.743,79.167 560.652,78.425 C562.623,77.658 564.297,76.634 565.965,74.965 C567.633,73.296 568.659,71.625 569.425,69.651 C570.167,67.743 570.674,65.562 570.82,62.369 C570.966,59.17 571,58.147 571,50 C571,41.851 570.966,40.831 570.82,37.631""></path></g></g></g></svg></div><div style=""padding-top: 8px;""> <div style="" color:#3897f0; font-family:Arial,sans-serif; font-size:14px; font-style:normal; font-weight:550; line-height:18px;"">View this post on Instagram</div></div><div style=""padding: 12.5% 0;""></div> <div style=""display: flex; flex-direction: row; margin-bottom: 14px; align-items: center;""><div> <div style=""background-color: #F4F4F4; border-radius: 50%; height: 12.5px; width: 12.5px; transform: translateX(0px) translateY(7px);""></div> <div style=""background-color: #F4F4F4; height: 12.5px; transform: rotate(-45deg) translateX(3px) translateY(1px); width: 12.5px; flex-grow: 0; margin-right: 14px; margin-left: 2px;""></div> <div style=""background-color: #F4F4F4; border-radius: 50%; height: 12.5px; width: 12.5px; transform: translateX(9px) translateY(-18px);""></div></div><div style=""margin-left: 8px;""> <div style="" background-color: #F4F4F4; border-radius: 50%; flex-grow: 0; height: 20px; width: 20px;""></div> <div style="" width: 0; height: 0; border-top: 2px solid transparent; border-left: 6px solid #f4f4f4; border-bottom: 2px solid transparent; transform: translateX(16px) translateY(-4px) rotate(30deg)""></div></div><div style=""margin-left: auto;""> <div style="" width: 0px; border-top: 8px solid #F4F4F4; border-right: 8px solid transparent; transform: translateY(16px);""></div> <div style="" background-color: #F4F4F4; flex-grow: 0; height: 12px; width: 16px; transform: translateY(-4px);""></div> <div style="" width: 0; height: 0; border-top: 8px solid #F4F4F4; border-left: 8px solid transparent; transform: translateY(-4px) translateX(8px);""></div></div></div> <div style=""display: flex; flex-direction: column; flex-grow: 1; justify-content: center; margin-bottom: 24px;""> <div style="" background-color: #F4F4F4; border-radius: 4px; flex-grow: 0; height: 14px; margin-bottom: 6px; width: 224px;""></div> <div style="" background-color: #F4F4F4; border-radius: 4px; flex-grow: 0; height: 14px; width: 144px;""></div></div></a><p style="" color:#c9c8cd; font-family:Arial,sans-serif; font-size:14px; line-height:17px; margin-bottom:0; margin-top:8px; overflow:hidden; padding:8px 0 7px; text-align:center; text-overflow:ellipsis; white-space:nowrap;""><a href=""https://www.instagram.com/reel/DSMFQY3gJ_5/?utm_source=ig_embed&amp;utm_campaign=loading"" style="" color:#c9c8cd; font-family:Arial,sans-serif; font-size:14px; font-style:normal; font-weight:normal; line-height:17px; text-decoration:none;"" target=""_blank"">A post shared by ConGnero (@congnerosinmiedo)</a></p></div></blockquote>
<script async src=""//www.instagram.com/embed.js""></script>

> HER NAME WAS SHAROL VICTORIA
>
> Justice, Memory, and Solidarity for our trans sister
>
> With profound sorrow, we inform everyone in Bogotá about the tragic passing of our comrade, SHAROL VICTORIA, a trans woman.
>
> On Sunday, December 7, 2025, Sharol was run over and left for dead in Las Ferias (Bogotá) by a vehicle that fled the scene. Thanks to a sister, her body was identified, preventing her from being buried as an unidentified person.
>
> Her family in Venezuela lacks the resources to travel and claim her body.

https://www.facebook.com/permalink.php?story_fbid=pfbid0W7LdqsXGb5BcjDj94FisEZwww2NiLRhCtFXgbLnyKCruL8HHS9EALFfJD2H4hajml&id=61584580796799

https://www.instagram.com/reels/DSMFQY3gJ_5/","Sharol Victoria died as after being run over by a car whose driver fled the scene in Bogóta, Distrito Capital (Colombia) on 7 Dec 2025. #SayHerName #TransLivesMatter #TDoR",https://tdor.translivesmatter.info/reports/2025/12/07/sharol-victoria_bogota-distrito-capital-colombia_ce7dbc4c,qrcodes/ce7dbc4c.png
Madeline Adelaide Moore (""Mads""),27,4 Aug 1998,photos/2025_12_09_Madeline-Adelaide-Moore.jpg,email,thumbnails/2025_12_09_Madeline-Adelaide-Moore.jpg,9 Dec 2025,,"Louisville, Kentucky",USA,US,38.24334037,-85.7605942,suicide,suicide,"Madeline died by suicide. Her body was found a day after she had gone missing.

> Madeline was a good friend of mine online. we talked often of table top role playing games, fantasy adventures, music, etc etc. the impact she had on me and multiple of my friends lives could never be understated. she was a star in our eyes. one of the most intelligent, kind, compassionate, and all around amazing people i have ever had the pleasure of speaking to. i will never forget her.

> Madeline was the magician for my daughter's third birthday party. She loved kids, and made magic for the little kids with her tricks, bubbles, and jokes. We had so much fun, and Jocelyn and I were so happy for our kids to be besties. She was a bright creative spark who will be missed and loved forever.

> In her time here, Madeline was a creative force, found meaning and delight in art, writing, world building, queer community, culture and history, video games, and tabletop games. She was a talented Game Master, an obsessive and dazzling narrative artist, and a dedicated, sweet friend. She brought joy to those around her with her brilliance, wit, sassiness, and empathy.

https://www.wdrb.com/news/louisville-police-ask-for-publics-help-to-find-endangered-missing-person/article_d6a9990f-9c99-4c64-91b0-d7a8500e21ae.html

https://www.courier-journal.com/obituaries/psbn1356434 [https://archive.is/X4IHS]

https://www.wave3.com/2025/12/09/missing-person-alert/

https://www.gofundme.com/f/cpajj-support-for-the-moore-familys-loss","The body of Madeline Adelaide Moore was found in Louisville, Kentucky (USA) on 9 Dec 2025.

She was 27 and had been missing for a day. #SayHerName #TransLivesMatter #TDoR",https://tdor.translivesmatter.info/reports/2025/12/09/madeline-adelaide-moore-mads_louisville-kentucky-usa_3ece2fdd,qrcodes/3ece2fdd.png
Rebeca,34,,photos/2025_12_12_Rebeca.jpg,https://g1.globo.com/google/amp/ce/ceara/cetv-1-edicao-juazeiro-do-norte/video/travesti-e-assassinada-com-tiro-pelas-costas-em-juazeiro-do-norte-14177972.ghtml,thumbnails/2025_12_12_Rebeca.jpg,12 Dec 2025,,"Juazeiro do Norte, Ceará",Brazil,BR,-7.23623687,-39.31753431,violence,shot,"Rebeca was shot in the back during the early hours of the morning. There is no information about who killed her or why.

> A 34-year-old trans woman, identified as Rebeca, was shot dead on Friday morning (12) in the João Cabral neighborhood, in Juazeiro do Norte. Preliminary information indicates that she was hit by a shot in the back during the early hours of the morning. 
> 
> Residents called Samu, but Rebeca was already dead when the team arrived at the scene. Forensic experts carried out the initial investigation, analysing the crime scene and removing the body.
> 
> Although the Military Police attempted to access images from surveillance cameras installed in the area, they were unable to do so as the cameras there only transmit images in real time and do not save recordings.

https://www.facebook.com/PortalMiseria/posts/mulher-trans-%C3%A9-assassinada-no-bairro-jo%C3%A3o-cabral-nesta-sexta-feira-12-em-juazeir/1276526934517879/

https://x.com/portal_miseria/status/1999537650504479182

https://www.instagram.com/reel/DSKbeyJDvNX/

https://g1.globo.com/google/amp/ce/ceara/cetv-1-edicao-juazeiro-do-norte/video/travesti-e-assassinada-com-tiro-pelas-costas-em-juazeiro-do-norte-14177972.ghtml","Rebeca was shot in Juazeiro do Norte, Ceará (Brazil) on 12 Dec 2025.

She was 34. #SayHerName #TransLivesMatter #TDoR",https://tdor.translivesmatter.info/reports/2025/12/12/rebeca_juazeiro-do-norte-ceara-brazil_77b26113,qrcodes/77b26113.png
Paulinha do Paraguaçu,,,,,trans_flag.jpg,21 Dec 2025,,"Santo Estevão, Bahia",Brazil,BR,-12.50764969,-39.32097282,violence,shot,"Paulinha's body was found with hands tied and multiple gunshot wounds next to a road in a rural area. The identity of her killer(s) is not known.

> A trans woman was found dead on Sunday morning (21), on Estrada da Boiadeira, in the rural area of Santo Estêvão, a municipality located 41 kilometers from Feira de Santana.
> 
> According to the Civil Police, the victim was identified as Paulinha do Paraguaçu. The body was found on the roadside median, in a seated position, leaning against a fence. The woman's hands and mouth were tied, and she had gunshot wounds to the head, arms, chest, and leg.
> 
> According to the police, Paulinha was wearing a red dress and black clogs. At the crime scene, teams from the Department of Technical Police (DPT) collected ammunition casings scattered along the street.
> 
> At this time, there is no information regarding the perpetrator or the motive for the homicide. The case will be investigated by the Territorial Police Station (DT) of Santo Estêvão.

https://www.correio24horas.com.br/minha-bahia/amarrada-e-executada-com-14-tiros-morte-de-mulher-trans-seria-recado-do-trafico-1225

https://www.metropoles.com/brasil/bahia-morte-de-mulher-trans-com-14-tiros-seria-recado-do-trafico

https://www.bnews.com.br/noticias/policia/morte-de-mulher-trans-em-feira-de-santana-e-investigada-como-possivel-crime-ligado-ao-trafico.html

https://www.barreirasnoticias.com/2025/12/mulher-trans-e-encontrada-morta-com.html

https://noticias.r7.com/bahia/balanco-geral-ba/mulher-trans-e-encontrada-morta-com-sinais-de-tortura-no-interior-da-bahia-22122025/

https://doistercos.com.br/mulher-trans-e-morta-a-tiros-no-interior-da-bahia-vitima-estava-com-maos-e-boca-amarradas/

https://www.correio24horas.com.br/bahia/mulher-trans-e-encontrada-morta-com-a-boca-e-as-maos-amarradas-na-bahia-1225

https://www.varelanet.com.br/noticias/policia/mulher-trans-e-morta-a-tiros-no-interior-da-bahia-com-maos-e-boca-amarradas

https://glomes.com.br/mulher-trans-e-encontrada-morta-com-sinais-de-tortura-em-cidade-baiana/?b=11

https://takta.com.br/policia/mulher-trans-e-executada-a-tiros-e-encontrada-amarrada-em-estrada/

https://glomes.com.br/mulher-trans-e-encontrada-morta-com-sinais-de-tortura-em-cidade-baiana/

https://www.faroldabahia.com.br/noticia/mulher-trans-e-encontrada-morta-com-maos-e-boca-amarrada-na-bahia

https://96fm.com.br/post/mulher-trans-e-encontrada-morta-com-maos-amarradas-e-marcas-de-tiros

https://infosaj.com.br/mulher-trans-e-encontrada-morta-com-maos-e-boca-amarradas-na-regiao-de-feira-de-santana/

https://www.cnnbrasil.com.br/nacional/nordeste/ba/mulher-trans-e-encontrada-morta-com-maos-e-boca-amarradas-na-bahia/

https://sociedadeonline.com/mulher-trans-e-achada-morta-e-amarrada/

https://www.metropoles.com/colunas/mirelle-pinheiro/mulher-trans-e-encontrada-morta-com-maos-amarradas-e-marcas-de-tiros

https://www.bahianoticias.com.br/amp/municipios/noticia/48701-mulher-trans-e-encontrada-morta-com-maos-e-boca-amarradas-na-regiao-de-feira-de-santana

https://seliguebahia.com.br/bahia/mulher-trans-e-encontrada-morta-com-marcas-de-tiros-no-interior-da-bahia/

https://aratuon.com.br/seguranca/mulher-trans-e-encontrada-morta-com-maos-e-boca-amarradas-no-interior-da-bahia

https://ubatanoticias.com.br/mulher-trans-e-morta-a-tiros-no-interior-da-bahia-vitima-estava-com-maos-e-boca-amarradas/

https://www.informecruzonline.com.br/mulher-trans-e-encontrada-morta-com-marcas-de-tiros-na-zona-rural-de-santo-estevao/

https://www.bnews.com.br/noticias/policia/mulher-trans-e-encontrada-morta-com-maos-e-boca-amarradas.html

https://atarde.com.br/bahia/mulher-trans-e-encontrada-morta-na-ba-com-maos-e-boca-amarradas-1373218

https://bahia.ba/bahia/mulher-trans-e-encontrada-morta-com-sinais-de-tortura-em-cidade-baiana/

https://blogdovalente.com.br/cidades/2025/12/corpo-de-mulher-trans-com-marcas-de-tiros-e-encontrado-na-zona-rural-de-santo-estevao/

https://g1.globo.com/ba/bahia/noticia/2025/12/21/mulher-trans-e-morta-a-tiros-no-interior-da-bahia.ghtml

https://diario.dopovo.com.br/2025/12/21/mulher-trans-e-encontrada-morta-a-tiros-na-bahia/

https://www.acordacidade.com.br/policia/mulher-trans-e-encontrada-morta-com-maos-e-boca-amarradas-em-santo-estevao/

https://www.facebook.com/carlosmodestoficial/posts/httpswwwbarreirasnoticiascom202512mulher-trans-e-encontrada-morta-comhtml/25372877159034647/

https://www.instagram.com/p/DSikn3tkomO/

https://www.instagram.com/p/DSiCLiwgIIQ/

https://www.youtube.com/watch?v=ET22xo2OcEc","The body of Paulinha do Paraguaçu was found with hands tied and multiple gunshot wounds next to a road in Santo Estevão, Bahia (Brazil) on 21 Dec 2025. #SayHerName #TransLivesMatter #TDoR",https://tdor.translivesmatter.info/reports/2025/12/21/paulinha-do-paraguacu_santo-estevao-bahia-brazil_2da81cb9,qrcodes/2da81cb9.png
Kariane,,,,,trans_flag.jpg,23 Dec 2025,,"Sobral, Ceará",Brazil,BR,-3.68297402,-40.35495691,violence,shot,"Kariane was shot dead in a cemetery by a group of men. The identity of her killers is not known.

> A transgender woman was shot dead in downtown Sobral, in the interior of Ceará, after being lured to the São José Cemetery, located near the city's public market. The victim was identified as Kariane.
> 
> According to information gathered by security forces, she was allegedly lured to the location by men whose identities have not yet been revealed. The investigation into the crime is being handled by the Civil Police of the State of Ceará (PCCE).

https://gcmais.com.br/noticias/2025/12/23/travesti-e-morta-a-tiros-apos-ser-atraida-a-cemiterio-em-sobral-no-ceara/

https://www.youtube.com/watch?v=Q8gt6nV2ObA

https://x.com/gcmaisonline/status/2003427024040493151

https://www.instagram.com/reels/DSmq6t5AAwH/","Kariane was shot by a group of men in Sobral, Ceará (Brazil) on 23 Dec 2025. #SayHerName #TransLivesMatter #TDoR",https://tdor.translivesmatter.info/reports/2025/12/23/kariane_sobral-ceara-brazil_59053dde,qrcodes/59053dde.png
Peu,41,,photos/2025_12_25_Peu.jpg,https://www.facebook.com/diariodobiturype/posts/um-costureiro-foi-assassinado-na-noite-da-ter%C3%A7a-feira-2312-por-volta-das-23h30-n/1347814720696031/,thumbnails/2025_12_25_Peu.jpg,25 Dec 2025,,"Brejo da Madre de Deus, Pernambuco",Brazil,BR,-7.97906335,-36.2516394,violence,stabbed,"Peu was a seamstress. She was killed inside a residence following an argument, allegedly after she had assaulted another woman.

> A seamstress was murdered on Tuesday night (23/12), around 23:30, in Sítio Baiacos, in the rural area of Brejo da Madre de Deus, Agreste de Pernambuco. The crime took place inside a home. The victim was identified as 41-year-old [deadname] da Silva, a seamstress, known by the nickname ""Peu"", who was found dead at the scene.
> 
> According to police information, the victim was consuming alcoholic beverages in the company of others when, motivated by jealousy, she allegedly assaulted a woman with a brick. In reaction, a man who was at the scene stabbed Cicero.
> 
> After the crime, the suspects fled before police arrived.

Two suspects were subsequently arrested.

https://blogdapolo.com.br/discussao-termina-com-transexual-assassinado-a-facadas-no-sitio-bandeiras-em-brejo-da-madre-de-deus/

https://www.diariodepernambuco.com.br/vida-urbana/2025/12/11703694-costureiro-e-morto-a-facadas-apos-agredir-mulher-com-tijolo-em-brejo-da-madre-de-deus.html

https://www.facebook.com/diariodobiturype/posts/um-costureiro-foi-assassinado-na-noite-da-ter%C3%A7a-feira-2312-por-volta-das-23h30-n/1347814720696031/

https://www.instagram.com/reels/DSuUvXCkcob/

https://www.instagram.com/p/DSupenXkXsW/","Peu was killed inside a residence following an argument in Brejo da Madre de Deus, Pernambuco (Brazil) on 25 Dec 2025.

She was 41, and worked as a seamstress. #SayHerName #TransLivesMatter #TDoR",https://tdor.translivesmatter.info/reports/2025/12/25/peu_brejo-da-madre-de-deus-pernambuco-brazil_b5e8f730,qrcodes/b5e8f730.png
Danny Siplin,33,,photos/2025_12_26_Danny-Siplin.jpg,https://www.facebook.com/permalink.php?story_fbid=pfbid0gDmq92dNv51b7EDxrXXgmq75raPrTNpcB3RV32kz2nwG9w4kbrs2iu2wBtVXePiRl&id=100077832310138,thumbnails/2025_12_26_Danny-Siplin.jpg,26 Dec 2025,,"Rochester, New York",USA,US,43.16574316,-77.62018408,suicide,possible suicide,"Danny's body was found near the Genesee River Gorge three days after he had gone missing.

> Danny “Dusse” Siplin, a 33-year-old Black transgender man who was reported missing last Tuesday, was found dead Friday in Rochester, New York.
> 
> Siplin’s body was found near the Genesee River Gorge, and his vehicle was found on Upper Falls Bridge with the motor running, the doors closed, and his wallet inside, TV station WHEC reports. He had spoken on the phone to his mother, Tracey Riley, Tuesday morning and said he wanted to take a ride and see the snow, but he would be back to drive her to work, as he usually did, the station notes. He never returned.
> 
> Most local reporting misgendered and deadnamed Siplin, but activists and friends in the area have identified him with male or gender-neutral pronouns. He is being remembered fondly.
> 
> He was involved with the Avenue Blackbox Theatre in Rochester, a company that focuses on the stories of LGBTQ+ people, BIPOC, and other marginalized populations. In a Facebook post, the theater group, known as Ave for short, called Siplin “a member of our Ave family” and a “truly special individual.”
> 
> The Western New York Ballroom Alliance posted on Facebook, “Danny’s presence, spirit, and impact will never be forgotten. This loss is deeply felt, and we stand in love, solidarity, and remembrance with everyone mourning today.”
> 
> “Whenever I saw Danny or spoke to them it was always positive vibes,” Tamara SweeTii King wrote on Facebook. “Always wanting to put something together for the community.”

https://gaycitynews.com/black-trans-man-found-dead-rochester/

https://www.yahoo.com/news/articles/missing-black-trans-man-danny-014503134.html

https://www.whec.com/top-news/mother-says-police-have-found-body-of-missing-loved-one/

https://www.yahoo.com/news/articles/family-confirms-death-missing-rochester-005509251.html

https://www.rochesterfirst.com/news/rpd/body-found-on-st-paul-street-rpd-investigates/

https://www.facebook.com/permalink.php?story_fbid=pfbid0gDmq92dNv51b7EDxrXXgmq75raPrTNpcB3RV32kz2nwG9w4kbrs2iu2wBtVXePiRl&id=100077832310138

https://www.facebook.com/avenueblackbox/posts/1483491183777661","The body of Sdanny Siplin was found in Rochester, New York (USA) on 26 Dec 2025.

He was 33, and had been missing for three days. #SayHisName #TransLivesMatter #TDoR",https://tdor.translivesmatter.info/reports/2025/12/26/danny-siplin_rochester-new-york-usa_2143f34a,qrcodes/2143f34a.png
Rosaline Mattaboni (""Rose""),22,19 Mar 2003,photos/2025_12_28_Rosaline-Mattaboni.jpg,https://www.snyderfuneralhome.com/obituary/rosaline-zachary-mattaboni/,thumbnails/2025_12_28_Rosaline-Mattaboni.jpg,28 Dec 2025,,"Millersville, Pennsylvania",USA,US,40.00617952,-76.35251521,uncategorised,not reported,"Rosaline passed away three days after Christmas.

> I would like to submit a name for a recent member of our local community that passed. Her name was Rosaline Mattaboni, 22, her current cause of death has not been released or said by her family and closer friends, but I would assume suicide as in her obituary is a link to donate to trans lifeline.

According to her obituary Rosaline had a degree in Computer Science and was interested in ""technology, Pokémon, music, creating beaded jewelry, and cooking"":

> Rosaline Mattaboni of Millersville passed away at age 22 on December 28, 2025. She was born in Harrisburg on March 19, 2003, and grew up in Carlisle.
> 
> She graduated from Carlisle High School and attended Millersville University. She graduated with a Bachelors Degree in Computer Science.
> 
> Rose was intelligent, kind, and compassionate with a vibrant personality. She was very friendly and had a way of making everyone she met feel comfortable and welcome. “She never met a stranger.” Some of her interests were technology, Pokémon, music, creating beaded jewelry, and cooking.
> 
> She will be deeply missed and always remembered.

*[Editor's Note: After the publication of thee page Rosaline's death was subsequently confirmed to have been the result of an overdose.]*


https://www.snyderfuneralhome.com/obituary/rosaline-zachary-mattaboni/","Rosaline Mattaboni passed away in Millersville, Pennsylvania (USA) on 28 Dec 2025.

She was 22. #SayHerName #TransLivesMatter #TDoR",https://tdor.translivesmatter.info/reports/2025/12/28/rosaline-mattaboni-rose_millersville-pennsylvania-usa_7e0f01f5,qrcodes/7e0f01f5.png
Shayne Cook,48,,photos/2025_12_30_Shayne-Cook.jpg,https://7news.com.au/news/goulburn-woman-sharn-cook-allegedly-stabbed-to-death-as-ex-girlfriend-and-new-partner-charged-with-murder-c-21577552,thumbnails/2025_12_30_Shayne-Cook.jpg,30 Dec 2025,,"Goulburn, New South Wales",Australia,AU,-34.74915104,149.7278586,violence,stabbed,"Shayne was nonbinary. Their former parter and her new boyfriend have been charged with one count of domestic violence-related murder.

> Shayne Cook had only celebrated their birthday a few weeks before they were killed.
>
> They were gender non-binary and used the name Shayne. Shayne was allegedly stabbed to death by their former partner and their former partner’s boyfriend in Goulburn, NSW, on December 30, 2025. Shayne's body was found on January 3, 2026. Anne-Marie Streek and Stephen Henry Evans are charged with Shayne's murder. 
>
> A person close to Shayne said they were fun-loving, had a great sense of humour and lived for their dogs.

> A friend of Cook’s, who asked to remain anonymous, told 7NEWS.com.au the small town was heartbroken.
> 
> The friend described Cook as a kind and generous person who loved American singer P!nk.
> 
> Another friend of Cook’s also remembered her as someone who would always help others.

https://australianfemicidewatch.org/she-matters/shayne-cook/

https://7news.com.au/news/goulburn-woman-sharn-cook-allegedly-stabbed-to-death-as-ex-girlfriend-and-new-partner-charged-with-murder-c-21577552

https://7news.com.au/news/ex-girlfriend-and-her-new-partner-charged-with-murder-after-woman-found-dead-in-goulburn-home-c-21549478

https://www.instagram.com/p/DUjRHKSk3dv/","Shayne Cook was murdered in Goulburn, New South Wales (Australia) on 30 Dec 2025.

They were 48, nonbinary and had celebrated their birthday a few weeks before they were killed. #SayTheirName #TransLivesMatter #TDoR",https://tdor.translivesmatter.info/reports/2025/12/30/shayne-cook_goulburn-new-south-wales-australia_02ec910d,qrcodes/02ec910d.png
Yuliza Orozco,,,photos/2025_12_30_Yuliza-Orozco.jpg,https://www.infobae.com/colombia/2026/01/01/consternacion-en-antioquia-por-asesinato-de-mujer-trans-defensora-del-pueblo-se-pronuncio-no-deberian-vivir-con-miedo/,thumbnails/2025_12_30_Yuliza-Orozco.jpg,30 Dec 2025,,"La Ceja, Antioquia",Colombia,CO,6.01487743,-75.45584082,violence,shot,"Yuliza's body was found with gunshot wounds on a road a few hours after her family had reported her missing.

> On December 30, 2025, Yulitza Orozco, a trans woman and member of the LGBT+ community, was found dead with multiple gunshot wounds to the head on the road connecting El Retiro and Pantanillo, in the municipality of La Ceja, in eastern Antioquia.
> 
> Her family had reported her disappearance to the authorities, and hours later her body was found with violent injuries. In addition to her loved ones, the community of La Ceja is devastated by the events, given that the victim was well-known in the area.
> 
> The organization Caribe Afirmativo presented figures from its Human Rights Observatory and warned that so far in 2025, 67 people from the LGBT+ community have been murdered in Colombia, including Yulitza Orozco. In a message published on X, the group demanded that the Prosecutor's Office conduct the investigation with a gender perspective and expressed its condolences to Orozco's family and friends.
> 
> “ We deeply regret the murder of Yulitza, a trans woman, in La Ceja, Antioquia . We call on the Colombian Attorney General's Office (@FiscaliaCol) to investigate this crime with a gender perspective. We extend our condolences to her friends and family,” the organization stated on social media.
> 
> The Ombudsman, Iris Marín, condemned the murder of the trans woman and attributed the events to a case of discrimination that escalated into the worst possible scenario of violence. Like Caribe Afirmativo, she expressed her condolences to the victim's family.
> 
> “The murder of trans women is one of the crimes that demonstrates the levels of discrimination that should be intolerable in a democratic society . A heartfelt embrace of solidarity with the loved ones of Yulitza Orozco and all LGBTQ+ people. They should not have to live in fear and vulnerability,” the official stated.

https://www.msn.com/es-co/noticias/other/investigan-el-asesinato-de-yulitza-orozco-mujer-trans-hallada-sin-vida-en-el-oriente-antioque%C3%B1o/ar-AA1TsQYg

https://plataformatrans.es/index.php/2026/01/02/colombia-hallan-cuerpo-de-una-mujer-trans-que-habia-sido-reportada-como-desaparecida-en-el-oriente-antioqueno/

https://www.infobae.com/colombia/2026/01/01/consternacion-en-antioquia-por-asesinato-de-mujer-trans-defensora-del-pueblo-se-pronuncio-no-deberian-vivir-con-miedo/

https://www.alertapaisa.com/noticias/antioquia/investigan-el-asesinato-de-yulitza-orozco-mujer-trans-hallada-sin-vida-en-el-oriente-antioqueno

https://www.eltiempo.com/colombia/medellin/investigan-el-homicidio-de-una-mujer-trans-en-el-oriente-antioqueno-fue-hallada-con-heridas-de-bala-3521084

https://es-us.noticias.yahoo.com/24-horas-asesinaron-mujeres-antioquia-172441894.html

https://caracol.com.co/2025/12/31/asesinaron-a-una-mujer-trans-en-la-ceja-antioquia/

https://www.pulzo.com/nacion/violencia-de-genero-en-antioquia-feminicidios-y-crimenes-contra-mujeres-trans-en-aumento-PP4974758A","The body of Yuliza Orozco was found with gunshot wounds on a road in La Ceja, Antioquia (Colombia) on 30 Dec 2025

Her family had reported her missing a few hours earlier. #SayHerName #TransLivesMatter #TDoR",https://tdor.translivesmatter.info/reports/2025/12/30/yuliza-orozco_la-ceja-antioquia-colombia_37bf151a,qrcodes/37bf151a.png
Luva Noemí Madera Covarrubias,35,,photos/2026_01_01_Luva-Noemi-Madera-Covarrubias.jpg,https://www.facebook.com/photo?fbid=213050422431453&set=a.102888573447639,thumbnails/2026_01_01_Luva-Noemi-Madera-Covarrubias.jpg,1 Jan 2026,,"Puerto Vallarta, Jalisco",Mexico,MX,20.731965,-105.182217,violence,run over,"Luva was found dead on the Puerto Vallarta–Guadalajara highway. According to Observatorio de Feminicidios Ensenada, she had been deliberately run over in an ""opportunistic homicide"".

> A woman was found dead in the municipality of Puerto Vallarta on the Puerto Vallarta–Guadalajara highway, near the bridge over the Mascota River and in the lane heading from Nayarit towards Puerto Vallarta, on the morning of Thursday, January 1, 2026.
> 
> According to reports to the 911 emergency number, a person was reported lying on the asphalt, and National Guard officers were immediately dispatched to the scene. Upon arrival, the officers confirmed that it was a woman located in the lane heading from Nayarit toward Puerto Vallarta.
> 
> Minutes later, highway paramedics arrived and, after examining the woman, confirmed that she had no vital signs. The area was then cordoned off to preserve the scene and allow for the corresponding investigation.
> 
> State Police officers also arrived at the scene and took note of the events, while National Guard personnel collected evidence and notified the appropriate authorities.
> 
> The woman's identity remains unknown, as do the circumstances of her death. It has not yet been determined whether she was struck by a vehicle or if her body was dumped at that location. The relevant authorities will be responsible for conducting the corresponding investigations to clarify what happened.

Lava was a professional stylist and makeup artist who was originally from Santiago Ixcuintla in the state of Nayarit.

Her Facebook profiles are https://www.facebook.com/luvanoemi.maderacovarrubias.9, https://www.facebook.com/luvanoemi.maderacovarrubias and https://www.facebook.com/profile.php?id=100010665104480.

https://www.ntrguadalajara.com/post.php?id_nota=238923

https://www.facebook.com/anodis/posts/el-1-de-enero-del-2026-nohem%C3%AD-madera-covarrubias-mujer-trans-fue-encontrada-as3s/1518598416273159/

https://www.facebook.com/share/p/1CudJr7EfK/

https://www.facebook.com/share/p/1EYTiexgg2/

https://www.facebook.com/share/v/18QMYMZe4P/

https://www.facebook.com/share/p/1CXqZU2wxa/

https://www.facebook.com/share/p/17Z2xJ57n9/

https://www.facebook.com/share/p/1KgPqgJpKx/","The body of Luva Noemí Madera Covarrubias was found on a highwy in Puerto Vallarta, Jalisco (Mexico) on 1 Jan 2026.

She was 35. #SayHerName #TransLivesMatter #TDoR",https://tdor.translivesmatter.info/reports/2026/01/01/luva-noemi-madera-covarrubias_puerto-vallarta-jalisco-mexico_4f059779,qrcodes/4f059779.png
Sthepanny Cassiano da Silva,25,,photos/2026_01_01_Sthepanny-Cassiano-da-Silva.jpg,https://www.topelegance.com.br/noticia-detalhe/34540/heroismo-fatal-mulher-trans-foi-morta-ao-salvar-mae-e-filha-em-sao-joao-batista,thumbnails/2026_01_01_Sthepanny-Cassiano-da-Silva.jpg,1 Jan 2026,,"São João Batista, Santa Catarina",Brazil,BR,-27.27207184,-48.8489487,violence,stabbed,"Sthepanny was killed in a residence while protecting a mother and daughter from an armed assailant. Her killer fled.

> An act of extreme courage ended in tragedy and marked the early morning of the first day of 2026 in São João Batista. Upon witnessing a violent situation inside a residence, a transgender woman intervened to protect a mother and daughter, managing to remove them from the location and remaining to prevent further aggression. Gravely injured, she was taken to the hospital but died shortly after arrival.
> 
> The victim was identified as Sthepanny Cassiano da Silva, a native of Recife and using a social name confirmed by the authorities. The incident was registered in the city center, around 5:20 am, after a call to attend to a case initially classified under the Maria da Penha Law, on Rua Clotilde Mazera.
> 
> Sthepanny Cassiano da Silva intervened to protect a woman and a child during an attack inside a residence and succumbed to her injuries. At the scene, teams found Sthepanny injured and began providing initial care. The Mobile Emergency Care Service and the Fire Department provided assistance and transported her to Monsenhor José Locks Hospital. A helicopter was mobilized for a possible transfer, but the procedure was not carried out. The victim did not survive her injuries.
> 
> According to preliminary information gathered by authorities, the attack began with assaults against a woman and a child. Sthepanny reportedly intervened to remove them from danger, but was struck while trying to prevent further attacks. The suspect fled before the arrival of police teams and had not yet been located as of Thursday morning.

Stephanny's Facebook and Instagram profiles are https://www.facebook.com/stephanny.cassiana/ and https://www.instagram.com/stephanny_cassiana/.

https://galeramix.com.br/materia/mulher-trans-e-morta-a-facadas-pelo-companheiro-em-sao-joao-batista-11643

https://radiocidadesc.com.br/noticia/8158/mulher-trans-morre-apos-ser-esfaqueada-durante-a-virada-do-ano-em-sao-joao-batista

https://radiocidadesc.com.br/noticia/7874/radio-cidade-promove-segunda-edicao-do-projeto-verao-n-cidade-na-praia-ainda-este-mes

https://diretoaoponto-sc.com.br/noticia/56041/em-ato-de-coragem-mulher-trans-e-assassinada-ao-salvar-mae-e-filho-de-agressao

https://rc.fm.br/web/page_noticia/id_995173/

https://ndmais.com.br/seguranca/mulher-trans-morta-a-facadas-em-sc-defendeu-amiga-de-agressor/

https://www.topelegance.com.br/noticia-detalhe/34540/heroismo-fatal-mulher-trans-foi-morta-ao-salvar-mae-e-filha-em-sao-joao-batista

https://ndmais.com.br/video/mulher-trans-morre-ao-salvar-mae-e-filha-no-vale-do-rio-tijucas/

https://www.tvguararapes.com.br/jornalismo/mulher-trans-pernambucana-e-assassinada-em-sc-ao-defender-amiga-de-agressoes

https://www.diariodepernambuco.com.br/vida-urbana/2026/01/11704155-mulher-trans-pernambucana-e-assassinada-em-santa-catarina-ao-defender-amiga-de-agressoes.html

https://portalmenina.com.br/mulher-trans-e-morta-apos-ataque-com-mais-de-dez-facadas-em-sao-joao-batista/

https://www.topelegance.com.br/noticia-detalhe/34538/quem-e-a-vitima-do-primeiro-homicidio-de-2026-em-sao-joao-batista

https://www.tvbrusque.com.br/noticia/102341/mulher-trans-e-morta-a-facadas-no-centro-de-sao-joao-batista

https://www.olhovivocan.com.br/vitima-morta-em-ataque-com-faca-em-sjb-e-mulher-trans-de-25-anos-e-foi-identificada/

https://jornalrazao.com/seguranca/mulher-trans-e-morta-ao-proteger-mae-e-filha/

https://www.instagram.com/p/DS-zSqnEVsf/

https://www.instagram.com/reels/DTAmx4pEc8W/

https://www.instagram.com/reels/DS-4yV0gZ8_/

https://www.instagram.com/reels/DTBvmZPjs2i/

https://www.instagram.com/reels/DTBaKHrlSYH/

https://www.instagram.com/reels/DTOXvAEAFWp/

https://www.facebook.com/radiomeninabc/posts/-brutalidade-mulher-trans-%C3%A9-morta-ap%C3%B3s-ataque-com-mais-de-dez-facadas-em-s%C3%A3o-jo%C3%A3/1499472915516193/

https://www.facebook.com/clube88.5/posts/-atualiza%C3%A7%C3%A3o-mulher-trans-morta-em-ataque-com-arma-branca-%C3%A9-identificada-em-s%C3%A3o-/1719102166148970/

https://www.facebook.com/groups/pgmreal/permalink/33184223357890881

https://www.facebook.com/jornaldiariodepernambuco/posts/mulher-trans-pernambucana-%C3%A9-assassinada-em-santa-catarina-ao-defender-amiga-de-a/1321947796639555/

https://www.facebook.com/portalchicosabetudo/photos/uma-mulher-trans-de-40-anos-foi-morta-a-facadas-na-madrugada-de-1%C2%BA-de-janeiro-em/889313950415969/

https://www.facebook.com/groups/pgmreal/posts/33184223357890881/

https://x.com/PortalNDMais/status/2007137311176163774","Sthepanny Cassiano da Silva was killed while protecting a mother and daughter from an armed assailant in São João Batista, Santa Catarina (Brazil) on 1 Jan 2026..

She was 25. #SayHerName #TransLivesMatter #TDoR",https://tdor.translivesmatter.info/reports/2026/01/01/sthepanny-cassiano-da-silva_sao-joao-batista-santa-catarina-brazil_9b5dab35,qrcodes/9b5dab35.png
Bijli,,,photos/2026_01_02_Bijli.jpg,https://www.facebook.com/permalink.php?story_fbid=pfbid0LSrMY2ErDWxy6fqKDw8fg2WPDQ5XaoATi3xUzUzYSydcF7zq99QcwB3kMC7sdz6Hl&id=100068113328107,thumbnails/2026_01_02_Bijli.jpg,2 Jan 2026,,"Peshawar, Khyber Pakhtunkhwa",Pakistan,PK,34.0207687,71.53781082,violence,shot,"Bijli was shot during an argument. Her killer is being sought by police.

> A transgender person was killed in a firing incident near Shagai Bridge in Peshawar, police said.
> 
> As per the details, the incident took place within the limits of the Faqirabad police station where the deceased, identified as [deadname] aka Bijli, was [killed] over a friendship dispute.
> 
>  A case has been registered against a suspect identified as Waqar aka Sheena.
> 
> According to the FIR [First Information Report], the incident took place as Waqar came to meet [Bijli]. An argument broke out between the two during the meeting and the suspect opened fire, killing [Bijli] on the spot.
> 
> Police said raids were being conducted to arrest the accused and further investigation into the incident is underway.

https://24newshd.tv/03-Jan-2026/trans-person-among-two-shot-dead-peshawar

https://thecurrent.pk/dispute-with-friend-turns-deadly-as-transgender-person-shot-dead

https://en.dailypakistan.com.pk/02-Jan-2026/transgender-person-shot-dead-in-peshawar-2

https://www.dawn.com/news/1964697/transgender-person-shot-dead-in-peshawar

https://www.facebook.com/permalink.php?story_fbid=pfbid0LSrMY2ErDWxy6fqKDw8fg2WPDQ5XaoATi3xUzUzYSydcF7zq99QcwB3kMC7sdz6Hl&id=100068113328107

https://www.youtube.com/watch?v=-kIsrmhrLoc

https://www.youtube.com/watch?v=L0794rZF_Ok","Bijli was shot during an argument in Peshawar, Khyber Pakhtunkhwa (Pakistan) on 2 Jan 2026. #SayHerName #TransLivesMatter #TDoR",https://tdor.translivesmatter.info/reports/2026/01/02/bijli_peshawar-khyber-pakhtunkhwa-pakistan_54617aab,qrcodes/54617aab.png
Kemilly Bittencourt,,,photos/2026_01_02_Kemilly-Bittencourt.jpg,https://www.instagram.com/p/DKY6hsGAZ-V/,thumbnails/2026_01_02_Kemilly-Bittencourt.jpg,2 Jan 2026,,"Três Rios, Rio de Janeiro",Brazil,BR,-22.0894898,-43.22135686,violence,suffocated and stabbed,"Kemilly was killed by her partner. He was arrested after trying to dispose of her body.

> A trans woman was murdered on Friday (2) in Três Rios (RJ). According to the Civil Police, the suspect is her partner, who was arrested.
>
> The crime occurred in the early hours of Friday, in the Santa Terezinha neighborhood. According to the Civil Police, the man attacked her with a ""mata-leão"" (chokehold) during an argument and then stabbed her in the neck. The victim did not survive and died.
>
> The Civil Police also reported that he left the body at the scene for about 2 hours. Afterwards, the man picked up the body and took it to the Habitat neighborhood. Initially, he tried to throw the car and the body into a river. The vehicle ended up with its rear end sticking out of the water.
>
> “After failing to throw the car into the river, he removed the corpse from the trunk, used an axe to try to dismember the victim to facilitate the transport of the body. He also failed. Thus, he carried the victim for a few meters into a thicket and covered the corpse with vegetation,” said Gustavo Menini, deputy delegate of Três Rios.
>
> The man was found and arrested during the day on Friday. The victim's body was also located in a wooded area. A forensics team was at the scene to gather information that could help in the investigations. Afterwards, the body was taken to the Forensic Medical Institute (IML) of Petrópolis. The axe and knife used in the crime were seized.

Kemily's Facebook and Instagram profiles are https://www.facebook.com/kemilly.bittencourt.7/ and https://www.instagram.com/kemillybittencourt23/.

https://www.jornalalemparahyba.com.br/2026/01/mulher-trans-e-assassinada-por-seu-companheiro-em-tres-rios/

https://www.radiofmshow.com.br/site/mulher-trans-e-brutalmente-assassinada-no-rj-companheiro-foi-preso/

https://g1.globo.com/google/amp/rj/sul-do-rio-costa-verde/video/mulher-trans-e-brutalmente-assassinada-no-rj-companheiro-foi-preso-14224771.ghtml

https://www.facebook.com/Gjps1/posts/mulher-trans-%C3%A9-morta-e-companheiro-confessa-crime-caso-%C3%A9-investigado-pela-pol%C3%ADci/2003625370517252/

https://www.facebook.com/webradiopiabanha/posts/tr%C3%AAsrios-rj-mulher-trans-%C3%A9-morta-pelo-companheiro-que-se-entrega-a-policia-e-con/1309142691236840/

https://www.facebook.com/enquantoissoemtr/photos/uma-mulher-trans-identificada-como-kemilly-bittencourt-foi-encontrada-morta-no-b/875351788548161/

https://www.facebook.com/entreriosjornal/posts/uma-mulher-trans-identificada-como-kemilly-bittencourt-foi-morta-em-tr%C3%AAs-rios-na/1406126054856328/

https://www.facebook.com/reclamacoestr/posts/crime-brutal-em-tr%C3%AAs-rios-homem-se-entrega-ap%C3%B3s-matar-companheira-transexual-e-o/1319081973569515/

https://www.facebook.com/entreriosjornal/posts/a-morte-da-mulher-trans-kemilly-bittencourt-moradora-do-bairro-vila-isabel-teve-/1406346174834316/

https://www.facebook.com/groups/653225818084056?multi_permalinks=33209918811988002","Kemilly Bittencourt was killed by her partner in Três Rios, Rio de Janeiro (Brazil) on 2  Jan 2026. #SayHerName #TransLivesMatter #TDoR",https://tdor.translivesmatter.info/reports/2026/01/02/kemilly-bittencourt_tres-rios-rio-de-janeiro-brazil_d694ebc1,qrcodes/d694ebc1.png
Jade Roberts,25,,photos/2026_01_02_Jade-Roberts.jpg,https://www.facebook.com/Houstonpolice/posts/pfbid0ta4B7brUZgFASujke59oSxEvCjugzpEq8V5bMZGRqYmALVa15ZxMt557NdmxSEW8l,thumbnails/2026_01_02_Jade-Roberts.jpg,2 Jan 2026,,"Houston, Texas",USA,US,29.73450714,-95.5011046,violence,shot,"Jade's body was found wrapped in a tarp in an abandoned building. Social media posts suggest they may have been gender nonconforming.

Media coverage of Jade's murder are almost nonexistent, and their murder did not come to light until four months later.

> On January 2, 2026, Jade Roberts was found at an old Wells Fargo building at Hillcroft between Richmond and Westheimer on the second day of the year, wrapped in a tarp. The city was Houston. Jade was a 25 year old Black trans person.
> 
> Houston police told ABC13 that Jade had been shot and possibly moved to this final resting space, one known for many reported petty crimes. Five months later, there are no leads, no progress, no suspects, and no closure for Jade’s loved ones or the larger Houston trans community. You can read Jade’s obituary here.
> 
> Jade has most often been identified using male pronouns and their assigned name. But also with the name Jade, by friends and family, in photos of Jade with others, and by law enforcement. Jade’s social media profile are dated and suggest they may have more openly lived or expressed a gender nonconforming identity.
> 
> I’ve noticed most of their family members used their names interchangeably and posted photos of Jade in what we consider femme hairstyles, clothing, and makeup. Comments from family members express surprise when they posted newer images, but no one said anything mean or implied rejection. The impression is that Jade’s family loved them without limit. I hope that love sustained Jade and will comfort their family.
> 
> Media coverage has been almost nonexistent. There are no leads or suspects. But I’m not truly surprised that the shooting death of a Black transperson wrapped in a tarp and dumped in an abandoned building has slid under the radar. Shocking yes, but not surprising.
> 
> Rest in power, Jade. Your life was important. Like the gemstone that shares your name, you were precious and immortal. Thus, the true circumstances around your death is also important. Thank you for the love and kindness you brought to this world. You were ripped away from your family, your community, and all of us far too soon.
> 
> May your memory be a revolution.

https://www.pghlesbian.com/2026/05/25-year-old-black-trans-texan-jade-roberts-was-shot-and-left-at-abandoned-building-in-early-2026/

https://www.transunitedfund.com/p/jade-roberts-a-black-trans-texan

https://abc13.com/post/family-man-found-dead-abandoned-building-southwest-houston-pleads-justice/18357572/

https://www.houstontx.gov/police/nr/2026/apr/nr260427-9.htm

https://www.instagram.com/p/DYsqGO-sHgc/

https://www.facebook.com/ThomasDTiffany/posts/justice-for-jadarius-roberts-also-known-as-jadejadarius-roberts-also-known-as-ja/1357340489544433/

https://www.facebook.com/Houstonpolice/posts/pfbid0ta4B7brUZgFASujke59oSxEvCjugzpEq8V5bMZGRqYmALVa15ZxMt557NdmxSEW8l

https://www.facebook.com/Houstonpolice/posts/tips-wanted-hpd-homicide-would-like-to-speak-to-anyone-who-has-informaiton-about/1469560398541431/","The body of Jade Roberts was found wrapped in a tarp in an abandoned building in Houston, Texas (USA) on 2 Jan 2026.

They was 25. Social media posts suggest that they may have been gender nonconforming. #SayTheirName #TransLivesMatter #TDoR",https://tdor.translivesmatter.info/reports/2026/01/02/jade-roberts_houston-texas-usa_7d357b9b,qrcodes/7d357b9b.png
Catia,20,,photos/2026_01_03_Catia.jpg,https://www.candelaestereo.com/bogota/mujer-trans-de-20-anos-fue-asesinada-brutalmente-en-bogota/,thumbnails/2026_01_03_Catia.jpg,3 Jan 2026,,"Bogotá, Distrito Capital",Colombia,CO,4.69347814,-74.11232634,violence,beaten,"Catia was beaten to death in the street by two men who arrived on a motorcycle. Her assailants fled.

> BOGOTÁ DC, COLOMBIA (JAN 4, 2026) – A violent crime that occurred early Thursday morning has caused outrage and dismay in the Engativá district, in northwestern Bogotá. A transgender woman was beaten to death by two men in the Florida Blanca neighborhood, a few meters from the intersection of Carrera 91 and Calle 68.
> 
> The victim, whose identity has not yet been established by authorities, was with a friend and, according to witnesses, was attacked with a blunt object by two men who arrived on a motorcycle. The attack was direct and brutal. After beating her, the assailants fled the scene, leaving her lying on the sidewalk, where she died from the severity of her injuries.
> 
> According to preliminary reports, the trans woman had been at a nearby bar hours earlier, and minutes before the attack she was talking with her companion on a platform when the attackers arrived without warning.
> 
> Testimonies gathered by local media indicate that the victim was approximately 20 years old, short in stature, and was wearing a red top. It was also mentioned that she worked in the area and was known to some residents, although the reasons for the attack are still under investigation.

https://www.infobae.com/colombia/2026/01/07/consternacion-en-bogota-por-mujer-trans-de-20-anos-que-fue-asesinada-a-golpes/

https://caracol.com.co/2026/01/06/asesinaron-a-golpes-en-bogota-a-catia-una-mujer-trans-de-20-anos-esto-se-sabe/

https://www.candelaestereo.com/bogota/mujer-trans-de-20-anos-fue-asesinada-brutalmente-en-bogota/

https://www.elespectador.com/bogota/crimen-de-catia-mujer-transgenero-asi-esta-el-panorama-de-violencias-y-retos-en-bogota/

https://subaalternativa.co/joven-trans-asesinada-brutalmente-en-engativa/

https://zonacero.com/judiciales/mujer-trans-murio-tras-ser-atacada-brutalmente-golpes-en-bogota

https://web.archive.org/web/20260106035405/https://www.qhubobogota.com/judiciales/engativa-mujer-trans-asesinada/

https://www.elespectador.com/bogota/mujer-trans-fue-asesinada-a-golpes-en-bogota-autoridades-buscan-a-los-responsables/

https://analisisurbano.org/mujer-trans-fue-asesinada-a-golpes-en-engativa-investigan-brutal-ataque-en-la-madrugada/

https://www.qhubobogota.com/judiciales/engativa-mataron-golpes-mujer-trans/

https://www.facebook.com/infobaecolombia/posts/asesinato-de-mujer-trans-en-bogot%C3%A1-causa-indignaci%C3%B3n-y-exige-respuestas-de-las-a/1319361986873227/

https://www.facebook.com/infobaecolombia/posts/asesinato-de-mujer-trans-en-bogot%C3%A1-causa-indignaci%C3%B3n-y-exige-respuestas-de-las-a/1319361986873227/

https://www.facebook.com/QhuboBogota1/posts/judiciales-una-mujer-trans-fue-asesinada-en-la-madrugada-en-la-localidad-de-enga/1302893538538167/

https://www.facebook.com/QhuboBogota1/photos/judiciales-una-mujer-trans-fue-asesinada-en-la-madrugada-en-la-localidad-de-enga/1304423058385215/

https://www.instagram.com/p/DTD69kKEjmS/

https://www.youtube.com/watch?v=bQ7OBCje9_g

https://x.com/CatalinariasCol/status/2008665533546459616

https://x.com/RocioDussanPer/status/2008617494521536713

https://x.com/AngelicaLozanoC/status/2008519231415955750

https://x.com/Subalternativa/status/2008197303971299684","Catia was beaten to death in the street in Bogotá, Distrito Capiital (Colombia) on 3 Jan 2026.

She was 20. #SayHerName #TransLivesMatter #TDoR",https://tdor.translivesmatter.info/reports/2026/01/03/catia_bogota-distrito-capital-colombia_a844a10e,qrcodes/a844a10e.png
Shilpa,36,,,,trans_flag.jpg,3 Jan 2026,,"Chennai, Tamil Nadu",India,IN,13.05766026,80.1551411,violence,beaten,"Shilpa's body was found inside a makeshift shelter. A suspect was arrested.

> A 36-year-old transgender person was found murdered inside a makeshift [shelter] off the Vanagaram service road in Chennai on Saturday.
> 
> The victim was identified as [deadname] alias Shilpa, 36, a resident of Chettiyar Agaram near Maduravoyal. Police said Shilpa was engaged in sex work and frequently visited the Vanagaram service road area.
> 
> According to preliminary investigations, Shilpa was last seen on the service road on Friday night. Police suspect that unknown persons took her to a nearby tin shed in the Indira Nagar locality, where she was assaulted and killed. Her body was found lying in a pool of blood inside the makeshift structure on Saturday morning.
> 
> Local residents who noticed the body alerted the Vanagaram police. A police team rushed to the spot, conducted a preliminary inspection, and sent the body to the Government Kilpauk Medical College Hospital for a post-mortem.
> 
> The Vanagaram police have registered a case and launched an investigation. Officers are examining CCTV footage from the service road and surrounding areas to identify those involved. Further inquiries are under way to determine the motive behind the murder.

A suspect named Dhurjan, 22, was subsequently identified and arrested by police.

https://www.dtnext.in/news/chennai/chennai-guest-worker-held-for-transgenders-murder

https://www.newindianexpress.com/cities/chennai/2026/Jan/04/chennai-trans-woman-found-murdered-in-makeshift-shed-in-chennai

https://timesofindia.indiatimes.com/city/chennai/trans-woman-found-killed-in-tent/articleshow/126325411.cms

https://www.dtnext.in/news/tamilnadu/trans-person-found-dead-in-vanagaram

https://www.thehindu.com/news/cities/chennai/probe-on-as-transgender-person-found-murdered-in-vanagaram/article70467399.ece","Shilpa's body was found inside a makeshift shelter in Chennai, Tamil Nadu (India) on 3  Jan 2026.

She was 36. #SayHerName #TransLivesMatter #TDoR",https://tdor.translivesmatter.info/reports/2026/01/03/shilpa_chennai-tamil-nadu-india_d637a34a,qrcodes/d637a34a.png
Aitana,22,,photos/2026_01_04_Aitana.jpg,https://www.eldiariodechihuahua.mx/estado/2026/jan/04/denuncian-colectivas-transfeminicidio-de-aitana-761631.html,thumbnails/2026_01_04_Aitana.jpg,4 Jan 2026,,"Ciudad de México, CDMX",Mexico,MX,19.43215492,-99.13902616,violence,stabbed,"Aitana was killed in a knife attack in the centre of Cuauhtémoc.

> Cuauhtémoc, Chih.- A trans woman identified as Aitana was murdered in the city of Cuauhtémoc, activists and collectives reported this Sunday.
> 
> According to a social media post by Mayté Regina Tardes, of Unión y Fuerza de Mujeres Trans Chihuahuenses, Aitana was the victim of a knife attack in the center of the city.
> 
> ""We demand justice and a swift investigation that adheres to human rights and does not revictimize the victim and her community of sex workers. The events occurred in the city center, which is why we call on the authorities of that municipality to clarify the situation and arrest whoever is responsible,"" the activist stated.
> 
> For its part, the LGBTTIQ+ Collective Niráami Cuauhtémoc also issued a statement demanding justice from authorities at all three levels of government for the victim of transfeminicide.
> 
> ""As the LGBTTIQ+ Niraami Collective we raise our voice to strongly condemn the hate crime committed against Aitana, a member of our LGBTTIQ+ community.
> 
> Her loss not only deeply hurts his family and loved ones, but it also hurts us as a community, as it highlights the violence and discrimination that still persist against those of us who live our identity freely.""

https://oem.com.mx/elheraldodechihuahua/local/pedimos-queno-se-revictimice-a-la-joven-union-y-fuerza-de-mujeres-transchihuahuenses-sobre-caso-de-aitana-27557529

https://www.infobae.com/mexico/2026/01/10/justicia-para-aitana-colectivo-lgbt-denuncia-transfeminicidio-en-chihuahua-y-exige-accion-legal/

https://laparadadigital.com/matan-a-mujer-trans/

https://gbmradio.com/noticia/137618

https://arnoticias.com.mx/pub/64806

https://www.eldiariodechihuahua.mx/local/2026/jan/05/asesinaron-a-mujer-trans-con-arma-punzocortante-761735.html

https://oem.com.mx/elheraldodechihuahua/local/mantiene-fiscalia-dos-lineas-de-investigacion-en-caso-de-asesinato-de-mujer-transgenero-en-cuauhtemoc-27526658

https://www.eldiariodechihuahua.mx/estado/2026/jan/04/denuncian-colectivas-transfeminicidio-de-aitana-761631.html

https://www.instagram.com/p/DTTDpsJjhJN/

https://www.facebook.com/anodis/posts/pfbid0387gmRwHBFCwFFqirvJ5cZvafJtSwTC8Lqs6yT6VyChxtHJjDx7TGWnECzZz61sBnl?rdid=DrtejM8FZiY12YhR#

https://x.com/YaajMexico/status/2010024635442622766

https://x.com/OEMParral/status/2009381707993002480","Aitana was killed in a knife attack in the centre of Cuauhtémoc, Ciudad de México, CDMX (Mexico) on 4 Jan 2026.

She was 22. #SayHerName #TransLivesMatter #TDoR",https://tdor.translivesmatter.info/reports/2026/01/04/aitana_ciudad-de-mexico-cdmx-mexico_94b88604,qrcodes/94b88604.png
Raylla Oliveira,,,photos/2026_01_06_Raylla-Oliveira.jpg,https://redeondadigital.com.br/brasil/mulher-trans-estrada-maranhao,thumbnails/2026_01_06_Raylla-Oliveira.jpg,6 Jan 2026,,"São José de Ribamar, Maranhão",Brazil,BR,-2.57883773,-44.18467036,violence,beaten,"Raylla's body was found on a road. The identity of her killer(s) is not known.

> The body of a transgender woman was found on Tuesday morning (January 6th) in the Estrada da Mata region, in São José de Ribamar, in Greater São Luís. The death was confirmed by a team from the Mobile Emergency Care Service (SAMU), which was called to the scene.
> 
> According to SAMU (the Brazilian emergency medical service), an Advanced Life Support Unit was at the scene, but the victim was already showing no vital signs. The victim's identity had not been released at the time of the last update.
> 
> Professionals who responded to the incident reported signs of a possible beating, raising suspicion of a violent crime. The cause of death has not yet been officially confirmed and depends on the forensic investigation. The Military Police reported that residents of the area said they did not recognize the victim as a local resident.
> 
> The case will be investigated by the Civil Police, who will determine the dynamics, authorship, and motivation of the death after the expert reports are completed.

https://oimparcial.com.br/noticias/2026/01/corpo-de-mulher-trans-e-encontrado-com-marcas-de-violencia-em-sao-jose-de-ribamar/

https://redeondadigital.com.br/brasil/mulher-trans-estrada-maranhao

https://slz.online/cidade-noticias-de-sao-luis-hoje/identificada-mulher-trans-morta-com-requintes-de-crueldade-em-sao-jose-de-ribamar/2026/01/07/

https://maranhaonewstv.com/mulher-trans-e-encontrada-morta-em-via-de-sao-jose-de-ribamar/

https://m.imirante.com/noticias/sao-jose-de-ribamar/2026/01/07/corpo-e-encontrado-com-marcas-de-tiros-e-agressoes-em-matinha-em-sao-jose-de-ribamar

https://g1.globo.com/ma/maranhao/noticia/2026/01/07/mulher-trans-e-encontrada-morta-com-marca-de-tiro-e-agressoes-no-bairro-matinha-em-sao-jose-de-ribamar.ghtml

https://blogdomarcosilva.com.br/mulher-trans-e-encontrada-morta-com-sinais-de-violencia-em-sao-jose-de-ribamar/

https://www.facebook.com/slzonlineoficial/posts/uma-mulher-trans-foi-encontrada-morta-na-tarde-desta-ter%C3%A7a-feira-06-na-avenida-d/1510596267092004/

https://lucianapombo.com.br/noticia/14222/mulher-trans-e-encontrada-morta-apos-ter-sido-espancada-video.html

https://www.facebook.com/slzonlineoficial/photos/uma-mulher-trans-foi-encontrada-morta-na-tarde-desta-ter%C3%A7a-feira-06-na-avenida-d/1510596263758671/

https://www.facebook.com/slzonlineoficial/posts/uma-mulher-trans-foi-encontrada-morta-na-tarde-desta-ter%C3%A7a-feira-06-na-avenida-d/1510596267092004/

https://www.instagram.com/maiobao.city/reel/DTMENMWDb3i/

https://www.instagram.com/p/DTMFGPoEQ8C/

https://www.instagram.com/maiobao.city/reel/DTMENMWDb3i/

https://www.instagram.com/p/DTMGxEHDbfl/

https://www.instagram.com/reels/DTL9P5tkXHv/

https://www.instagram.com/reels/DTN6AlcieNO/

https://x.com/imparcialonline/status/2008952037913055483

https://www.youtube.com/watch?v=MKyNTiT-4oU","The body of Raylla Oliveira was found on a road in the Estrada da Mata region of São José de Ribamar, Maranhão (Brazil) on 6 Jan 2026. #SayHerName #TransLivesMatter #Tdo",https://tdor.translivesmatter.info/reports/2026/01/06/raylla-oliveira_sao-jose-de-ribamar-maranhao-brazil_fb310090,qrcodes/fb310090.png
Name Unknown,,,,,trans_flag.jpg,7 Jan 2026,,"Porto Alegre, Rio Grande do Sul",Brazil,BR,-30.02031255,-51.11358506,violence,shot,"The victim was shot in the street by the occupants of a passing vehicle. Her identity is not known.

> A transgender woman was shot and killed in the Jardim Dona Leopoldina neighborhood, in the northern part of Porto Alegre (RS). The crime occurred at night, when occupants of a car drove by and fired several shots at the victim, who died before receiving medical assistance. The Civil Police are investigating the case and looking into the motive for the homicide.

https://noticias.r7.com/rio-grande-do-sul/guaiba-no-ar/travesti-e-assassinada-a-tiros-em-via-publica-na-zona-norte-de-porto-alegre-rs-07012026/

https://www.facebook.com/jacqueline.chanel.92/posts/pfbid02BuG9rrb3GxhZuToPPZevNrg4mksVpt4kxBB2gAtFsiaGSjqnYzZEp2D4U7NCHhTwl

https://www.youtube.com/watch?si=rla-Fb9_4esviZbA","An unidentified #trans woman was shot in the street by the occupants of a passing vehicle in Porto Alegre, Rio Grande do Sul (Brazil) on 7 Jan 2026. #SayHerName #TransLivesMatter #TDoR",https://tdor.translivesmatter.info/reports/2026/01/07/name-unknown_porto-alegre-rio-grande-do-sul-brazil_4a47ce3e,qrcodes/4a47ce3e.png
Esra Koca,40,,photos/2026_01_07_Esra-Koca.jpg,https://kaosgl1.org/gokkusagi-forumu-kose-yazisi/esra-nin-ardindan,thumbnails/2026_01_07_Esra-Koca.jpg,7 Jan 2026,,Ankara,Turkey,TR,39.90985142,32.86301143,suicide,possible suicide,"Esra's body was found in her home. She was a quiet person who loved cooking and although she was estranged from her parents other members of her family were affirming.

> In Ankara in Turkey, Esra Koca, a 40 yo trans woman, was found dead in her house on January 7, 2026. She had been dead for at least 15 days when she was found. She loved cooking. 
> 
> She was estranged from her parents who abandoned her at a young age, but her brother is now trying to get her justice. The police couldn't tell if it was suicide or a murder disguised in suicide.
> 
> The local queer activists and a few family members organised her funerals and her identity as a woman was respected.

![](2026_01_07_Esra-Koca2.jpg)

> Although Esra's parents didn't show much interest in the funeral, her brother and cousin were quite welcoming. Her brother stated that he had searched for her for years, trying to find her, and that if he had found her, he would have accepted her in every way. According to her brother's account, Esra was left at a Children's Protection Institution in Samsun because of her feminine nature, and because of the fear of gossip from relatives and neighbors, who were ashamed of her. Her brother was also left there. A painting she made while at the institution was submitted to a competition and won first prize. A newspaper of the time featured an interview with her about her experiences at the institution, along with news of her artistic achievements. Her brother stated that he kept the painting and the newspaper article. This was her first and only media coverage, apart from LGBT+ press coverage of her suspicious death and funeral.
> 
> Her brother agrees with activists and lawyers that her death was suspicious. He has testified that the death was suspicious and is cooperating with Pembe Hayat [Pink Life] and Kaos GL lawyers to ensure an investigation is conducted. Furthermore, a very welcome development for all of us is the decision, reached through a consensus among activists and family members, that Esra will be laid to rest in Ankara alongside her comrades. Moreover, her tombstone will bear her own name, Esra Koca.
> 
>  If we hadn't met her there that day, we might not even have known she was transgender. The fact that, at the request of the families, her coffin was moved from the men's section to the women's section, and that she was referred to as Esra Koca, the deceased, during the funeral prayer, were extraordinary achievements. As a result of this encounter and the subsequent mobilization, we sent her off at the young age of 40, surrounded by a crowd of comrades, fellow activists, LGBT+ families, her brother, and her niece, embracing her existence and using her own name. Throughout the entire process, activists from Pembe Hayat, Lambdaistanbul, Kaos GL, and Galader demonstrated incredible organization and solidarity, honoring her struggle.
> 
> According to her friends, Esra was a wonderful cook. She was a very skilled cook, kind-hearted, well-intentioned, resilient, and compassionate.
> 
> Let's hope that if this is a murder, it will be solved and the culprit(s) punished. If she left us by suicide, let's hope the reasons that drove her to suicide are thoroughly investigated. We will be following the case and will never leave her alone again.

https://kaosgl1.org/gokkusagi-forumu-kose-yazisi/esra-nin-ardindan

https://www.facebook.com/groups/1570448163283501/posts/4427104190951203","The body of Esra Koca was found in her home in Ankara (Turkey) on 7 Jan 2026. She had been dead for at least 15 days.

Esra was 40, and was a quiet person who loved cooking. #SayHerName #TransLivesMatter #TDoR",https://tdor.translivesmatter.info/reports/2026/01/07/esra-koca_ankara-turkey_b328f26d,qrcodes/b328f26d.png
Jullyana Freitas Leite,40,,photos/2026_01_08_Jullyana-Freitas-Leite.jpg,https://ubatanoticias.com.br/mulher-trans-e-morta-a-tiros-apos-cliente-se-recusar-a-pagar-programa-em-feira-de-santana/,thumbnails/2026_01_08_Jullyana-Freitas-Leite.jpg,8 Jan 2026,,"Feira de Santana, Bahia",Brazil,BR,-12.25408753,-38.93671992,violence,shot,"Jullyana was shot dead by a client.

> A 40-year-old trans woman was shot dead on Thursday night (8), in Feira de Santana, the second largest city in Bahia. According to the Civil Police, the crime occurred after a client refused to pay for a service.
> 
> The victim was identified as Jullyana Freitas Leite. She was found dead around 10 PM in a house on Rua Los Angeles in the Parque Getúlio Vargas neighborhood.
> 
> According to preliminary investigations, Jullyana rented rooms in the property to meet clients and received a man around 8 pm. After the encounter, the suspect refused to pay for the service. To ensure she received the money, the victim kept the client's cell phone. He left the premises saying he would get the money.
> 
> Minutes later, the man returned armed, shot Jullyana, and fled on a motorcycle. The suspect's cell phone was left at the scene and seized by the police. Two of the victim's cell phones and a car parked in front of the residence were also collected. (g1)


https://emtempo.com.br/444011/pais-e-mundo/mulher-trans-e-morta-a-tiros-apos-cobrar-pagamento-de-programa/

https://bahia.ba/bahia/mulher-e-morta-a-tiros-em-feira-de-santana-apos-discussao-sobre-pagamento/

https://atarde.com.br/policia/suspeito-de-matar-mulher-trans-na-bahia-e-ouvido-e-liberado-1376389

https://www.redeseliga.com.br/noticias/feira-de-santana--ba/1663076-travesti--morta-com-tiro-na-nuca-aps-desentendimento-com-cliente

https://www.cn1.com.br/noticias/3/138814,mulher-trans-e-assassinada-a-tiros-apos-cliente-se-recusar-a-pagar-programa-em-feira-de-santana

https://g1.globo.com/ba/feira-de-santana-regiao/noticia/2026/01/16/suspeito-de-matar-mulher-trans-na-bahia-foi-ouvido-e-liberado.ghtml

https://www.acordacidade.com.br/policia/suspeito-de-matar-mulher-trans-se-apresenta-na-delegacia-e-e-liberado/

https://doistercos.com.br/mulher-trans-e-assassinada-em-feira-de-santana/

https://seliguebahia.com.br/seguranca/mulher-trans-e-morta-a-tiros-em-feira-de-santana/

https://www.meionews.com/policia/mulher-e-morta-a-tiros-apos-discussao-por-valor-de-programa-na-bahia-552015

https://takta.com.br/policia/mulher-e-morta-a-tiros-em-feira-de-santana/

https://vozdabahia.com.br/mulher-trans-e-morta-a-tiros-em-feira-de-santana-na-bahia/

https://g1.globo.com/ba/feira-de-santana-regiao/noticia/2026/01/09/mulher-trans-e-morta-a-tiros-na-bahia.ghtml

https://ubatanoticias.com.br/mulher-trans-e-morta-a-tiros-apos-cliente-se-recusar-a-pagar-programa-em-feira-de-santana/

https://glomes.com.br/mulher-trans-e-morta-a-tiro-em-feira-de-santana-suspeito-esta-foragido/

https://www.bnews.com.br/noticias/policia/mulher-trans-e-assassinada-tiros-apos-homem-se-recusar-pagar-programa-confira-detalhes.html

https://www.correio24horas.com.br/minha-bahia/mulher-e-morta-a-tiros-apos-discussao-por-programa-em-feira-de-santana-0126

https://midiabahia.com.br/mulher-trans-e-morta-a-tiros-apos-discussao-com-cliente-em-feira-de-santana/

https://aratuon.com.br/seguranca/policia-investiga-morte-de-mulher-baleada-em-residencia-de-feira-de-santana

https://blogdovalente.com.br/cidades/feira-de-santana/2026/01/mulher-trans-e-morta-a-tiros-apos-cliente-se-recusar-a-pagar-programa-em-feira-de-santana/

https://www.ibahia.com/noticias/seguranca/mulher-trans-e-morta-a-tiros-apos-cliente-nao-pagar-programa-na-bahia-360351

https://atarde.com.br/policia/mulher-trans-e-morta-apos-discussao-por-pagamento-de-programa-na-bahia-1375461

https://www.psnoticias.com.br/policia/travesti-e-morta-com-tiro-na-nuca-apos-discussao-com-suposto-cliente-em-feira/

https://www.acordacidade.com.br/policia/travesti-e-assassinada-em-feira-de-santana-policia-apreendeu-celular-do-suspeito/

https://www.instagram.com/p/DTTOryPDTbx/","Jullyana Freitas Leite was shot dead by a client in Feira de Santana, Bahia (Brazil) on 8 Jan 2026.

She was 40. #SayHerName #TransLivesMatter #TDoR",https://tdor.translivesmatter.info/reports/2026/01/08/jullyana-freitas-leite_feira-de-santana-bahia-brazil_0b059b5e,qrcodes/0b059b5e.png
Saman Abdi,,,photos/2026_01_08_Saman-Abdi.jpg,https://x.com/VlVSlES/status/2016990875541524915,thumbnails/2026_01_08_Saman-Abdi.jpg,8 Jan 2026,,,Iran,IR,34.80805575,46.49384358,violence,shot,"Saman was killed by Iranian regime forces.

> About Saman Abdi and [Nima Abasi](https://tdor.translivesmatter.info/reports/2026/01/09/nima-abbasi_isfahan-iran_c3cc6cac). Two Iranian trans men
> 
> I don't know if this sub is the right place to post this. They were both trans men from Iran, both were shot by the regime in January 8th and 9th. I just think we should know the names and remember trans people exist everywhere and they must be protected, just like anyone else.
> 
> Nima Abasi, appearantly, was just supposed to have his commission for changing his gender marker the next Wednesday. I don't know much more about them. I just thought we should know the names at the very least.


In January 2023 - two years before he was killed by them - Saman had been abducted by the Iranian regime. At the time he was living in Javanrud.

> The Iranian government forces in Javanrud abducted a 20-year-old citizen named Saman Abdi from his family home.
> 
> According to the report received by the Hengaw Organization for Human Rights, on January 16, 2023, government forces abducted Saman Abdi, a resident of Javanrud, and took him to an unknown place.
> 
> According to an informed source, this citizen was abducted by these forces as soon as he arrived home after returning from Tehran.
> 
> So far, no detailed information has been made available about the location, state of health, or reasons for the kidnapping of Saman Abdi by government agencies.

*[Editor's Note: The location of Saman's murder was not reported.]*

https://www.reddit.com/r/ftm/comments/1qq308e/about_saman_abdi_and_nima_abasi_two_iranian_trans/

https://hengaw.net/en/news/archive/57946

https://bsky.app/profile/delinquentwhore.bsky.social/post/3mdm64nicrc2k

https://x.com/VlVSlES/status/2016990875541524915",Saman Abdi was killed by Iranian regime forces on 8 Jan 2026. #SayHisName #TransLivesMatter #TDoR,https://tdor.translivesmatter.info/reports/2026/01/08/saman-abdi_iran_447ab4fc,qrcodes/447ab4fc.png
Heilly Marcela,,,photos/2026_01_09_Heilly-Marcela.jpg,https://www.instagram.com/caribeafirmativo/p/DTTwLLWjr1a/,thumbnails/2026_01_09_Heilly-Marcela.jpg,9 Jan 2026,,"Cali, Valle del Cauca",Colombia,CO,3.41994451,-76.52634758,violence,not reported,"Heilly was reportedly murdered. No other information is known.

> Caribe Afirmativo warns that this murder adds to the worrying continuation of lethal violence against trans women in the country. Many of these have occurred in contexts of social exclusion, informal employment, and lack of state protection. 
> 
> We reiterate our call for these cases to be investigated with a gender and diversity perspective and due diligence, and not treated as isolated incidents

https://www.instagram.com/caribeafirmativo/p/DTTwLLWjr1a/","Heilly Marcela was reportedly killed in Cali, Valle del Cauca (Colombia) on 9 Jan 2026. #SayHerName #TransLivesMatter #TDoR",https://tdor.translivesmatter.info/reports/2026/01/09/heilly-marcela_cali-valle-del-cauca-colombia_b080cab8,qrcodes/b080cab8.png
Nima Abbasi,23,,photos/2026_01_09_Nima-Abbasi.jpg,https://hengaw.net/en/news/2026/01/article-221,thumbnails/2026_01_09_Nima-Abbasi.jpg,9 Jan 2026,,Isfahan,Iran,IR,32.65863012,51.66641362,violence,shot,"Nima died after being shot by Iranian security forces.

> Nima Abbasi, a 23-year-old transgender man from Isfahan, was killed after being shot by Iranian government forces during protests in the city. He is the second transgender man whose killing during the recent protests in Iran has been verified by [Hengaw](https://hengaw.net/en).
> 
> According to information received by Hengaw Organization for Human Rights, Abbasi was shot in the head during protests in Isfahan while a friend was attempting to escort him home. The shooting took place at around 9:00 p.m. on Friday, January 9, 2026. He sustained critical injuries and later died after being taken to medical facilities.
> 
> Hengaw has learned that after being wounded, Abbasi was placed in a vehicle by his friends to be taken to hospital. However, he was transported to Asgariyeh Hospital instead of the originally intended Sa‘i Hospital, after which his whereabouts remained unknown for nearly a week.
> 
> After a week of follow-up, it was confirmed on January 15, 2026, that Abbasi had died near Asgariyeh Hospital due to the severity of his injuries. His body was subsequently transferred to Bagh-e Rezvan Cemetery. His family was able to retrieve his body on Friday, January 16, and he was buried the following day, Saturday, January 17, in the village of Gashnizjan, Isfahan Province.
> 
> Based on reports received by Hengaw, Abbasi was a transgender man who had been undergoing the legal process of gender affirmation and was scheduled to appear before the relevant medical commission in the near future.
> 
> For documentation purposes, Hengaw has recorded Abbasi’s legal name internally but does not use his deadname in public reporting, out of respect for his identity.
> 
> Hengaw has also obtained a copy of Abbasi’s death notice, in which his legal name appears.

https://hengaw.net/en/news/2026/01/article-221

https://www.facebook.com/Hengaw.en/posts/pfbid02nhakB4dwGRnzeJ6SPyEwHv6nPvHGUmZCqmuyGsJPs2w8FghhkxQtN9q5cLt7CWvsl

https://x.com/chiyaqa/status/2017328165568282655

https://bsky.app/profile/delinquentwhore.bsky.social/post/3mdm64nicrc2k","Nima Abbasi died after being shot by Iranian security forces in Isfahan (Iran) on 9 Jan 2026.

He was 23. #SayHisName #TransLivesMatter #TDoR",https://tdor.translivesmatter.info/reports/2026/01/09/nima-abbasi_isfahan-iran_c3cc6cac,qrcodes/c3cc6cac.png
""La Venezolana"",,,photos/2026_01_12_La-Venezolana.jpg,https://www.instagram.com/p/DTcGHo_jnHG/,thumbnails/2026_01_12_La-Venezolana.jpg,12 Jan 2026,,"Daule, Guayas",Ecuador,EC,-1.86498653,-79.97931133,violence,murdered,"""La Venezolana"" was murdered - possibly by a client. She had travelled to Daule from El Oro before being murdered.

> Silueta X, Plataforma Nacional TRANS Ecuador (Coalitrans) and Federación Ecuatoriana Organizaciones LGBTI condemn the murder of a Venezuelan trans woman, known as ""the Venezuelan,"" which occurred in the early morning of January 12 in the Daule canton, Guayas province.
> 
> According to the testimonies gathered, ""the Venezuelan woman"" previously resided in El Oro, where she collaborated with local foundations and was recognized as a calm person dedicated to her work, the organizations said in their statement.
> 
> At the beginning of January, she moved to Daule with other colleagues.
> 
> She worked as a sex worker independently through digital platforms. According to LGBT+ groups, initial reports suggest the crime may have been planned under the guise of a fake service.
> 
> The organizations warned that the case highlights the double vulnerability faced by transgender migrant women in Ecuador.
> 
> They indicated that the body of ""the Venezuelan woman"" remains in the morgue, with difficulties in its removal because there are no direct relatives in the country to carry out the legal procedure.
> 
> In response to this, Plataforma Nacional TRANS Ecuador and Federación Ecuatoriana Organizaciones LGBTI demanded that the Attorney General's Office initiate an investigation. The organizations demand that it be done under the transfeminicide protocol, considering the cruelty and the context of vulnerability.

https://www.elcomercio.com/actualidad/seguridad/denuncian-primer-transfemicidio-2026-ecuador-2025-contabilizaron-30-asesinatos-daule-guayas/

https://www.facebook.com/SiluetaX/posts/pfbid0EvLgTFA3uqt6UtxCUEnihcBbmFx15UaZ1yGgvDp8BPHu8W4czy7LDwMkUw8HGKHPl","""La Venezolana"" was murdered in Daule, Guayas (Ecuador) on 12 Jan 2026. #SayHerName #TransLivesMatter #TDoR",https://tdor.translivesmatter.info/reports/2026/01/12/la-venezolana_daule-guayas-ecuador_a1813c23,qrcodes/a1813c23.png
""La Peli"",31,,photos/2026_01_15_La-Peli.jpg,https://elpilon.com.co/vallenato/asesinato-de-mujer-trans-en-valledupar-enciende-alertas-defensores-exigen-garantias-y-acciones-urgentes,thumbnails/2026_01_15_La-Peli.jpg,15 Jan 2026,,"Valledupar, Cesar",Colombia,CO,10.47540019,-73.28701669,violence,shot,"La Peli was shot in the street by an unidentified assailant riding a motorcycle.

> The murder of a trans woman, legally identified as [deadname] Martínez Leal, 31, which occurred on the afternoon of Thursday, January 15, in the La Nevada neighborhood, in Valledupar, unleashed the rejection of human rights defenders, who demanded greater security guarantees and concrete actions by local authorities.
>
> According to the Valledupar Metropolitan Police, the event took place around 5:15 in the afternoon on Carrera 48 and Calle 6-8. The victim was attacked with a firearm by a subject riding a motorcycle who, according to witnesses, fired indiscriminately before fleeing the scene. The victim was taken to the Eduardo Arredondo Daza Hospital, La Nevada headquarters, where she was admitted without vital signs.
>
> The victim, known in the community as 'la Peli', was a trans woman of Venezuelan nationality, who had arrived in the capital of Cesar approximately three months ago and was carrying out informal activities in the area at the time of the attack.

https://elpilon.com.co/vallenato/asesinato-de-mujer-trans-en-valledupar-enciende-alertas-defensores-exigen-garantias-y-acciones-urgentes

https://www.infobae.com/colombia/2026/01/16/asesinato-de-un-ciudadano-lgbtiq-en-valledupar-sicario-le-disparo-dos-veces-a-quemarropa

https://quintopoder.com.co/persona-transgenero-es-asesinada-a-bala-en-el-barrio-la-nevada-de-valledupar/

https://www.instagram.com/reels/DTlgELbjb7P/

https://www.facebook.com/PortalEnlac/posts/peli-la-mujer-trans-asesinada-ten%C3%ADa-m%C3%A1s-de-dos-meses-de-estar-radicada-en-valled/1501008585357863/

https://www.facebook.com/CartagenaCalienteOfficial/posts/la-persona-asesinada-ser%C3%ADa-un-joven-transg%C3%A9nero-conocido-en-el-sector-por-dedica/122156419514652196/

https://x.com/Soyquintopoder/status/2011954554443604257","La Peli was shot in the street in Valledupar, Cesar (Colombia) on 15 Jan 2026.

She was 31. #SayHerName #TransLiveMatter #TDoR",https://tdor.translivesmatter.info/reports/2026/01/15/la-peli_valledupar-cesar-colombia_d745ba72,qrcodes/d745ba72.png
Ivy Jones,28,14 Oct 1997,photos/2026_01_16_Ivy-Jones.jpg,https://starksfuneral.com/obituary/ivy-jones/,thumbnails/2026_01_16_Ivy-Jones.jpg,16 Jan 2026,,"Salt Lake City, Utah",USA,US,40.76155956,-111.8928189,uncategorised,not reported,"Ivy was a software engineer who loved gaming, coding and travelling. The cause of her death was not reported.

> Ivy Jones, 28, passed away on January 16. Ivy was deeply loved and brought laughter, warmth, and a quiet sense of belonging to all who were fortunate enough to know her.
> 
> Born on October 14, 1997, at American Fork Hospital, Ivy had a rare ability to excel at anything she genuinely cared about. She was thoughtful, kind, and never placed herself above others. Ivy had a natural gift for making people feel welcome, seen, and valued.
> 
> She loved gaming, coding, traveling, and long conversations filled with curiosity and ideas. A lifelong self-learner, Ivy discovered computer programming at age 12 after learning the basics from her dad. From there, she taught herself through YouTube and independent study, becoming an exceptional programmer well before college and ultimately earning her degree in computer programming.
> 
> Ivy was effortlessly talented. Whether throwing a football, skateboarding, playing tennis, riding the unicycle, or picking up a guitar, she seemed to master things instinctively. She taught herself guitar online and loved jamming to blues tracks, often stopping everyone nearby just to listen.
> 
> Ivy was always welcoming—a place you could go and simply… be. There were always games, snacks, and a calm, gentle atmosphere that made people feel at ease the moment they arrived. She kept regular, cherished routines with friends, including weekly video game nights with Oscar and pretzel-bite evenings with Autumn. Ivy’s space was a place to sit, relax, and enjoy quiet companionship. She was, in every sense, the introvert’s introvert.

https://starksfuneral.com/obituary/ivy-jones/","Ivy Jones passed away in Salt Lake City, Utah (USA) on 16 Jan 2026. The cause of her death was not reported.

She was 28 and was a software engineer who loved gaming, coding and travelling. #SayHerName #TransLivesMatter #TDoR",https://tdor.translivesmatter.info/reports/2026/01/16/ivy-jones_salt-lake-city-utah-usa_f7e16bc5,qrcodes/f7e16bc5.png
Julissa,31,,photos/2026_01_19_Julissa.jpg,https://peru21.pe/policiales/crimen-en-cercado-de-lima-hombre-mata-su-pareja-trans-en-jiron-penaloza/,thumbnails/2026_01_19_Julissa.jpg,19 Jan 2026,,Cercado de Lima,Peru,PE,-12.04894405,-77.04132407,violence,stabbed,"Julissa was killed by her partner.

> A horrific crime has shocked the residents of Cercado de Lima. A 31-year-old trans woman, known to her loved ones as Julissa, was found dead inside a room after being attacked with a knife.
> 
> The main suspect is her partner, Yilmer Alexander Medina Rafael, who was arrested by the National Police as he tried to leave the scene.
> 
> The bloody episode came to light when the victim's relatives, worried about his absence, went to the property located on Jirón Peñaloz.
> 
> The deceased's sister, was the one who found Medina Rafael with traces of blood on his face. According to initial investigations, the suspect allegedly stabbed Julissa up to seven times with a table knife. What is most disturbing for the authorities is that, after the attack, the assailant allegedly remained in the room and slept next to the body for several hours before being discovered.
> 
> When cornered by family members and the police, the suspect confessed to committing the act, although he claimed it was ""self-defense"" after an alleged mutual fight, showing cuts on his own body to support his version.
> 
> However, the detainee's criminal record complicates his legal situation. PNP Colonel Marcial Flores revealed that Medina Rafael is not unknown to the justice system, as he has a criminal record for aggravated robbery and crimes against sexual freedom.

https://peru21.pe/policiales/crimen-en-cercado-de-lima-hombre-mata-su-pareja-trans-en-jiron-penaloza/

https://www.americatv.com.pe/noticias/actualidad/detienen-hombre-asesinar-su-pareja-trans-casona-n514953

https://www.facebook.com/SantaRosaRadioTv/posts/%EF%B8%8F-una-mujer-transg%C3%A9nero-fue-asesinada-a-pu%C3%B1aladas-por-su-pareja-identificado-com/1603123494603994/

https://x.com/exitosape/status/2013576132952551897

https://x.com/noticiAmerica/status/2013229666560053673

https://x.com/exitosape/status/2013690345175777643","Julissa was killed by her partner inCercado de Lima, Lima (Peru) on 19 Jan 2026.

She was 31. #SayHerName #TransLivesMatter #TDoR",https://tdor.translivesmatter.info/reports/2026/01/19/julissa_cercado-de-lima-peru_b4738c06,qrcodes/b4738c06.png
Claudia Priscila Galván,53,,,,trans_flag.jpg,20 Jan 2026,,"Quilmes Oeste, Buenos Aires",Argentina,AR,-34.7323821,-58.30703623,violence,stabbed,"Claudia's body was found in a residence with a stab wound to the neck. A man was arrested on homicide charges after being restrained at the scene by Claudia's brother.

> A 53-year-old transgender woman, identified as Claudia Priscila Galván, was found dead with a stab wound to the neck in a house in Quilmes Oeste. A 27-year-old man was arrested and charged with homicide in connection with the crime.
> 
> According to the local media outlet Inforbano, the incident occurred on Tuesday, January 20, when personnel from the Tactical Operations Group (GTO) of the Quilmes 5th Police Station went to the area of calle ​​Mosconi, between Liniers and Lamadrid, after a report of a confrontation.
> 
> Upon arrival, the officers found a man restraining a young man and pointing him out, very agitated, as the alleged murderer of his sister.
> 
> During the procedure, officers identified the suspect, Cristian, 27, and searched him, finding a cell phone, pills, a lighter, and other personal items in his backpack. Simultaneously, another patrol unit went to a residence at calle Lamadrid 3800, where the body of the transgender woman was found in a small house at the back of the property.
> 
> During the search, they noticed that the inside of the room was in disarray and that, in addition, the weapon used to commit the crime could not be found.
> 
> SAME confirmed the death at the scene and identified the victim as Claudia Priscila Galván, 53, who had a stab wound to the neck.

https://www.agencianova.com/nota.asp?n=2026_1_25&id=163363&id_tiponota=24

https://www.zonasurdiario.com.ar/2026/01/hallaron-asesinada-una-mujer-trans-en.html

https://www.agencianova.com/nota.asp?n=2026_1_23&id=163363&id_tiponota=24

https://www.infobae.com/sociedad/policiales/2026/01/23/asesinaron-a-una-mujer-trans-en-quilmes-y-detuvieron-a-un-hombre-de-27-anos/

https://www.cronica.com.ar/policiales/Impactantes-detalles-sobre-el-asesinato-de-la-mujer-trans-que-fue-encontrada-degollada-en-una-casilla-20260122-0003.html

https://fmsur889.com.ar/contenido/14908/una-mujer-trans-fue-asesinada-en-quilmes-su-familia-detuvo-al-atacante

https://lanoticiadequilmes.com.ar/nota.php?id_noticia=12949

https://www.eldia.com/nota/2026-1-21-12-5-0-trans-murio-apunalada-en-quilmes-oeste-y-hermano-de-la-victima-detuvo-al-sospechoso-quilmes

https://diariolaopinion.com.ar/policiales/mujer-fue-degollada-un-preso.htm

https://www.inforegion.com.ar/2026/01/21/una-mujer-trans-fue-asesinada-en-el-conurbano-su-familia-detuvo-al-atacante/

https://www.cronica.com.ar/policiales/Macabro-degollaron-a-una-mujer-trans-y-por-el-crimen-hay-un-sospechoso-detenido-20260121-0038.html

https://www.infoquilmes.com.ar/noticias/55424-investigan-un-travesticidio-en-quilmes-oeste-hay-un-detenido-acusado-del-crimen/

https://www.perspectivasur.com/3/141622-homicidio-un-hombre-fue-reducido-por-vecinos-y-termin-detenido

https://diario5dias.com.ar/noticia/Impactante-caso-Quilmes-Oeste-mujer-trans-muri%C3%B3","The body of Claudia Priscila Galván was found in a residence in Quilmes Oeste, Buenos Aires (Argentina) on 20 Jan 2026.

She was 53. #SayHerName #TransLivesMatter #TDoR",https://tdor.translivesmatter.info/reports/2026/01/20/claudia-priscila-galvan_quilmes-oeste-buenos-aires-argentina_3b46a9a3,qrcodes/3b46a9a3.png
Vicky,,,,,trans_flag.jpg,22 Jan 2026,,"La Esperanza, Trujillo",Peru,PE,-8.07778237,-79.04016004,violence,beaten,"Vicky's body was found with signs of violence under her bed. No other information is known.

> TRANSGENDER PERSON MURDERED IN LA ESPERANZA | A body was found on Monagas, block 15, in the La Esperanza district. The victim was found under her bed with visible signs of beatings . She is believed to be named Vicky.

https://www.facebook.com/watch/?v=912081247821875","Vicky's body was found with signs of violence under her bed in La Esperanza, Trujillo (Peru) on 22 Jan 2026. #SayHerName #TransLivesMatter #TDoR",https://tdor.translivesmatter.info/reports/2026/01/22/vicky_la-esperanza-trujillo-peru_44cfd6db,qrcodes/44cfd6db.png
Yeye,,,photos/2026_01_22_Yeye.jpg,https://www.instagram.com/caribeafirmativo/p/DT3lCS5DuQQ/,thumbnails/2026_01_22_Yeye.jpg,22 Jan 2026,,"Santander de Quilichao, Cauca",Colombia,CO,3.0133086,-76.48333186,violence,not reported,"Yeye was reportedly murdered. No other information is known.

> We mourn the murder of Yeye, a trans woman, in Santander de Quilichao. Her murder occurs within a context of high and persistent levels of violence in Cauca, a department plagued by the presence of multiple armed groups, illegal economies, and a weak institutional capacity to guarantee the protection of the civilian population, particularly those in situations of greater social vulnerability. 
> 
> We reiterate our call to local and national authorities to investigate this crime with due diligence and a gender and diversity perspective, and to adopt effective prevention and protection measures, especially in territories where armed violence and social exclusion intersect. 
> 
> Trans lives matter. No death can be normalized or explained away by precariousness, homelessness, or institutional neglect. Guaranteeing life, dignity, and justice is an inescapable obligation of the State.

https://www.instagram.com/caribeafirmativo/p/DT3lCS5DuQQ/","Yeye was reportedly killed in Santander de Quilichao, Cauca (Colombia) on 22 Jan 2026. #SayHerName #TransLivesMatter #TDoR",https://tdor.translivesmatter.info/reports/2026/01/22/yeye_santander-de-quilichao-cauca-colombia_3fa82e44,qrcodes/3fa82e44.png
Valentina Taiga Azul Delú,36,,photos/2026_01_23_Valentina-Delu.jpg,https://fmfutura.com.ar/2026/01/29/sonrie-valentina/,thumbnails/2026_01_23_Valentina-Delu.jpg,23 Jan 2026,,"La Plata, Buenos Aires",Argentina,AR,-34.91900133,-57.95098844,suicide,suicide,"Valentina died by suicide. Among other things she was a musician, writer and video game builder who worked with a local radio station and was a fan of chocolate milk.

> Valentina Taiga Azul Delú was a musician, bassist, writer, radio operator, sound engineer, video game builder, Minecraft architect, beginner Chinese translator, antifascist, Visual Kei fan, chocolate milk fan, and a fan of some bitter mate.
>
> She charmed those who knew her with her wit, humor, imagination, and tenderness. She loved to chat and debate, but she avoided confrontations, and that made her very special.
>
> She was admired by listeners who were amazed by the stories, facts, reflections, or music she discussed daily.
>
> She had an amazing capacity for work and learning. Sometimes she was late, but in three seconds she'd have everything ready to go. She said she didn't like little kids, and yet all the little kids wanted to spend time with her. Her jokes and imagination captivated them. And I'm floating in the most peculiar way, and the stars look very different today.
>
> The day Valentina left was the day the radio stopped. And then, we remembered her smile. And we laughed. There will be some dreams left unfulfilled; I look at the photos of the future, and that's where you'll realize the sea you forgot within me.
>
> Smile Valentina, here we go, with you through whatever comes.

https://fmfutura.com.ar/2026/01/29/sonrie-valentina/

https://eleditorplatense.com/policiales/hallaron-una-joven-vida-el-teatro-argentino-la-plata-n5383008

https://www.infoeme.com/nota/2026-1-23-15-7-0-la-plata-encuentran-a-una-joven-sin-vida-en-el-teatro-argentino-y-presumen-un-suicidio

https://andigital.com.ar/nota/138247/hallaron-sin-vida-a-una-joven-en-el-teatro-argentino-e-investigan-posible-suicidio/

https://www.infocielo.com/judiciales-y-policiales/conmocion-en-la-plata-una-joven-fue-hallada-sin-vida-en-el-teatro-argentino-y-se-investigan-las-causas

https://diarioconurbano.com.ar/sociedad/conmocion-en-la-plata-encuentran-a-una-joven-sin-vida-en-un-subsuelo-del-teatro-argentino/

https://medianews.com.ar/2026/01/24/horror-en-el-teatro-argentino-de-la-plata-encuentran-muerta-a-una-joven-trans/

https://www.labuenainfo.com/noticia/la-plata-hallaron-sin-vida-a-una-joven-en-el-teatro-argentino

https://diarioelnorte.com.ar/conmocion-en-la-plata-hallaron-sin-vida-a-una-joven-de-26-anos-en-el-teatro-argentino/

https://diariohoy.net/trama-urbana/horror-en-el-teatro-argentino-279134

https://www.cadenaba.com.ar/nota.php?Id=107106

https://www.threads.com/@amarrecifes/post/DT3VR2fDRkU/este-viernes-una-joven-de-anos-fue-hallada-sin-vida-en-el-teatro-argentino-de

https://www.instagram.com/p/DUEu4wVDcqJ/

https://www.instagram.com/p/DT3Xi9PinAt/

https://www.facebook.com/RadioFutura905/posts/pfbid0zvh2HVzAMZfXboKjEk97cENAmdTW3PggAZX6xj6WV4GogM9maPKT5qhmsYw4g46dl

https://www.facebook.com/roberto.delu/posts/pfbid02vK8BWWM4aeGQ9HM4GthbmzwsQGhu44GLUBFsVBexDfGj3TbVkZUeqN3k1mb9yJoPl

https://x.com/MariOCLP/status/2014769520670388389

https://x.com/laplatauno/status/2015099946647609683","Valentina Delú died by suicide in La Plata, Buenos Aires (Argentina) on 23 Jan 2026.

She was 36. #SayHerName #TransLivesMatter #TDoR",https://tdor.translivesmatter.info/reports/2026/01/23/valentina-taiga-azul-delu_la-plata-buenos-aires-argentina_456a2cf5,qrcodes/456a2cf5.png
Flávia Mendonça,37,,photos/2026_01_25_Flavia-Mendonca.jpg,https://www.gazetadorn.com.br/noticia/mulher-trans-e-assassinada-a-tiros-na-prainha-de-grossos,thumbnails/2026_01_25_Flavia-Mendonca.jpg,25 Jan 2026,,"Grossos, Rio Grande do Norte",Brazil,BR,-4.980661,-37.14842049,violence,shot,"Flavia was shot dead in a beach bar. The identity of her attackers is not known.

> A 37-year-old trans woman was shot dead on Sunday night (26) in the city of Grossos, on the Costa Branca coast of Rio Grande do Norte. The victim was identified as Flávia Mendonça.
> 
> According to the Military Police, the victim was in a bar in a location known as Prainha when two suspects arrived wearing helmets and approached her.
> 
> The victim noticed the criminals approaching, tried to run, but was caught and shot multiple times, according to the police. The woman died instantly.
> 
> The motive for the crime was unknown to the police. After the crime, the suspects fled. As of Monday morning (26), no suspects had been arrested.
> 
> The case is now being investigated by the Civil Police.

https://www.gazetadorn.com.br/noticia/mulher-trans-e-assassinada-a-tiros-na-prainha-de-grossos

https://defato.com/seguranca/125262/violncia-mulher-trans-assassinada-a-tiros-em-prainha-de-grossos

https://web.archive.org/web/20260129075900/https://g1.globo.com/rn/rio-grande-do-norte/noticia/2026/01/26/mulher-trans-morta-tiros-interior-rn.ghtml","Flávia Mendonça was shot dead in a beach bar in Grossos, Rio Grande do Norte (Brazil) on 25 Jan 2026.

She was 37. #SayHerName #TransLivesMatter #TDoR",https://tdor.translivesmatter.info/reports/2026/01/25/flavia-mendonca_grossos-rio-grande-do-norte-brazil_d5b0d2a4,qrcodes/d5b0d2a4.png
Bianca Costureira,50,,photos/2026_01_25_Bianca Costureira.jpg,https://www.correiodopovo-al.com.br/noticia/2026/01/28/mulher-trans-e-assassinada-a-golpes-de-arma-branca,thumbnails/2026_01_25_Bianca Costureira.jpg,26 Jan 2026,,"Porto Calvo, Alagoas",Brazil,BR,-9.04832949,-35.40156642,violence,stabbed,"Bianca was killed by her partner in her home in Porto Calvo. Her partner was arrested ín Maceió a week later.

> A trans woman identified as Bianca, 50 years old, was stabbed to death inside her own home, in the early hours of this Sunday (25), in the municipality of Porto Calvo, in the North of Alagoas. The victim worked as a seamstress.
> 
> The crime occurred at a residence located on Travessa Boa Vista, in the Centro neighborhood. The Military Police were called in the morning following a report and found the property with the door open, showing no signs of forced entry.
> 
> Inside the house, police found the victim's body with multiple stab wounds. According to residents, the murder occurred during the early morning hours.
> 
> On social media, friends and acquaintances mourned Bianca's death and paid tribute to her. Some comments also recalled that the victim had reported receiving threats months earlier.

Bianca worked as a seamstress.

https://g1.globo.com/al/alagoas/noticia/2026/02/03/policia-prende-suspeito-de-matar-mulher-trans-com-25-facadas-em-porto-calvo-no-interior-de-al.ghtml

https://ojornalextra.com.br/noticias/alagoas/2026/02/123190-suspeito-de-matar-mulher-trans-em-porto-calvo-e-preso-em-maceio

https://www.tnh1.com.br/noticia/nid/suspeito-de-matar-mulher-trans-com-25-facadas-por-ciumes-e-preso-em-maceio/

https://www.alagoas24horas.com.br/1719597/acusado-de-matar-mulher-trans-com-mais-de-20-facadas-e-preso/

https://tribunahoje.com/noticias/policia/2026/02/03/177093-preso-em-maceio-suspeito-de-matar-mulher-trans-por-ciumes-em-porto-calvo

https://www.correiodopovo-al.com.br/noticia/2026/01/28/mulher-trans-e-assassinada-a-golpes-de-arma-branca

https://francesnews.com.br/post/2026/02/26/13480-suspeito-de-feminicidio-contra-mulher-trans-em-porto-calvo-e-preso

https://jornaldebrasilia.com.br/nahorah/mulher-trans-e-morta-com-golpes-de-arma-branca-em-al/

https://francesnews.com.br/post/2026/01/26/12647-mulher-trans-e-assassinada-a-facadas-dentro-de-casa-em-porto-calvo

https://www.7segundos.com.br/maragogi/noticias/2026/01/26/292919-mulher-trans-e-assassinada-a-golpes-de-arma-branca-dentro-de-casa-em-porto-calvo

https://www.cadaminuto.com.br/noticia/2026/01/26/mulher-trans-e-assassinada-dentro-de-casa-em-porto-calvo

https://ojornalextra.com.br/noticias/alagoas/2026/01/122925-mulher-trans-e-morta-a-facadas-dentro-de-casa-em-porto-calvo

https://www.tnh1.com.br/videos/single-de-video/vid/novidade-da-investigacao-da-morte-de-mulher-trans-em-porto-calvo-policia-realiza-prisao/

https://www.instagram.com/reels/DUT0HQ2CuO0/

https://www.instagram.com/reels/DUT0HQ2CuO0/","Bianca Costureira was killed by her partner in her home in Porto Calvo, Alagoas (Brazil) on 26 Jan 2026. 

She was 50. #SayHerName #TransLivesMatter #TDoR",https://tdor.translivesmatter.info/reports/2026/01/26/bianca-costureira_porto-calvo-alagoas-brazil_a6268409,qrcodes/a6268409.png
May Pollard,16,4 Mar 2009,photos/2026_01_27_May-Pollard.jpg,https://www.nbcnews.com/news/us-news/idaho-pushed-anti-trans-laws-transition-care-bathroom-trump-rcna350199,thumbnails/2026_01_27_May-Pollard.jpg,27 Jan 2026,,"Boise, Idaho",USA,US,43.61592051,-116.2062054,suicide,suicide,"May was the student at the centre of the legal case against Idaho’s Republican-led trans student bathroom ban. The legal challenge to that cruel law failed after she died.

> Before she took her life, May Pollard was a trans girl living in a torture box devised by the Republican party of Idaho. As reported by Jo Yurcaba in this devastating piece for NBC, the young plaintiff whose death brought an end to the legal challenge to Idaho’s bathroom ban died in January at the age of 16. Pollard had friends who cared and worried about her and wanted her to live. But Idaho Republicans worked tirelessly to ensure that she was not allowed a single day of peace.
> 
> Pollard wrote poetry and planned to study psychology at community college. She took care with her appearance, developing a style her family described as goth cottagecore. She played video games with friends online. She was, in other words, a perfectly normal teenage girl. But unlike other girls the stresses and strains of adolescence were dwarfed by the malign influence of politicians who began to dictate every waking moment of her life. 
> 
> In 2023, Idaho passed a law banning transgender students from using restrooms appropriate to the gender in which they lived. Pollard would have been about 13 then. Going by the timeline sketched out in Yurcaba’s story, the bathroom ban came into effect around the same time Pollard was coming out to her supportive parents, Joseph and Elyse, who are divorced. She lived her whole life as a trans girl under the bathroom ban, and under the Supreme Court validated ban on gender-affirming care, which required her mother to drive her 13 hours round trip twice a year to access the medical treatment her family and doctors felt she needed, care her mother told Yurcaba had brightened her and gave her some reprieve from the suicidal thoughts she had been struggling with.
> 
> The reprieve affirming care offered was not enough. As a trans girl in an Idaho school Pollard would never know a day without fear. According to NBC. she stopped eating or drinking anything during the school day because her only options to relieve herself would have outed her as trans.
> 
> “I worry about people gossiping and speculating about me being transgender,” she wrote in an affidavit to the court. “I have heard students refer to the single restroom in the main gym building as the “trans bathroom.”
> 
> The NBC story contains the caveats any responsible reporting must contain. Suicide is complex, and no single event or factor can be definitively said to be its cause. Simply being forced by political malevolence to live inside a torture box with escape can’t possibly be said to have caused this teenager girl to see death as preferable to remaining trapped. Maybe we should blame it on the rain.
> 
> We know May Pollard’s story because she was the plaintiff in a lawsuit that was withdrawn because there were no longer enough trans children left in Idaho public schools for lawyers to defend. Her story took two months to make it to the public, and if it were not for Yurcaba it may have gone untold. Even as “the trans debate” dominates national politics, somehow the consequences of anti-trans legislation on trans people’s lives have barely merited media attention at all.

https://assignedmedia.org/breaking-news/idaho-trans-suicide-may-pollard-bathroom-ban-lawsuit/

https://www.lgbtqnation.com/2026/07/parents-speak-out-after-their-teen-died-by-idahos-anti-trans-took-a-toll/

https://www.nbcnews.com/news/us-news/idaho-pushed-anti-trans-laws-transition-care-bathroom-trump-rcna350199?src=longreads

https://longreads.com/2026/07/21/idaho-anti-trans-laws-suicide/

https://www.idahoednews.org/kevins-blog/it-got-inside-months-after-a-boise-students-death-by-suicide-her-parents-speak-out/

https://www.dnews.com/northwest/family-trans-teen-who-died-had-berated-idaho-af0375b2

https://www.idahostatesman.com/news/politics-government/state-politics/article316580472.html#6a4057c4-182f-4326-8f06-96632ffbb310

https://www.lgbtqnation.com/2026/05/over-anti-trans-bathroom-ban-dismissed-after-trans-plaintiff-dies-by/

https://www.edgemedianetwork.com/story/166645/idaho-transgender-students-death-by-suicide-leads-to-dismissal-of-school

https://www.newsfromthestates.com/article/high-school-group-challenging-idahos-trans-bathroom-ban-drops-lawsuit-after-students-death","May Pollard died by suicide in Boise, Idaho (USA) on 27 Jan 2026.

She was 16, and was the student at the centre of the legal case against Idaho’s Republican-led trans student bathroom ban. #SayHerName #TransLivesMatter #TDoR",https://tdor.translivesmatter.info/reports/2026/01/27/may-pollard_boise-idaho-usa_cd9bb86e,qrcodes/cd9bb86e.png
Mutharasi,21,,,,trans_flag.jpg,29 Jan 2026,,"Virudhunagar, Tamil Nadu",India,IN,9.57139068,77.95784619,suicide,suicide,"Mutharasi died after a self-immolation protest.

> VIRUDHUNAGAR: A 24-year-old transperson, Mutharasi, who allegedly attempted self-immolation near Srivilliputhur town police station on Sunday in protest against the detention of two transpersons, succumbed to her injuries on Thursday.
> 
> Police said the information was received on Sunday that a group of transpersons was allegedly obstructing traffic and demanding money from commuters. Officers found two individuals, Esha and Sharmi Sri, blocking vehicular movement.
> 
> When asked to disperse, an argument ensued, and to prevent escalation, the duo was asked to come to the station for counselling. They later reached the station with others. Mutharasi, who was outside the station set herself on fire. She was later taken Srivilliputhur GH, but succumbed on Thursday.

https://www.newindianexpress.com/states/tamil-nadu/2026/Jan/30/transperson-who-attempted-self-immolation-succumbs-to-injuries-in-tn

https://www.thehindu.com/news/cities/Madurai/transgender-sets-herself-on-fire-outside-police-station-in-srivilliputtur/article70550200.ece

https://timesofindia.indiatimes.com/city/madurai/transgender-succumbs-to-burn-injuries/articleshow/127784389.cms

https://www.thehindu.com/news/cities/Madurai/transgender-sets-herself-on-fire-outside-police-station-in-srivilliputtur/article70550200.ece

https://marketspoon.in/transgender-sets-herself-on-fire-outside-police-station-in-srivilliputtur/

https://www.instagram.com/p/DT8DPZllopT/","Mutharasi died after a self-immolation protest in Virudhunagar, Tamil Nadu (India) on 29 Jan 2026.

She was 21. #SayHerName #TransLivesMatter #TDoR",https://tdor.translivesmatter.info/reports/2026/01/29/mutharasi_virudhunagar-tamil-nadu-india_89bd3117,qrcodes/89bd3117.png
Madeline Cassandra Stensrud (""Maddie""),,,photos/2026_01_30_Maddie-Stensrud.jpg,email,thumbnails/2026_01_30_Maddie-Stensrud.jpg,30 Jan 2026,,"Erie, Colorado",USA,US,40.04964286,-105.0491858,suicide,suicide,"Maddie died by suicide in her home.

> My love, my life, Madeline Cassandra Stensrud passed away in our home, in Erie, Colorado, on January 30th, 2026. Nothing can describe the impact her loss has had on myself, our son, family, and friends. It is inconceivable to believe the person I’ve spent the last 8 years knowing and loving has vanished from this plane of existence. It is not fair that the world continues to turn without her on it. 
> 
> Growing up, Maddie was described by her parents as a happy child, and was the darling of all of her teachers in school. She loved to read, collecting quite the library over the years. Maddie spent her childhood in Golden, Colorado, living with her parents, Don and Susan, her brother, Will, and her dog, Riley.
>
> She attended from Fairview High School where she met friends who reminded connected with her the rest of her life, who were affectionately known in our circles as “Maddie’s Boys”. She graduated in 2016 before attending CU Boulder for a couple years, studying engineering. She returned to CU in 2025 to pursue a bio chemistry degree.
>
> Maddie and I met in 2017, at a crepes shop on the 16th street mall. We bonded immediately over Maddie’s favorite author at the time, Brandon Sanderson, and very early on we knew we were going to be in each other’s lives for a long time. I proposed to Maddie at the renaissance fair, with a sword engraved “Marry Me”. Maddie was always a gal who loved swords.
>
> In August of 2018 we welcomed our son, Elliot, into the world, just down the street from the hospital Maddie had been born in. She was the perfect support person for someone going through an unmedicated labor, letting me and my body do whatever I needed without judgement. She cried with me when things got to be too much, and I could see how much she hated seeing me in pain.
>
> Maddie was always a loving and devoted mother to Elliot, passing along her love of reading and science, taking him to museums and cultivating his wonder for the world. She even adapted DND into a more child friendly version so she could share that with her son. Maddie and I officially married on October 22, 2022, after postponing it from October 10, 2020 for pandemic reasons. I will always hold the day we got married in my heart and soul, forever cherishing the vows she had written out for me. We walked down the aisle to an instrumental song from Maddie’s favorite movie, the Princess Bride.  That day will always be perfect in my mind. No one could have ruined our joy. 
> 
> Maddie always had a beautiful and creative mind, and one of her favorite activities was playing DND with friends, or attempting to start DND campaigns and them inevitably falling apart, usually due to a break up. But she never kept trying to find the DND group of her dreams, retooling and updating the campaign she had worked so hard to build. Near the end of her life she had a successful run with a group of former coworkers, letting her tell her story as intended. Maddie is an incredible world builder and puts so much time and thought into everything she creates. She’s so good, in fact, she’d earned the cursed title of “Forever DM”, because anyone who knew her wouldn’t possibly want anyone else at the head of the table, pulling the strings.
>
> Maddie also loved photography, finding and capturing beauty in the smallest of things. She also liked taking selfies on people’s phones when they weren’t looking, leaving little traces of her wherever she went. You could always count on Maddie to tell a good story or craft an amazing joke. Jokes I have heard a million times because she always made sure to test her material out on me before sending it out into the world.
>
> There’s so many things I could say about her, how do you sum up the life of a person in just a few paragraphs? Her favorite color was Royal Blue, her favorite bird was a Shrike, her favorite board game was Settlers of Catan, her favorite video game was Skyrim, her favorite food was a well cooked steak. And by “well” I actually mean pretty rare.
>
> All of these little things made up the person that was Maddie. She always went out of her way to make the people she loved smile. She was an artist, a prankster, a gamer, the most wonderful person someone could ever meet. The world is a little darker without her in it, the stars won’t shine nearly as bright. Maddie is survived by myself, her son, her parents, and her best friend Cat, who will be sure to carry on her legacy and memory. 
> 
> Rest well my love, and wherever you are, it is my deepest hope that you are no longer in pain.

Source: email","Madeline Cassandra Stensrud died by suicide in Erie, Colorado (USA) on 30 Jan 2026. #SayHerName #TransLivesMatter #TDoR",https://tdor.translivesmatter.info/reports/2026/01/30/madeline-cassandra-stensrud-maddie_erie-colorado-usa_e052c014,qrcodes/e052c014.png
Irlana,,,photos/2026_01_31_Irlana.jpg,https://sociedadeonline.com/mortes-de-mulheres-trans-gera-misterio-em-boca-da-mata/,thumbnails/2026_01_31_Irlana.jpg,31 Jan 2026,,"Salvador, Bahia",Brazil,BR,-12.89893387,-38.39495427,violence,shot,"Irlana was shot in the street.

> A mystery involving the murder of two trans women has created tension among residents of Boca da Mata, in Salvador. The crimes took place within a two-day interval, between Saturday (31) and Monday (2), and show a pattern, with the occurrences in the same region, the same victim profile and the same modus operandi: a shot to the head. Despite the similarity in the cases, the relationship between the two crimes has not yet been confirmed by the Civil Police.
> 
> The first death was recorded on Saturday morning at a roundabout on Avenida Assis Valente, known as Pistão. The woman was identified by the social name Irlana. Preliminary information, not yet officially confirmed, indicates that the victim was a resident of Fazenda Grande III, about 2 km from where the body was found. She was shot in the head.
> 
> The second body is that of [Beatriz Ganzarolli](https://tdor.translivesmatter.info/reports/2026/02/02/beatriz-ganzarolli_salvador-bahia-brazil_6e0710b0), who had been missing since Sunday (1st). The trans woman was found in a wooded area in the same region, with marks from three gunshot wounds, including one to the head. This indicates that the victim may have been taken to the location before being killed. Beatriz's body was released and buried in Poções, a rural district of Juazeiro.

https://sociedadeonline.com/mortes-de-mulheres-trans-gera-misterio-em-boca-da-mata/

https://www.instagram.com/reels/DULP2IwDr23/","Irlana was shot in the street in Salvador, Bahia (Brazil) on 31 Jan 2026. #SayHerName #TransLivesMatter #TDoR",https://tdor.translivesmatter.info/reports/2026/01/31/irlana_salvador-bahia-brazil_da1892c1,qrcodes/da1892c1.png
Anjali,,,photos/2026_02_01_Anjali.jpg,https://www.youtube.com/watch?v=hzMW3Yo3UA0,thumbnails/2026_02_01_Anjali.jpg,1 Feb 2026,,"Bhubaneswar, Odisha",India,IN,20.19733947,85.85957527,violence,stabbed,"Anjali was stabbed by two unidentified assailants riding a motorcycle, allegedly over a ""petty dispute over just 30 rupees"". Her killing sparked protests.

A suspect was arrested a month later.

*[Editor's Note: The social name of the victim is not confirmed. Most reports give her name as Anjali, but at least one names her as Sona.]*

> A brutal murder of a transgender person near Bhubaneswar has triggered outrage and protests.
> 
> On Sunday night, a transgender person identified as Anjali alias Sona was stabbed to death near Sifa Gate along National Highway-316 under Pipili police limits. She was rushed to Capital Hospital by fellow community members, but doctors declared her dead. Police have begun an investigation, but the motive remains unclear.
> 
> Angered by the slow progress, transgender activists and community members blocked the Airport Road on Monday, demanding the immediate arrest of the killer and stronger protection for their community. The blockade caused severe traffic disruption.
> 
> Activist Meera Parida condemned the police investigation as lax and warned of intensified protests if the culprit is not arrested quickly. She even cautioned that the community might resort to extreme measures if justice is delayed. Social organisations have also condemned the killing and demanded strict action.
> 
> Pipili police are examining CCTV footage and suspect either old enmity or disputes within the community. They assured that all angles are under investigation and the accused will be caught soon.

https://pragativadi.com/brutal-murder-of-transgender-sparks-airport-road-blockade-in-bhubaneswar/

https://pragativadi.com/over-10-interrogated-in-transgender-anjali-murder-investigation/

https://pragativadi.com/transgender-stabbed-to-death-in-puri/

https://www.prameyanews.com/transgender-person-murdered-near-cifa-on-puribhubaneswar-road

https://timesofindia.indiatimes.com/city/bhubaneswar/transgender-found-murdered-on-nh-316/articleshow/127847437.cms

https://kalingatv.com/odisha/transgender-brutally-murdered-in-bhubaneswar/

https://odishanewslens.com/english/webpage/detailnews/4537/4

https://www.ptinews.com/story/national/odisha-transgender-person-found-dead-along-bhubaneswar-puri-highway/3338655

https://odishatv.in/odisha/transgender-person-stabbed-to-death-near-pipili-police-launch-investigation-11066153

https://www.youtube.com/watch?v=hzMW3Yo3UA0

https://www.youtube.com/watch?v=eCMfHB0K24g

https://www.youtube.com/watch?v=EQ9Fnja2_HM

https://www.youtube.com/watch?v=Cnq6gv6qcHs

https://www.youtube.com/watch?v=Mxxwyxy2VSg

https://www.youtube.com/watch?v=1e60S0ebg9I

https://www.youtube.com/watch?v=uq2KQuTPL-E

https://www.youtube.com/watch?v=fpO4P1kbBnU

https://www.youtube.com/watch?v=KayrrmUKhwU

https://www.youtube.com/watch?v=8kuJ6Bn6feE

https://www.youtube.com/watch?v=w5sJY2OYL04

https://www.youtube.com/watch?v=Ka9yxZxk1jk","A #trans person was stabbed by two unidentified assailants in Bhubaneswar, Odisha (India) on 1 Feb 2026.

Her killing sparked protests. #SayHerName #TransLivesMatter #TDoR",https://tdor.translivesmatter.info/reports/2026/02/01/anjali_bhubaneswar-odisha-india_afbc2d23,qrcodes/afbc2d23.png
Dalezka Cedeño Ochoa,,,photos/2026_02_01_Dalezka.jpg,https://www.extra.ec/noticia/ecuador/chica-trans-hallada-muerta-cerca-playa-jambeli-oro-146302.html,thumbnails/2026_02_01_Dalezka.jpg,1 Feb 2026,,"Jambelí, El Oro",Ecuador,EC,-3.2826087,-80.04796494,violence,shot,"Dalezka´s body was found with gunshot wounds in an estuary.

> The body found at sea, in the Jambelí archipelago, El Oro province, was identified as [deadname] Cedeño Ochoa, known as “Dalezka”, a transgender person who had been missing.
> 
> The body was found on the afternoon of Sunday, February 1, in an undefined area of the Bravito estuary, within the archipelago. However, its identification was confirmed on the night of Monday, February 2, when family members went to the Forensic Center in Machala.
> 
> Fishermen navigating the area alerted authorities after spotting the lifeless body floating among the mangroves. Personnel from the National Police and the Navy of Ecuador carried out a joint operation to recover the body, which was in an advanced state of decomposition.
> 
> According to preliminary forensic reports, the victim had two gunshot wounds : one to the head and one to the right arm.
> 
> At the time of the discovery, the body was dressed in women's clothing. Authorities have launched an investigation to clarify the circumstances of the crime and identify those responsible.

https://www.extra.ec/noticia/ecuador/chica-trans-hallada-muerta-cerca-playa-jambeli-oro-146302.html

https://siluetax.org/2026/02/03/transfemicidio-en-el-oro-daleska-de-21-anos-es-hallada-sin-vida-en-estero-bravito/

https://www.instagram.com/p/DUT-BU7Ac1S/","The body of Dalezka Cedeño Ochoa was found with gunshot wounds in an estuary near Jambelí, El Oro (Ecuador) on 1 Feb 2026. #SayHerName #TransLivesMatter #TDoR",https://tdor.translivesmatter.info/reports/2026/02/01/dalezka-cedeno-ochoa_jambeli-el-oro-ecuador_cfa234c2,qrcodes/cfa234c2.png
Beatriz Ganzarolli,23,,photos/2026_02_02_Beatriz-Ganzarolli.jpg,https://www.psnoticias.com.br/policia/mulher-trans-que-estava-desaparecida-e-encontrada-morta-na-boca-da-mata/,thumbnails/2026_02_02_Beatriz-Ganzarolli.jpg,2 Feb 2026,,"Salvador, Bahia",Brazil,BR,-12.89907528,-38.38783714,violence,shot,"Beatriz's body was found with a gunshot wound on the evening of Monday 2nd February. She had been missing since the previous day.

Two days earlier [Irlana](https://tdor.translivesmatter.info/reports/2026/01/31/irlana_salvador-bahia-brazil_da1892c1) had also been murdered in the same city.
 
> A trans woman who had been missing since Sunday (1st) was found dead on Monday night (2), in the Boca da Mata neighborhood of Salvador. The victim was identified as Beatriz Ganzarolli, 23 years old.
> 
> The body was found in a wooded area, with a gunshot wound to the forehead. Police officers from the 22nd Military Police Battalion were called to the scene and confirmed the incident, isolating the area.
> 
> The Homicide and Personal Protection Department (DHPP) and the Technical Police Department (DPT) were also at the crime scene and carried out the forensic examination and removal of the body.
> 
> There is still no information regarding the perpetrator or the motive for the murder . The Civil Police are investigating the case.

https://sociedadeonline.com/mortes-de-mulheres-trans-gera-misterio-em-boca-da-mata/

https://www.psnoticias.com.br/policia/mulher-trans-que-estava-desaparecida-e-encontrada-morta-na-boca-da-mata/","The body of Beatriz Ganzarolli was found in Salvador, Bahia (Brazil) on the evening of 2 Feb 2026. 

She was 23, and had been missing since the previous day. #SayHerName #TransLivesMatter #TDoR",https://tdor.translivesmatter.info/reports/2026/02/02/beatriz-ganzarolli_salvador-bahia-brazil_6e0710b0,qrcodes/6e0710b0.png
Sheila Costa,35,,photos/2026_02_02_Sheila-Costa.jpg,https://g1.globo.com/sp/sao-paulo/noticia/2026/02/02/investigador-da-policia-civil-e-preso-suspeito-de-matar-mulher-trans-na-zona-sul-de-sao-paulo.ghtml,thumbnails/2026_02_02_Sheila-Costa.jpg,2 Feb 2026,,São Paulo,Brazil,BR,-23.61307451,-46.65202547,violence,shot,"Sheila (some sources name her as Sheyla) was shot in the back by a civil police officer. Her killer was arrested at the scene.

> A transgender woman, a resident of Jardim Serrano, in Votorantim, was shot dead in the early hours of Monday (2), in the South Zone of São Paulo. According to investigations, Sheila Costa, 35, was murdered by civil police officer Paulino Domiciano Antonio. A brother of the victim went to the capital on Tuesday morning (3) to bring Sheila's body to be viewed in Votorantim. There is still no information about the location and time of the wake.
> 
> According to G1 São Paulo, the police officer, who voluntarily presented himself at the police station after the crime, claimed he was the victim of an attempted robbery, but reports indicate he did not call the police or file a police report after the incident.
> 
> Witnesses told police they heard five gunshots around 4:55 a.m. Images from cameras near Alameda dos Guainumbis, in the Planalto Paulista neighborhood, show that she was shot in the back and appeared to have nothing in her hands. Before the shots were fired, a witness heard someone shout: ""Go, go, go, you son of a bitch."" According to the witness, the perpetrator was in an old car, the model of which could not be identified.
> 
> The shooter claimed the woman had stolen his cell phone. According to the São Paulo State Public Security Secretariat (SSP), the police officer was arrested on the spot and taken to the headquarters of the Civil Police Internal Affairs Department, which will investigate the circumstances of the crime and the responsibility of the individual involved. The case will be investigated as a femicide.
> 
> Sheila was found by military police with a gunshot wound to the chest, already without vital signs. The SAMU (Emergency Medical Service) was called, but the victim's death was confirmed at the crime scene. A bag containing belongings, but without a cell phone or documents, and some cash were found at the scene. Sheila's body was only removed from the location four hours later, around 9:30 AM.

https://www.metropoles.com/colunas/paulo-cappelli/policia-civil-de-sp-afasta-investigador-que-matou-mulher-trans

https://g1.globo.com/sp/sao-paulo/noticia/2026/02/04/video-mostra-perseguicao-e-conversa-minutos-antes-de-mulher-trans-ser-morta-a-tiros-em-sp.ghtml

https://www.itatiaia.com.br/brasil/sudeste/sp/video-mostra-policial-preso-suspeito-de-perseguir-e-matar-mulher-trans-na-zona-sul-de-sp

https://www.tvsorocaba.com.br/amigas-de-mulher-trans-de-votorantim-morta-em-sao-paulo-apresentam-nova-versao-sobre-o-caso/

https://g1.globo.com/sp/sorocaba-jundiai/noticia/2026/02/04/mulher-trans-morta-a-tiros-por-policial-em-sp-e-velada-em-votorantim.ghtml

https://www.portalporque.com.br/sorocaba-regiao/familia-e-amigos-prestam-ultimas-homenagens-a-sheyla-trans-assassinada-em-sao-paulo/

https://www.cnnbrasil.com.br/nacional/sudeste/sp/policial-e-preso-por-morte-de-mulher-trans-em-sp-video-mostra-perseguicao/

https://www.metropoles.com/sao-paulo/mulher-trans-morta-policial-imagens

https://g1.globo.com/sp/sao-paulo/noticia/2026/02/02/investigador-da-policia-civil-e-preso-suspeito-de-matar-mulher-trans-na-zona-sul-de-sao-paulo.ghtml

https://www.portalporque.com.br/sorocaba-regiao/mulher-trans-de-votorantim-e-morta-a-tiros-por-policial-civil-em-sao-paulo/

https://www.jornalcruzeiro.com.br/sorocaba/regiao/2026/02/756779-mulher-trans-moradora-de-votorantim-e-morta-em-sao-paulo.html

https://www.band.com.br/band-multi/sorocaba-e-regiao/noticias/mulher-trans-de-votorantim-e-morta-a-tiros-em-sao-paulo-202602031130

https://www.metropoles.com/sao-paulo/policial-preso-matar-mulher-trans

https://www.tvsorocaba.com.br/mulher-trans-moradora-de-votorantim-e-morta-a-tiros-em-sao-paulo/

https://jornaldebrasilia.com.br/noticias/brasil/mulher-trans-e-assassinada-a-tiros-em-regiao-de-prostituicao-na-zona-sul-de-sp/

https://www.noticiasaominuto.com.br/justica/2354667/mulher-trans-e-assassinada-a-tiros-em-regiao-de-prostituicao-na-zona-sul-de-sp

https://www.instagram.com/p/DUTM0rzkuy3/

https://www.youtube.com/watch?v=i05RXaVhKio

https://www.youtube.com/watch?v=4nxWaOyaVhU","Sheila Costa (some sources name her as Sheyla) was shot in the back by a civil police officer in São Paulo (Brazil) on 2 Feb 2026.

She was 35. Her killer was arrested at the scene. #SayHerName #TransLivesMatter #TDoR",https://tdor.translivesmatter.info/reports/2026/02/02/sheila-costa_sao-paulo-brazil_9b92980a,qrcodes/9b92980a.png
Sol Melisa Coria,43,,photos/2026_02_03_Sol-Melisa-Coria.jpg,https://www.contextotucuman.com/nota/373155/una-mujer-trans-muy-conocida-en-termas-de-rio-hondo-fue-hallada-muerta-en-un-departamento.html,thumbnails/2026_02_03_Sol-Melisa-Coria.jpg,3 Feb 2026,,"Termas de Río Hondo, Santiago del Estero",Argentina,AR,-27.50153905,-64.86222306,uncategorised,not reported,"Sol's body was found in her home by her brother.

> Deep shock has gripped the city of Las Termas de Río Hondo following the discovery of the body of Sol Melisa Coria, a 43-year-old transgender woman, a well-known hairdresser, and a resident of the Usina neighborhood. The tragic news broke on the evening of Tuesday, February 3rd, and has profoundly impacted the community.
> 
> The incident occurred around 8:40 p.m. at a residence located on calle Islas Malvinas 392, within the jurisdiction of Community Police Station No. 40. According to official information, her brother, Carlos Andrés Coria, 61, alerted the authorities after finding her without vital signs inside the home.
> 
> According to his testimony, upon returning home he noticed a strong odor coming from inside. When he received no answer after knocking on the door and looking through a window, he decided to force entry, finding his sister lying on the bed. He also stated that the last time he saw her alive was on Sunday.
> 
> Sol Melisa Coria was well-known and highly regarded in Las Termas for her career as a hairdresser, and her death has generated numerous expressions of grief and sorrow among neighbors, clients, and friends. The investigation is ongoing while awaiting the results of the forensic examination.

https://www.quepasasalta.com.ar/policiales/hallaron-sin-vida-a-una-nortena-trans-era-muy-conocida/

https://www.diariopanorama.com/noticia/542331/conmocion-termas-hallaron-sin-vida-reconocida-peluquera-barrio-usina
 https://www.elliberal.com.ar/nota/71052/2026/02/encuentran-putrefacto-el-cadaver-de-una-joven-peluquera-trans

https://www.contextotucuman.com/nota/373155/una-mujer-trans-muy-conocida-en-termas-de-rio-hondo-fue-hallada-muerta-en-un-departamento.html

https://www.elliberal.com.ar/nota/71040/2026/02/encuentran-sin-vida-a-una-conocida-transexual-e-investigan-su-muerte

https://www.instagram.com/p/DUVpa2ODeod/

https://www.facebook.com/Noticiero7/posts/-dolor-y-conmoci%C3%B3n-en-las-termas-la-ciudad-de-las-termas-de-r%C3%ADo-hondo-atraviesa-/1546276347427873/

https://x.com/contextocomar/status/2019026214376095988","The body of Sol Melisa Coria was found in her home in Termas de Río Hondo, Santiago del Estero (Argentina) on 3 Feb 2026.

She was 43. #SayHerName #TransLivesMatter #TDoR",https://tdor.translivesmatter.info/reports/2026/02/03/sol-melisa-coria_termas-de-rio-hondo-santiago-del-estero-argentina_476c644b,qrcodes/476c644b.png
Deyran Palacios,15,,photos/2026_02_05_Deyran-Palacios.jpg,https://siluetax.org/2026/02/09/transfemicidio-en-ibarra-adolescente-trans-de-15-anos-es-violada-torturada-y-asesinada-por-tres-sujetos/,thumbnails/2026_02_05_Deyran-Palacios.jpg,5 Feb 2026,,Ibarra,Ecuador,EC,0.37998195,-78.12358012,violence,"tortured, raped and stabbed","Deyran died during a horrific attack by three men who raped, tortured and finally killed her.

> Ibarra, February 9, 2026 – Asociación Silueta X, Asociación Mi Familia, Bolivarianos Diversos, Coalición Quiteña Resistencia Rosa, Plataforma Nacional Trans and Federación Ecuatoriana de Organizaciones LGBT+ raise their voices in protest and condemnation of the heinous murder of Deyran, a 15-year-old transgender teenager, whose body was found with signs of extreme torture in the Alpachaca sector of Ibarra.
>
> From a technical and legal perspective, we denounce a tactical omission on the part of justice and security officials. As in the case of Luciana, we observe with suspicion how the authorities seem to be delaying the search and capture process so that the period of flagrante delicto expires, allowing the perpetrators to evade immediate arrest. Deyran was reported missing on Monday, February 2. Her body was found on Thursday, February 5, in the Anillo Vial area. During this interval, the institutional response was, once again, slow and lacking a gender and diversity focus, allowing the violence to escalate to a fatal outcome.
> 
> CRUELTY AND HATE: BEYOND HOMICIDE.-  The testimonies collected in the area describe a scenario of necropolitics and transphobic hatred . Deyran was not only murdered; she was subjected to acts of barbarity that include:
> 
> Group rape by three individuals (identifying a subject named Pablo as the main instigator).
>
> Torture with cutting tools (saw) on limbs and face.
>
> Apparent use of chemical substances (acid) to disfigure her identity.
>
> Stab wounds directly to the heart after the victim threatened to report her attackers.
> 
> TECHNICAL DEMANDS OF THE ECUADORIAN STATE.- As a coalition of trans and LGBTQ+ organizations, we will not allow this case to be dismissed as a “common crime.” We demand:
> 
> Gender Identity: We urge the State Attorney General's Office and the media to respect the victim's gender identity. The use of male pronouns in police reports obscures the hateful element that motivated the crime.
> 
> Immediate Capture: We demand that the National Police execute the arrest warrants for ""Pablo"" and his accomplices, who are fully identified by the community.
> 
> Monitoring of Flagrant Offenses: We denounce the use of the procedural calendar as a tool of impunity and hold the State responsible for the safety of witnesses who have provided key information.
>  
> ""The blood of our transgender teenagers cannot be the price of a blind and complicit justice system.""
> 
> Asociación Silueta X
>
> Siluetax@gmail.com

https://hoyenimbabura.com/marcha-ciudadana-exige-justicia-y-acciones-inmediatas-a-las-autoridades-sobre-la-muerte-de-deyran-p-en-ibarra/

https://siluetax.org/2026/02/09/transfemicidio-en-ibarra-adolescente-trans-de-15-anos-es-violada-torturada-y-asesinada-por-tres-sujetos/

https://federacionlgbt.org/2026/02/09/transfemicidio-en-ibarra-adolescente-trans-de-15-anos-es-violada-torturada-y-asesinada-por-tres-sujetos/

https://www.facebook.com/FederacionLGBT/posts/transfemicidio-en-ibarra-adolescente-trans-de-15-a%C3%B1os-es-violada-torturada-y-ase/1345401724291812/

https://www.facebook.com/SiluetaX/posts/transfemicidio-en-ibarra-adolescente-trans-de-15-a%C3%B1os-es-violada-torturada-y-ase/1372061244965507/

https://www.facebook.com/SiluetaX/posts/pfbid02wAhuJWzk4R7j5MVJGMKjNWfcog7pb9QjEtTrRYKQnkMm9NsNVhgyLGKP9G1mMgGhl","Deyran Palacios died during a horrific attack by  three men in Ibarra, Imbabura (Ecuador) on 5 Feb 2026.

She was 15. #SayHerName #TransLivesMatter #TDoR",https://tdor.translivesmatter.info/reports/2026/02/05/deyran-palacios_ibarra-ecuador_7b76983e,qrcodes/7b76983e.png
Ágata Mendes,18,25 Aug 2007,photos/2026_02_07_Agata-Mendes.jpg,https://npdiario.com.br/capa/mae-clama-por-justica-pela-morte-da-filha-trans/,thumbnails/2026_02_07_Agata-Mendes.jpg,7 Feb 2026,,"Santo Antônio da Platina, Paraná",Brazil,BR,-23.28750778,-50.08085322,violence,stabbed,"Ágata's body was found in undergrowth with a stab wound to the neck. The circumstances suggest that she was killed by a man she knew.

> An 18-year-old transgender woman was murdered on Saturday night (7) in Santo Antônio da Platina, in the Northern Pioneer region of Paraná. Ágatha Mendes' body was found around 6:50 am this Sunday (8), in a thicket on Rua Frei Angélico, in the Monte Carlo neighborhood, near the water tower and a subdivision in the region. The Military Police were called and isolated the site until the arrival of the teams responsible for the investigation.
> 
> According to initial reports, Ágatha had a cut wound on her neck. During the initial investigation, a revolver was found hidden in the vegetation near where the body was located. The young woman had no prior police record. The victim's mother reported that around 8 pm on Saturday, her daughter left after receiving an invitation from a man for a date. When she didn't return and couldn't contact her, the mother began searching the area and eventually found the body, then contacted the Military Police.
> 
> The Scientific Police and the Forensic Medical Institute (IML) carried out the forensic examinations and the removal of the body. The Maria da Penha Patrol Coordination of Paraná highlighted the importance of using the victim's social name and treating the case as a crime of violence against a transgender woman. To date, the authorship and motivation of the crime remain under investigation.


After the murder Ágata's mother made a plea for justice for her daughter. She believes Ágata was killed by a man she knew. known to her.

> Cleaning assistant Luciana, the mother of Ágata Mendes, gave an interview to Npdiario this Sunday, the eighth. She was desperate over the crime committed against the 18-year-old, whose violence in Santo Antônio da Platina caught the attention of the entire country. In the afternoon, she went to the Forensic Medical Institute in the neighboring city of Jacarezinho to authorize the transfer of the body to Londrina for further examination.
> 
> Luciana is 49 years old and has six other children. She revealed that Ágatha has never had any prior run-ins with the police. ""I expect justice for what they did to my innocent daughter; the murderer has to pay,"" she stated.
> 
> The main suspect is known to Luciana, ""he always went out with Ágatha and passed by the same place where my girl was found lifeless; I have no doubt,"" she added, outraged.

Ágatha's Instagram profile is https://www.instagram.com/euagathaxzzzz.

https://www.gazetaregional.com/policial/mulher-trans-de-18-anos-e-encontrada-morta-suspeito-do-crime-esta-preso

https://cgn.inf.br/noticia/2039032/mulher-trans-de-18-anos-e-encontrada-morta-pela-propria-mae-apos-marcar-encontro-em-bambuzal-no-parana

https://npdiario.com.br/comportamento/civil-prende-suspeito-pela-morte-de-jovem-trans-em-s-a-da-platina/

https://www.bandab.com.br/seguranca/mulher-trans-morta-tiros-facadas-parana/

https://massa.com.br/seguranca/mulher-trans-encontrada-morta-familiares-bambuzal/

https://gmconline.com.br/noticias/policial/mulher-trans-de-18-anos-e-encontrada-morta-pela-propria-mae-apos-marcar-encontro-em-bambuzal-no-parana/

https://www.conexaoes.com.br/noticia/jovem-de-18-anos-e-encontrada-morta-apos-encontro-no-parana

https://g1.globo.com/pr/norte-noroeste/noticia/2026/02/10/jovem-e-encontrada-morta-no-parana.ghtml

https://cbnlondrina.com.br/materias/policia-civil-prende-suspeito-de-matar-mulher-trans-em-santo-antonio-da-platina

https://g1.globo.com/pr/norte-noroeste/noticia/2026/02/10/jovem-e-encontrada-morta-no-parana.ghtml

https://www.itatiaia.com.br/brasil/sul/pr/homem-e-preso-suspeito-de-matar-mulher-trans-no-parana

https://paiquerefm.com.br/policia-civil-prende-suspeito-de-matar-jovem-trans-em-santo-antonio-da-platina/

https://npdiario.com.br/comportamento/civil-prende-suspeito-pela-morte-de-jovem-trans-em-s-a-da-platina/

https://taroba.com.br/noticias/cidade/policia-civil-investiga-morte-de-mulher-trans-em-santo-antonio-da-platina

https://www.maringanahora.com/noticias/jovem-desaparecida-apos-suposto-encontro-e-achada-morta-com-sinais-de-agressao-no-parana

https://www.cbnmaringa.com.br/noticia/policia-apura-morte-de-jovem-trans-corpo-foi-encontrado-pela-propria-mae

https://npdiario.com.br/capa/mae-clama-por-justica-pela-morte-da-filha-trans/

https://cbnlondrina.com.br/materias/policia-civil-investiga-morte-de-mulher-trans-em-santo-antonio-da-platina

https://paiquerefm.com.br/jovem-trans-e-assassinada-em-santo-antonio-da-platina-policia-investiga-transfeminicidio/

https://www.cbnmaringa.com.br/noticia/policia-apura-morte-de-jovem-trans-corpo-foi-encontrado-pela-propria-mae

https://npdiario.com.br/capa/assassinada-trans-em-s-antonio-da-platina/

https://web.archive.org/web/20260209075622/https://tribunadovale.com.br/2026/02/08/corpo-de-mulher-trans-e-encontrado-em-area-de-mata-em-santo-antonio-da-platina/

https://www.facebook.com/groups/653225818084056/?multi_permalinks=33821914830788394

https://www.instagram.com/p/DUni2lgDtHt/

https://www.instagram.com/reels/DUjM5naj6C5/

https://www.instagram.com/p/DUlmag0EcAS/","The body of Ágata Mendes was found in undergrowth with a stab wound to the neck in Santo Antônio da Platina, Paraná (Brazil) on 7 Feb 2026.

She was 18. #SayHerName #TransLivesMatter #TDoR",https://tdor.translivesmatter.info/reports/2026/02/07/agata-mendes_santo-antonio-da-platina-parana-brazil_b01bb901,qrcodes/b01bb901.png
Joëlla,45,,photos/2026_02_07_Joella.jpg,https://www.yarnsheal.com.au/transfeminicide-in-new-caledonia-joella-beaten-to-death/,thumbnails/2026_02_07_Joella.jpg,7 Feb 2026,,"Nouméa, Nouvelle-Calédonie",France,FR,-22.21947856,166.4836024,violence,beaten,"Joella was found beaten and stripped on a street in a residential neighborhood of Noumea in Nouvelle-Calédonie (a French overseas territory). Two men were detained and charged.

The two suspects were already known to the police for thefts, with violence for one of them. Aged 19 and 24, they admitted to having beaten the victim in the Saint-Quentin neighborhood, a sparsely frequented area of mostly derelict buildings.

> Last weekend in Nouméa, Joëlla, 45, was killed by around fifteen kicks to the head. The Public Prosecutor’s Office of New Caledonia announced the arrest of two suspects.
>
> The two suspects were already known to the police for thefts, with violence for one of them. Aged 19 and 24, they admitted to having beaten the victim in the Saint-Quentin neighborhood, a sparsely frequented area made up of derelict buildings.
> 
> This crime provoked a strong emotional response in the French-speaking Pacific archipelago, where Joëlla was locally known for playing volleyball.
>
> Referring to the “extreme violence” of this murder, the LGBTQI+ association Rainbowlution Nouvelle-Calédonie recalled that transfeminicide is far from being an isolated act: “This tragedy tragically reminds us that transgender people remain particularly exposed to violence. It underscores the urgency of strengthening prevention, awareness, and protection of LGBTQIA+ people and of actively fighting against hate speech and acts.” The feminist association La Tresse Nouvelle-Calédonie also noted that this murder “fits into a broader context of systemic violence against transgender people”. A gathering in tribute to Joëlla is being prepared, in agreement with the victim’s family.

https://angers.maville.com/actu/actudet_-deux-hommes-en-detention-pour-le-meurtre-d-une-femme-transgenre-en-nouvelle-caledonie-_54135-7184612_actu.Htm

https://www.midilibre.fr/2026/02/10/elle-a-ete-battue-a-mort-par-deux-hommes-de-19-et-24-ans-le-meurtre-violent-dune-femme-transgenre-bouleverse-toute-une-population-13217617.php

https://www.ouest-france.fr/faits-divers/meurtres/deux-hommes-en-detention-pour-le-meurtre-dune-femme-transgenre-en-nouvelle-caledonie-c09b8b5e-0670-11f1-9c0a-f496d01f0cae

https://www.dnc.nc/deux-hommes-interpelles-apres-le-meurtre-dune-femme-transgenre/

https://www.yarnsheal.com.au/transfeminicide-in-new-caledonia-joella-beaten-to-death/

https://la1ere.franceinfo.fr/nouvellecaledonie/une-enquete-ouverte-pour-homicide-volontaire-apres-la-mort-d-une-personne-ce-week-end-a-saint-quentin-1669749.html

https://tetu.com/2026/02/11/transfeminicide-transphobie-noumea-nouvelle-caledonie-joella-meurtre-femme-trans-news-actu/

https://www.lefigaro.fr/faits-divers/nouvelle-caledonie-deux-hommes-mis-en-examen-pour-le-meurtre-d-une-femme-transgenre-20260210?msockid=1b4039e1062b6db334242c2f07686c32

https://www.ledauphine.com/faits-divers-justice/2026/02/10/une-femme-transgenre-battue-a-mort-par-deux-hommes-a-noumea

https://voixducaillou.nc/2026/02/11/meurtre-de-joella-les-suspects-incarceres-le-pays-sous-le-choc/

https://www.facebook.com/watch/?v=789245174197239","Joella was found beaten and stripped on a street in a residential neighborhood of Nouméa, Nouvelle-Calédonie (France) on 7 Feb 2026.

She was 45. #SayHerName #TransLivesMatter #TDoR",https://tdor.translivesmatter.info/reports/2026/02/07/joella_noumea-nouvelle-caledonie-france_a0d92db1,qrcodes/a0d92db1.png
Ares Navarrete,32,,photos/2026_02_08_Ares-Navarrete.jpg,https://www.facebook.com/AhoraGuerrero/posts/el-colectivo-onco-guerrero-inform%C3%B3-que-la-v%C3%ADctima-fue-identificada-como-ares-nav/1346529247515328/,thumbnails/2026_02_08_Ares-Navarrete.jpg,8 Feb 2026,,"Chilpancingo, Guerrero",Mexico,MX,17.231376,-99.520968,violence,not reported,"Ares' body was found on a highway. She was a florist who was originally from Buenavista de la Salud.

> CHILPANCINGO, Gro., February 10, 2026 - The National Observatory of Hate Crimes (ONCO) against LGBTI+ people in Mexico asked the state government to clarify the death of a trans woman named Ares Navarrete, whose lifeless body was found last Sunday, February 8, in the state capital.
> 
> In a text published on the social networks of the organization that is coordinated by the Arcoíris Foundation, the intervention of the authorities was requested so that they “provide the corresponding official information”.
> 
> Ares Navarrete was a well-known florist, originally from the town of Buenavista de la Salud, which is located on the Mexico-Acapulco federal highway.
> 
> It was reported on social media that her body was found on the highway between the towns of Dos Caminos and Mohonera.

https://ahoraguerrero.mx/denuncia-colectivo-lgbti-asesinato-de-mujer-trans-en-el-municipio-de-chilpancingo

https://guerrero.quadratin.com.mx/exigen-esclarecer-muerte-de-mujer-trans-hallada-en-carretera-de-guerrero/

https://sinaloa.quadratin.com.mx/exigen-esclarecer-muerte-de-mujer-trans-hallada-en-carretera-de-guerrero/

https://www.facebook.com/AhoraGuerrero/posts/el-colectivo-onco-guerrero-inform%C3%B3-que-la-v%C3%ADctima-fue-identificada-como-ares-nav/1346529247515328/","The body of Ares Navarrete was found on a highway in Chilpancingo, Guerrero (Mexico) on 8 Feb 2026.

She was 32, and worked as a florist. #SayHerName #TransLivesMatter #TDoR",https://tdor.translivesmatter.info/reports/2026/02/08/ares-navarrete_chilpancingo-guerrero-mexico_12a187bc,qrcodes/12a187bc.png
Anastasia Matić,19,31 Mar 2006,photos/2026_02_08_Anastasia-Matic.jpg,https://www.insideoutproject.net/en/explore/group-action/solidarity-space-schutzenmatte,thumbnails/2026_02_08_Anastasia-Matic.jpg,8 Feb 2026,,"Biel, Bern",Switzerland,CH,47.14516152,7.26241157,uncategorised,not reported,"Anastasia passed away three weeks before her 20th birthday. She loved music, singing, rapping and dancing but had been born into a precarious situation and never found her way out of it.

> Anastasia Matic was famous in the streets but not on the internet or in newspapers. Tomorrow would be her 20th birthday but sadly she left us this february with just 19 years on this earth. She loved music, singing, rapping, dancing. She was born into a precarious situation and sadly never found her way out of it. Her life was marked by foster care, prison, psychiatry, drugs and men that took advantage of her. But at the same time also by having fun with people, laughing, singing, dancing, dressing up and following her own will. Often she was overwhelmed with herself, she longed for guidance and structure and at the same time opposed it. It felt as if there was a strong wind driving her. 
> 
> Sometimes strong, randomly leading her to places she had never been. Sometimes the wind died down, leaving her overwhelmed in the emptiness. By the time she went missing she was homeless officially but she stayed with a friend which made her feel at home. She was missing from this home since the 02.02.2026. On the 05.02.2026 we alarmed the police and the KESB (protection for children and adults in Switzerland). The police said that they can do nothing, as we are not related to her, even tho her blood family was never taking care of her. The KESB said that they will do something but they won't tell us what, as we are not blood related. Later Anastasias Social Worker told us that the KESB never informed her about us telling them about her being missing. Wich leads me to think that also KESB did nothing to prevent Anastasias death. On the 08.02.2026 the police was informed about her death. They went to the place and she had died in the appartment of a stranger, choked on her own vomit. We will never know whos appartment she was in and what the exact circumstances were.
> 
> I wish for the state to recognize chosen family, because then maybe her death could have been prevented. Also I wish for everyone to take trans women seriously also and especially  the ones that live on the street also and especially the ones with addiction problems. I believe that police and KESB also neglected the case because they thought ""we know this person and she is anyways always (in) trouble. why should we do something now?"" but in this they didn't take serious the knowledge of her chosen family that knew what was going on was not her normal patterns that yes were also precarious and often dangerous. We knew that something was off and in the end our fears became reality. 
> 
> She was a daughter, a sister, a friend. We all miss her.

https://www.insideoutproject.net/en/explore/group-action/solidarity-space-schutzenmatte","Anastasia Matic passed away in Biel, Bern (Switzerland) on 8 Feb 2026, three weeks before her 20th birthday.

She loved music, singing, rapping and dancing but had been born into a precarious situation and never found her way out of it. #SayHerName #TransLivesMatter #TDoR",https://tdor.translivesmatter.info/reports/2026/02/08/anastasia-mati_biel-bern-switzerland_ca462510,qrcodes/ca462510.png
Ashtyn Tice,17,,photos/2026_02_09_Ashtyn-Tice.jpg,https://www.facebook.com/groups/1570448163283501/?multi_permalinks=4318546518473638,thumbnails/2026_02_09_Ashtyn-Tice.jpg,9 Feb 2026,,"Dothan, Alabama",USA,US,31.25931673,-85.43551836,suicide,suicide,"Ashtyn died by suicide. Her family did not affirm her identity.

> Ashtyn Tice, 17, trans girl died by suicide in Dothan, Alabama and family is burying her as a male. She got off work and [suicide method redacted].

Ashtyn's obituary deadnames and misgenders her.

Her Facebook profile is https://www.facebook.com/ashtyn.tice.

Source: email

https://www.facebook.com/yadira.zeno/posts/pfbid0RM3DepxmLBNn7kDH8ekcXcvyx4TGacgwZvgqUUyERwNksbKFPPaChSGUQfygPuG2l

https://www.facebook.com/groups/1570448163283501/?multi_permalinks=4318546518473638

https://www.msn.com/en-us/news/crime/pedestrian-killed-in-dothan-collision-with-semi-identified/ar-AA1VWMgR

https://web.archive.org/web/20260213224456/https://memorialbob.icu/2026/02/09/david-tice-obituary-dothan-al-mourns-18-year-old-killed-in-tragic-pedestrian-accident/","Ashtyn Tice died by suicide in Dothan, Alabama (USA) on 9 Feb 2026.

She was 17. #SayHerName #TransLivesMatter #TDoR",https://tdor.translivesmatter.info/reports/2026/02/09/ashtyn-tice_dothan-alabama-usa_8d6817e0,qrcodes/8d6817e0.png
Rylie Autumn Heart,,,,,trans_flag.jpg,10 Feb 2026,,"Homestead, Pennsylvania",USA,US,40.41098371,-79.91872725,suicide,suicide,"Rylie died by suicide.

> The family of Rylie Autumn Heart, formerly known as [deadname], says their loved one [suicide method redacted] on February 10, 2026, around 1 PM.
> 
> Relatives say they were not directly contacted. Living across multiple East Coast states, they learned of the situation days later through a professional connection. They also state that no body has been recovered and that obtaining the police report as next of kin has been difficult.
> 
> Rylie’s brother is now in Pittsburgh seeking answers and trying to understand what happened that afternoon.
>
> Our sympathies and condolences are with the family during this difficult time.

https://www.facebook.com/STKEmbraceLifeMedia/posts/pfbid0qpfTLibkF8ZFAjXyC3K4Wq2w152iRCtiDnDjZz6SA5r8BxkS62TpwpViiT7eJ8Srl

https://www.facebook.com/groups/509967166474023/permalink/2186872498783473/","Rylie Autumn Heart died by suicide in Homestead, Pennsylvania (USA) on 10 Feb 2026. #SayTheirName #TransLivesMatter #TDoR",https://tdor.translivesmatter.info/reports/2026/02/10/rylie-autumn-heart_homestead-pennsylvania-usa_cdb7b3f4,qrcodes/cdb7b3f4.png
Beatrice,14,,,,trans_flag.jpg,11 Feb 2026,,"Vittoria, Ragusa, Sicily",Italy,IT,36.95361702,14.52886935,suicide,suicide,"Beatrice died by suicide. Local media misgendered her and erased her trans identity.

> A 14-year-old girl has taken her own life in the province of Ragusa. According to reports by activists and #trans groups on social media, the victim is a young trans girl. 
> 
> The news, initially reported by the local press as the suicide of ""a boy of just 14,"" sparked a strong reaction among the trans and LGBTQIA+ community, who denounced misgendering and the silence surrounding the young woman's identity. 
> 
> The Instagram account [@themystictsunade_](https://www.instagram.com/p/DUnhx0RghV0/) reframed the story with a different perspective. 
> 
> The slides published read: ""A young 14-year-old trans sister committed suicide in Ragusa."" And again: ""Her name will not be in the newspapers. It will not be on her grave. Once again, the same story. The same silence. The same repression, the same censorship, even in death."" 
> 
> The language used is political and blunt. The author denounces ""double standards even in death"" and speaks of a ""deafening silence,"" claiming that the story was reported without acknowledging the young woman's identity. 
> 
> Currently, official information is limited to what has been published in the local press and the mayor's message. There are no official communications acknowledging the young woman's gender identity. 


Although initial reports did not give her name, it was subsequently revealed that her social name was Beatrice.

> I learned of the death of Beatrice - that's her name, let's shout it out loud - (These are the right, appropriate, and infinitely true words - the ones the media will never use for us - that you read in the second slide: Sisters, I feel all your anger and your pain: the double standards, even in death, and that deafening silence...all this is unacceptable.)
> 
> Right now, I feel only immense pain. And anger. A furious anger.Every time, like the first time.
> 
> How many sisters from our oppressed and invisible South are right now suffering the horror of transmisogyny?
> 
> How many sisters have been consigned to a destiny of suffering, oppression, and unhappiness from which they cannot escape?
> 
> Beatrice deserved only to shine.
> 
> Damn the patriarchy, damn transmisogyny, damn the silence, damn the despicable and mistaken words of the media and the political class.
> 
> Damn the executioner families, damn the complicit state, damn the silence of our neighbors.
> 
> Damn this world that wants us dead.
> 
> Blessed, however, is sisterhood, which must translate not only into solidarity but also into searching: we must seek and find one another, like travelers in this long night, searching for our sisters, in the depths of our lands.
> 
> To tear ourselves away from loneliness, hatred, and death.
> 
> And save ourselves.
> 
> Rest in peace, young sister, sweet flower

https://www.gay.it/ragazza-trans-14enne-suicida-ragusa-beatrice-italia-trans-agenda

https://www.instagram.com/p/DUp83LJCBxo/

https://www.instagram.com/p/DUnhx0RghV0/

https://www.facebook.com/nonunadimenopalermo/posts/pfbid02hwWPiBpbJNSXivxo233yDb8zaUzeGeZTnU3yPWWduyr9Jik6szV1dJ1n8UJZpWPal

https://www.facebook.com/gaypuntoit/posts/pfbid032wezyWc8QV4kg7Sbk3cMNknj6znnVxg3ks95iZ4HzZJJ7hDJmGeav12n9go7s5RFl

https://www.facebook.com/permalink.php?story_fbid=pfbid02P66X55R2Tu5VHzbWvUJ13UHWhGg2nVnNu5kfN6MUrGVLq5zU7sbgyi1azLnapxdgl&id=61556514216355

https://www.facebook.com/arcigayrg/posts/pfbid025cJF4Ua4a3knX4fipidZ66exP2GuEKFVLLE2sZSeYFZCzKYjy6oi8CUSrMSz2we6l","Beatrice died by suicide in Vittoria, Ragusa, Sicily (Italy) on 11 Feb 2026. Local media misgendered her and erased her trans identity.

She was 14. #SayHerName #TransLivesMatter #TDoR",https://tdor.translivesmatter.info/reports/2026/02/11/beatrice_vittoria-ragusa-sicily-italy_d42b9874,qrcodes/d42b9874.png
Emanuelle Silva (""Manu""),17,,photos/2026_02_11_Manu.jpg,https://www.tnh1.com.br/amp/nid/corpo-de-jovem-trans-desaparecida-e-encontrado-sem-cabeca-e-com-marcas-de-violencia/,thumbnails/2026_02_11_Manu.jpg,11 Feb 2026,,"Coqueiro Seco, Alagoas",Brazil,BR,-9.63883901,-35.8027797,violence,decapitated,"Manu was a student and a former member of a quadrilha dance group. Her body was found four days after she was kidnapped.

> The body of a young trans woman who had been missing was found on Wednesday (11), in the municipality of Coqueiro Seco, in the metropolitan region of Maceió. During searches carried out by family and friends, the young woman's father found her head.
> 
> According to information gathered by TV Asa Branca Alagoas, the victim was identified as [deadname] da Silva, was 19 years old and used the social name ""Manu"". She had been missing since last Saturday (7), had no prior criminal record, and according to police her murder may be related to drug trafficking.
> 
> Hours after finding the head, Manu's body was located by firefighters in a ravine approximately 200 meters deep, on the Fazenda das Flores farm, located in the municipality.
> 
> The Civil Police reported that during the forensic examination of the body, at least six gunshot wounds were identified, five to the head and one to the chest. No ammunition casings or the firearm were found at the crime scene. The forensic team seized a knife near the victim's head, which may have been used in the decapitation. The object will undergo technical analysis.
> 
> Manu was a student and former member of the quadrilha group Brilho Lunar. A social media, post in her honor lamented her death and emphasised the joy she experienced.
> 
> ""Her presence illuminated our rehearsals, our performances, and above all, our lives. Manu wasn't just a part of Brilho Lunar – she was brilliance, she was affection, she was shared joy in every step, in every smile, in every moment lived by our side,"" read part of the post.

https://www.faroldabahia.com.br/noticia/mulher-trans-e-encontrada-morta-apos-dias-desaparecida-na-grande-maceio

https://atarde.com.br/policia/mulher-trans-e-encontrada-morta-decapitada-e-com-seis-tiros-na-cabeca-1379644

https://visornoticias.com.br/mulher-trans-e-encontrada-morta-em-area-de-mata-sem-cabeca/

https://istoe.com.br/corpo-de-mulher-trans-e-achado-decapitado-e-com-6-tiros-na-cabeca

https://g1.globo.com/al/alagoas/noticia/2026/02/12/corpo-de-jovem-trans-desaparecida-e-encontrado-pelo-pai-em-coqueiro-seco-em-alagoas.ghtml

https://www.tnh1.com.br/amp/nid/corpo-de-jovem-trans-desaparecida-e-encontrado-sem-cabeca-e-com-marcas-de-violencia/

https://agresteportal.com.br/noticia/83316/mulher-trans-e-encontrada-decapitada-em-alagoas-policia-investiga/amp

https://www.tnh1.com.br/videos/single-de-video/vid/corpo-de-jovem-trans-e-encontrado-decapitado-vitima-estava-desaparecida-desde-sabado/

https://www.facebook.com/groups/653225818084056/?multi_permalinks=33979599365019939

https://www.youtube.com/watch?v=BWsFicHA5UY","Manu was a student. Her body was found in Coqueiro Seco, Alagoas (Brazil) on 11 Feb 2026, 4 days after she was kidnapped.

She was 17. #SayHerName #TransLivesMatter #TDoR",https://tdor.translivesmatter.info/reports/2026/02/11/emanuelle-silva-manu_coqueiro-seco-alagoas-brazil_e85e3499,qrcodes/e85e3499.png
Name Unknown,,,,,trans_flag.jpg,12 Feb 2026,,"Janakpur, Madhesh",Nepal,NP,26.7284065,85.92697122,uncategorised,not reported,"The victim's body was found was neck injuries. No other information is known.

> A transgender person has been found dead near Belauni-Poudeshwor between Janakpur-Yadukahakhand. Initial information is that [they] suffered injuries to [their] neck.The identity of the deceased has not been revealed. Analysis of the incident is underway.

https://www.facebook.com/binod.rai.122438/posts/pfbid02Qh2uqYhEWQ5UN4qZgj6XKi8fB5kFTZ4bN8nFDApC2L9T1ZeJ4Rbiq6vujj77M2Z9l","The body of an unidentified #trans person was found with neck injuries in Janakpur, Madhesh (Nepal) on 12 Feb 2026. #SayTheirName #TransLivesMatter #TDoR",https://tdor.translivesmatter.info/reports/2026/02/12/name-unknown_janakpur-madhesh-nepal_c8f2ad61,qrcodes/c8f2ad61.png
Name Unknown,,,,,trans_flag.jpg,16 Feb 2026,,"Melcho Ocampo, Estado de México",Mexico,MX,19.711682,-99.149327,violence,beaten,"The victim's body was found bound, gagged and dumped on a dirt road. Her identity is not known.

> MELCHOR OCAMPO, Mexico, February 17 - The body of a [woman] dressed as a woman was found this afternoon, lying on a dirt road in this municipality, with severe injuries to her body, bound and gagged.
> 
> Police authorities are considering a crime of passion as a possible motive for this murder; however, they said that the investigations already being carried out by FGJEM agents will determine exactly what caused this individual to be killed.
> 
> The body of this individual, whose identity is currently unknown, was found minutes before seven o'clock on Tuesday night, lying on a dirt road, located in the Tepetongo neighborhood of the municipality.
> 
> After receiving a 911 call for help, municipal police officers arrived at the scene and, upon confirming that the individual was already dead, cordoned off the entire area and requested the intervention of the Public Prosecutor's Office to certify the facts. During the initial on-site inspections, the Public Prosecutor's Office reported that the deceased was lying face up, dressed as a woman, and had severe injuries to her body. She was tied up and gagged, and a backpack containing cosmetics was found next to her body.

Source: Observatorio de Feminicidios Ensenada

https://oem.com.mx/la-prensa/policiaca/abandonan-cuerpo-sin-vida-en-terraceria-de-melchor-ocampo-vestia-ropa-de-mujer-28503020

https://edomex.quadratin.com.mx/encuentran-a-hombre-vestido-de-mujer-sin-vida-en-melchor-ocampo/	

https://afondoedomex.com/crimen-de-odio-maniatado-y-con-ropa-femenina-dejan-a-un-hombre-muerto-en-un-camino-del-edomex/

https://www.instagram.com/p/DU6wvx3keYF/","The body of an unidentified #trans woman was found bound, gagged and dumped on a dirt road in Melcho Ocampo, Estado de México (Mexico) on 16 Feb 2026. #SayHerName #TransLivesMatter #TDoR",https://tdor.translivesmatter.info/reports/2026/02/16/name-unknown_melcho-ocampo-estado-de-mexico-mexico_a7250954,qrcodes/a7250954.png
Constanza Sánchez Tolosa (""Madre Constanza""),about 60,,photos/2026_02_18_Constanza-Sanchez-Tolosa.jpg,https://desinformemonos.org/transfemicidio-de-la-madre-constanza-en-bogota/,thumbnails/2026_02_18_Constanza-Sanchez-Tolosa.jpg,18 Feb 2026,,"Bogotá, Distrito Capital",Colombia,CO,4.61073934,-74.075317,violence,murdered,"Constanza was a longstanding human rights defender who helped young trans people displaced or expelled from their homes. Her murder caused widespread outrage.

> The discovery of the body of Constanza Sánchez, recognized for decades as a key figure in the defense of the rights of trans people in downtown Bogotá, shook the Santa Fe neighborhood in the Los Mártires district this Tuesday .
> 
> The community leader, known as “Mother Constanza,” had lived there for years and from that space built a support network that made her a role model for generations of trans women. Authorities confirmed that the body showed signs of violence; however, there is no official version of events at this time, and the incident is still under judicial investigation.
> 
> The news was confirmed by human rights groups and organizations. Among them, Caribe Afirmativo, one of the most visible, called for the case not to be treated as an isolated incident, given the context of repeated episodes of violence against the trans community in the city and the country. The Ombudsman's Office joined these calls, requesting that the Attorney General's Office launch an urgent investigation with a gender and identity-sensitive approach. Ombudsman Iris Marín warned that these events are part of a “systematic and culturally sustained” pattern of violence.
> 
> Constanza was not just an activist: she was a refuge and guide for several generations. For years, she accompanied young trans people displaced or expelled from their homes, providing them with legal guidance, daily support, and a place where they could exist and develop their personalities without fear.
> 
> Former Bogotá mayor Claudia López joined the chorus of condolences, lamenting Constanza's death and highlighting her role as a historical figurehead for the trans community. She recalled joint initiatives that, she said, honor Constanza's memory and legacy.
> 
> These voices were joined by Representative María Fernanda Carrascal, who demanded urgent action to protect the trans population, clarify the crime and guarantee justice, and asked Mayor Carlos Fernando Galán for concrete protection measures.
> 
> The Ministry of the Interior, under the national government, expressed its solidarity with Constanza's family and condemned the acts of violence in the Santa Fe neighborhood. In a statement, the Ministry categorically rejected any act that threatens the life, dignity, and integrity of transgender people and the LGBTIQ+ community, and reiterated its commitment to guaranteeing their rights and building environments free from discrimination.

https://desinformemonos.org/transfemicidio-de-la-madre-constanza-en-bogota/

https://www.qhubobogota.com/judiciales/constanza-hallada-dento-vivienda/

https://www.infobae.com/colombia/2026/02/20/hallan-muerta-a-constanza-conocida-como-la-abuela-de-todas-las-travestis-y-referente-historica-del-movimiento-trans-en-bogota/

https://www.elespectador.com/bogota/fiscalia-investiga-crimen-de-constanza-sanchez-referente-trans-hallada-sin-vida-en-bogota/

https://www.diariodelsur.com.co/investigan-la-muerte-de-mujer-trans-en-pagadiario-del-barrio-santa-fe-en-bogota/

https://www.pulzo.com/nacion/bogota/encuentran-muerta-abuela-travestis-bogota-defendia-derechos-trans-PP5057534

https://www.elespectador.com/bogota/fiscalia-investiga-crimen-de-constanza-sanchez-referente-trans-hallada-sin-vida-en-bogota/

https://www.facebook.com/watch/?v=26061740836848199

https://www.facebook.com/integracionsocialbogota/photos/desde-la-secretar%C3%ADa-de-integraci%C3%B3n-social-de-bogot%C3%A1-lamentamos-profundamente-el-/1336959085131712/

https://www.facebook.com/reel/1387747516894144

https://www.instagram.com/p/DU7Fp5JDhFK/

https://www.instagram.com/p/DU69-w9AHhB/

https://x.com/heidy_up/status/2024866661002592748

https://x.com/AngelicaLozanoC/status/2024951132913602694

https://x.com/MarnIris/status/2024317060801552450

https://x.com/CatalinariasCol/status/2024300627375816740

https://x.com/integracionbta/status/2024298557717581863

https://www.tiktok.com/@dayanarasalasmorelo/video/7608595975271091476","Constanza Sánchez Tolosa was a longstanding human rights defender who helped young #trans people displaced or expelled from their homes.

Her murder in Bogotá, Distrito Capital (Colombia) on 18 Feb 2026 caused widespread outrage. #SayHerName #TransLivesMatter #TDoR",https://tdor.translivesmatter.info/reports/2026/02/18/constanza-sanchez-tolosa-madre-constanza_bogota-distrito-capital-colombia_5f773a03,qrcodes/5f773a03.png
Suhasini,,,photos/2026_02_18_Suhasini.jpg,https://x.com/HateDetectors/status/2024134308492173435,thumbnails/2026_02_18_Suhasini.jpg,18 Feb 2026,,"Ballari, Karnataka",India,IN,15.15595736,76.90673217,violence,suspected homicide,"Suhasini and her partner were both found dead inside their home. Police suspect that he killed her before taking his own life.

> Police in Ballari are investigating the deaths of a transgender woman and her partner who were found inside their rented house in MK Nagar.
> 
> According to Superintendent of Police Suman Pannekar, the discovery was made after Suhasini’s family grew worried when she did not answer phone calls. Her brother visited the house and found both occupants dead inside.
> 
> Police said Suhasini, aged 29, was found lying on the floor, while Shekhar was found hanging from a window inside the house. Officers suspect Suhasini was killed and Shekhar later died by suicide. The exact cause of death will be confirmed after the post-mortem report. A case has been registered at Bruce Pet Police Station.
> 
> Investigators said Suhasini and Shekhar had been in a relationship for about four to six years. Their relationship faced opposition from Shekhar’s family, who were planning his marriage elsewhere. This disagreement led to frequent arguments between the couple. At one point, the dispute reached the police station.
> 
> After a reconciliation meeting between Shekhar’s family and members of the transgender community, the couple separated. However, they became close again about a year ago. They then rented a house and began living together as husband and wife, according to police.
>
> Police said Suhasini had recently returned to Ballari after taking part in the Hampi festival. Another dispute reportedly broke out between the couple over money and marriage issues. Investigators suspect that during this argument, Shekhar killed Suhasini and later hanged himself. Shekhar worked as an auto driver in the city. Further investigation is ongoing.

https://www.guaranteenews.com/district-news/ballari-lovers-suspicious-death-mangalmukhi-suhasini-shekar-suicide/

https://kannada.asianetnews.com/karnataka-districts/ballari-tragedy-financial-dispute-leads-to-tragic-deaths-of-transgender-suhasini-and-lover-shekhar/articleshow-em3td0x

https://www.facebook.com/indianewshd/posts/pfbid02H9LUxfJZBfBA3RcAKCLSC5eN8ePe6T82fCzwCjqgvNGXoba3P968Yo1MMLp24mRyl

https://www.facebook.com/watch/?v=790842134053050

https://www.facebook.com/indianewshd/photos/a-suspicious-death-incident-has-come-to-light-involving-a-transgender-woman-and-/1224971363170698/

https://x.com/HateDetectors/status/2024134308492173435","Suhasini and her partner were both found dead inside their home in Ballari, Karnataka (India) on 18 Feb 2026.

Police suspect that he killed her before taking his own life. #SayTheirName #TransLivesMatter #TDoR",https://tdor.translivesmatter.info/reports/2026/02/18/suhasini_ballari-karnataka-india_1def8799,qrcodes/1def8799.png
Vannesa Luciana (""La Luki""),,,photos/2026_02_18_Vannesa Luciana.jpg,https://www.facebook.com/edithdayanara.salasmorelo/posts/pfbid0ZHagRMoAyth87rnQd9vpMnVXVmEDGWxxn1ya5HFVaFRzgjQfQgxgdLGRLRzmYpGpl,thumbnails/2026_02_18_Vannesa Luciana.jpg,18 Feb 2026,,"Cúcuta, Norte de Santander",Colombia,CO,7.88911114,-72.50327477,violence,beaten,"Vannesa's body was found on a dirt road a few days after a video of her socialising and dancing with joy at a carnival had gone viral.

> A video of a transgender woman enjoying the Border Carnival in San Antonio del Táchira, Venezuela, which ran from last weekend until Tuesday, went viral on WhatsApp groups and social media . The video shows her dancing, socializing with others, and participating in the scheduled activities.
> 
> But the joy she displayed in the video vanished as soon as the festivities ended. Her body was found the next day on a dirt road near the Western Ring Road, across from the Simón Bolívar neighborhood in Cúcuta.
> 
> Initially, no one knew who she was, as she wasn't carrying any identification. She was lying face down, wearing a white t-shirt and jeans, the same clothes she was wearing in one of the released videos . Preliminary reports indicate that a blunt force trauma to the head caused her immediate death.
> 
> In the last few hours it was confirmed that the woman's name was Vanessa Luciana, who was also known as La Luki.
> 
> Sources close to the family indicated that she was originally from Turén, in the state of Portuguesa, and that her sisters were traveling to confirm her identity and expedite the repatriation of her remains.

https://lanacionweb.com/sucesos/hallan-sin-vida-a-vanessa-luciana-en-una-trocha-de-cucuta/

https://www.laopinion.co/judicial/la-luki-aparecio-muerta-en-cucuta-tras-disfrutar-el-carnaval-de-san-antonio-del-tachira

https://www.laopinion.co/judicial/misterio-por-la-muerte-de-una-mujer-hallada-en-trocha-cercana-al-anillo-vial-occidental-en

https://www.instagram.com/p/DU8lF5IDkgN/

https://www.instagram.com/p/DVHdspoDiXZ/

https://www.facebook.com/edithdayanara.salasmorelo/posts/pfbid0ZHagRMoAyth87rnQd9vpMnVXVmEDGWxxn1ya5HFVaFRzgjQfQgxgdLGRLRzmYpGpl

https://www.facebook.com/watch/?v=1341269371360391

https://www.facebook.com/watch/?v=884738217867869

https://x.com/AngelicaLozanoC/status/2024951132913602694","The body of Vannesa Luciana was found on a dirt road in Cúcuta, Norte de Santander (Colombia) on 18 Feb 2026. #SayHerName #TransLivesMatter #TDoR",https://tdor.translivesmatter.info/reports/2026/02/18/vannesa-luciana-la-luki_cucuta-norte-de-santander-colombia_b61c86be,qrcodes/b61c86be.png
Gadir,29,,,,trans_flag.jpg,20 Feb 2026,,"Havana, La Habana",Cuba,CU,23.13363615,-82.35487832,suicide,suicide,"Gadir died by suicide. Reportedly she lived in a state of precariousness.

*[Editor's Note: The social name of the victim has not been not confirmed.]*

> The body of a 29-year-old trans woman was found in a building in a state of collapse located at 466 calle Sol, between Villegas and Ejido, in the municipality of Old Havana, as confirmed by a collaborator of CubaNet present at the scene.
> 
> The victim was identified as Gadir Eduardo, a native of Las Tunas.
> 
> According to witnesses cited by the source, the young woman died from self-inflicted injuries, specifically by [suicide method redacted]. However, authorities have not yet officially confirmed the cause of death.
> 
> The discovery occurred this Friday around 3:00 PM. Neighbors of the building — occupied by homeless people and in an advanced state of disrepair — decided to check the place after noticing a strong odor. That's when they found the body.
> 
> According to a CubaNet contributor who spoke on condition of anonymity, police officers went to the site and began an investigation to determine the reasons that led to such a decision.
> 
> The young woman's partner was not at the scene at the time of the discovery, but arrived after being notified and was questioned by the authorities.
> 
> The victim resided irregularly in the building, a construction in critical condition that is part of the deteriorated housing stock of the Cuban capital, where numerous properties present structural risk and are occupied by people without housing alternatives.
> 
> This case occurs in a context where suicide has been recognized as a public health problem in Cuba. According to the Statistical Yearbook of Health (with data up to 2023), 1,671 deaths were recorded that year due to ""intentional self-inflicted injuries"": 1,390 men and 281 women.
> 
> According to the Pan American Health Organization's (PAHO) country profile, the suicide rate in Cuba is 10.2 per 100,000 inhabitants. In 2021, suicide was the tenth leading cause of death in the country and the third leading cause among those under 18, according to the Ministry of Public Health.
> 
> While authorities continue to investigate the specific circumstances of Gadir Eduardo's death, the case once again puts the state of mental health in Cuba and the vulnerable conditions in which many people live, especially those residing in dilapidated buildings or lacking strong support networks, at the center of the debate.

https://www.cubacute.com/2026/02/21/encuentran-sin-cuerpo-vida-de-joven-transexual-en-un-edificio-al-borde-del-derrumbe-en-la-habana-vieja/

https://noticias.cubitanow.com/joven-trans-de-29-aos-aparece-muerta-en-edificio-en-ruinas-en-la-habana-vieja

https://www.cibercuba.com/noticias/2026-02-21-u1-e43231-s27061-nid321381-encuentran-joven-vida-edificio-derrumbe-habana-vieja

https://www.cubanet.org/joven-de-29-anos-aparece-sin-vida-en-un-edificio-en-derrumbe-en-centro-habana/

https://www.facebook.com/CubitaNOW/posts/joven-trans-de-29-a%C3%B1os-aparece-muerta-en-edificio-en-ruinas-en-la-habana-vieja/1403893011777296/

https://www.facebook.com/CiberCubaNoticias/photos/encuentran-a-joven-sin-vida-en-edificio-en-derrumbe-en-la-habana-viejapublicado-/1385102813662239/

https://www.facebook.com/CubaSinFiltrosOficial/posts/pfbid02ERjV5vPeXB5fKyoLKPq8MWyhrXv9eJWHup9hafYupcgAFctRKWUTW4KzdMFL8pXbl

https://www.facebook.com/islalocal/posts/encuentran-cuerpo-sin-vida-de-joven-transexual-en-un-edificio-al-borde-del-derru/1537564661710283/","Gadir died by suicide in Havana, La Habana (Cuba) on 20 Feb 2026.

She was 29, and reportedly she lived in a state of precariousness. #SayHerName #TransLivesMatter #TDoR",https://tdor.translivesmatter.info/reports/2026/02/20/gadir_havana-la-habana-cuba_803af194,qrcodes/803af194.png
Samanta Gomes de Araújo,32,,photos/2026_02_21_Samanta.jpg,https://pernambuconoticias.com.br/mulher-trans-e-morta-a-facadas-no-interior-de-pernambuco-companheiro-e-preso-suspeito-do-crime/,thumbnails/2026_02_21_Samanta.jpg,21 Feb 2026,,"Trindade, Pernambuco",Brazil,BR,-7.75563058,-40.2711742,violence,stabbed,"Samanta died in hospittal after being stabbed by her partner during an argument. He was arrested shortly after the attack.

> Domestic violence has claimed another victim in Sertão do Araripe. A 32-year-old trans woman, identified as Samanta, died after being stabbed last Saturday (21), in Vila Saraiva, in Trindade, Pernambuco. The main suspect in the crime is her partner, Antônio Santos Rodrigues, 38, who was arrested by the police shortly after the attack.
> 
> According to information from the Military Police, the patrol was called by residents of the area who heard a heated argument coming from inside a house. Upon arriving at the property, the police found Samanta seriously injured. The aggressor had already fled the scene.
> 
> Police teams immediately began searching the area and located Antônio Santos Rodrigues. According to the official report, the man tried to flee and resisted arrest, but was subdued and arrested on the spot. Officers seized the knife that was possibly used to stab the victim.
> 
> Samanta received initial treatment at a health unit in Trindade. Due to the severity of her injuries, she was urgently transferred to a hospital in Ouricuri, also in the Sertão do Araripe region. Despite medical efforts, she succumbed to her injuries and her death was confirmed.
> 
> The case was forwarded to the Civil Police Station, which is investigating the motive for the crime. The suspect remains at the disposal of the Justice system and is expected to face charges of aggravated homicide.

https://www.agoranordeste.com.br/noticia/02/23/2026/mulher-trans-e-assassinada-a-facadas-no-sertao-de-pernambuco.html

https://www.leiaja.com/noticias/2026/02/25/mulher-trans-e-morta-pelo-companheiro-em-trindade-no-sertao-do-estado/

https://www.blogdorobertoararipina.com.br/mulher-trans-e-morta-a-facadas-em-trindade-companheiro-e-preso-em-flagrante/

https://edenevaldoalves.com.br/mulher-trans-e-morta-com-golpes-de-faca-em-trindade-pe/

https://www.folhape.com.br/noticias/trindade-mulher-trans-e-morta-a-facadas-no-sertao-de-pernambuco/469215/

https://www.carlosbritto.com/mulher-trans-e-morta-a-golpes-de-faca-em-trindade/

https://faroldenoticias.com.br/mulher-trans-e-morta-com-golps-de-faca-no-sertao-de-pe/

https://g1.globo.com/pe/petrolina-regiao/noticia/2026/02/23/mulher-trans-e-assassinada-a-facadas-em-trindade.ghtml

https://didigalvao.com.br/violencia-em-pernambuco-mulher-trans-e-morta-a-facadas-em-trindade-companheiro-e-preso-suspeito-do-crime/

https://www.cbnrecife.com/2026/02/23/mulher-trans-e-morta-a-facadas-em-trindade-no-sertao-de-pernambuco/

https://waldineypassos.com.br/mulher-trans-e-assassinada-a-facadas-em-trindade/

https://www.diariodepernambuco.com.br/vida-urbana/2026/02/11708214-mulher-trans-e-morta-com-golpes-de-faca-no-sertao-de-pernambuco.html

https://pernambuconoticias.com.br/mulher-trans-e-morta-a-facadas-no-interior-de-pernambuco-companheiro-e-preso-suspeito-do-crime/

https://waldineypassos.com.br/mulher-trans-e-assassinada-a-facadas-em-trindade/mulher-trans-e-assassinada-a-facadas-em-trindade/

https://g1.globo.com/pe/petrolina-regiao/videos-grtv-1-edicao/video/mulher-trans-e-assassinada-a-facadas-em-trindade-14371153.ghtml

https://x.com/LeiaJaOnline/status/2026741487057383754","Samanta Gomes de Araújo died in hospittal after being stabbed by her partner during an argument in Trindade, Pernambuco (Brazil) on 21 Feb 2026.

She was 32. #SayHerName #TransLivesMatter #TDoR",https://tdor.translivesmatter.info/reports/2026/02/21/samanta-gomes-de-araujo_trindade-pernambuco-brazil_024f60fe,qrcodes/024f60fe.png
Gisella Estefanía Granda Ochoa,46-49,,photos/2026_02_23_Gisella-Estefania-Granda-Ochoa.jpg,https://dianerodriguez.org/2026/02/24/transfeminicidio-de-gisella-granda-en-pasaje-la-sana-como-mensaje-de-odio/?fbclid=IwY2xjawQO7xVleHRuA2FlbQIxMQBzcnRjBmFwcF9pZBAyMjIwMzkxNzg4MjAwODkyAAEehRifEH9U-jLdqK2kWObTL0HQYZ1wp0aZm6CwhwE9Fk2eDDcoY22yzjQyEys_aem_u,thumbnails/2026_02_23_Gisella-Estefania-Granda-Ochoa.jpg,23 Feb 2026,,"Pasaje, El Oro",Ecuador,EC,-3.32698531,-79.80576773,violence,stabbed,"Gisella's body was found in her bedroom with a stab wound to the neck.

> For days, neighbors noticed her absence. Gisella Estefanía Granda Ochoa, 49, wasn't coming out, wasn't answering her phone. Their concern grew until they decided to look inside the house located on the corner of calles Galo García and Juan Montalvo in Pasaje. What they found was devastating. 
> 
> Her body was in the bedroom. She lived alone, was part of the LGBTQ+ community and had no criminal record. Today, those who knew her speak of a quiet, reserved person who would greet people with a brief smile and then go on her way. 
> 
> According to the police report, she was partially undressed, with an object stuck in her neck. 

https://dianerodriguez.org/2026/02/24/transfeminicidio-de-gisella-granda-en-pasaje-la-sana-como-mensaje-de-odio/

https://www.expreso.ec/provincias/hallan-sin-vida-mujer-trans-en-pasaje-piden-investigar-posible-crimen-de-odio-275602.html

https://www.pressreader.com/ecuador/diario-extra/20260225/281724096026298

https://www.facebook.com/CardenalECU/photos/llevaba-d%C3%ADas-muerta-%EF%B8%8F-persona-trans-fue-hallada-sin-vida-en-su-casala-puerta-que/928998912974075/

https://www.facebook.com/AlcibiadesO/posts/olor-f%C3%A9tido-alert%C3%B3-a-vecinos-mujer-trans-llevaba-d%C3%ADas-muerta-en-su-casa-en-pasaj/10163246538123300/

https://www.instagram.com/p/DVH8l14DPBk/","The body of Gisella Estefanía Granda Ochoa was found in her bedroom in Pasaje, El Oro (Ecuador) on 23 Feb 2026. #SayHerName #TransLivesMatter #TDoR",https://tdor.translivesmatter.info/reports/2026/02/23/gisella-estefania-granda-ochoa_pasaje-el-oro-ecuador_b794c072,qrcodes/b794c072.png
Melany Hernández,29,,photos/2026_02_26_Melany-Hernandez.jpg,https://www.facebook.com/elinformativodeltolima/photos/ella-es-melany-hern%C3%A1ndez-la-mujer-trans-que-fue-asesinada-en-el-norte-del-tolima/1549058517226421/,thumbnails/2026_02_26_Melany-Hernandez.jpg,26 Feb 2026,,"Lérida, Tolima",Colombia,CO,4.86090886,-74.91228121,violence,shot,"Melany died in hospital after being shot by armed assailants who arrived at her home and repeatedly shot her in what appears to have been a targeted execution.

> Another act of violence was reported this Wednesday, February 26, around midday, in the municipality of Lérida, in northern Tolima. In the El Progreso neighborhood, Plaza Nueva sector, Melany Hernández, a well-known trans woman in the town, was murdered after being shot near her home.
> 
> According to preliminary information, armed men arrived at the rear of the residence and, without saying a word, shot her repeatedly. Witnesses in the area reported hearing at least four gunshots, causing panic among residents who were at home or passing through the area at that time.
> 
> The victim received immediate assistance and was taken in critical condition to the local hospital. Due to the severity of her injuries, she was transferred to the Reina Sofía Hospital in Lleida, Spain, where doctors confirmed her death minutes later.
> 
> Those close to her indicated that, to the best of their knowledge, there were no recent threats or public conflicts that would have suggested such an outcome. Melany was known in the municipality for managing a nightclub and for her active participation in community activities in the area.
> 
> The National Police are conducting neighborhood canvassing, gathering witness statements, and reviewing security camera footage to clarify the facts and identify those responsible. So far, no arrests have been reported, nor has the motive for the crime been confirmed.
> 
> This homicide has once again raised concerns about security in municipalities in northern Tolima and adds to the cases of violence that are under investigation by judicial authorities.

https://caracol.com.co/2026/02/26/investigan-el-homicidio-de-una-mujer-trans-en-lerida-norte-del-tolima/

https://www.ecosdelcombeima.com/judicial/nota-183761-se-conocen-mas-detalles-del-homicidio-de-mujer-trans-en-zona-residencial-de

https://ondasdeibague.com/noticias/principales/59-destacadas/66311-violento-ataque-sicarial-acabo-con-la-vida-de-melany-en-lerida

https://www.facebook.com/elinformativodeltolima/photos/ella-es-melany-hern%C3%A1ndez-la-mujer-trans-que-fue-asesinada-en-el-norte-del-tolima/1549058517226421/

https://www.facebook.com/CaracolRadioGuaviare/posts/judicial-%EF%B8%8F-la-mujer-trans-de-29-a%C3%B1os-fue-asesinada-por-sicarios-en-el-sector-de-/917705880865301/

https://www.instagram.com/p/DVOeR80jh08/

https://x.com/GuaviareEstereo/status/2027131441574764914","Melany Hernández died in hospital after being shot by armed assailants who arrived at her home in Lérida, Tolima (Colombia) on 26 Feb 2026.

She was 29. #SayHerName #TransLivesMatter #TDoR",https://tdor.translivesmatter.info/reports/2026/02/26/melany-hernandez_lerida-tolima-colombia_e4cbf62a,qrcodes/e4cbf62a.png
Fanny (Kimberly),about 30,,photos/2026_02_26_Fanny-Kimberly.jpg,email,thumbnails/2026_02_26_Fanny-Kimberly.jpg,26 Feb 2026,,"Cuernavaca, Morelos",Mexico,MX,18.908627,-99.209505,violence,shot,"Fanny's body was found with a gunshot wound.

> The body of a trans woman, of whom no further details are known so far, was found in the city of Cuernavaca; the victim presented a firearm impact to the head.
> 
> Although the State Prosecutor's Office initiated an investigation folder for the crime of femicide, Miguel Angel Urrutia Lozano, Secretary of Security and Citizen Protection of Morelos, issued a series of transphobic comments about the gender identity of the victim in an interview with local media.

![](2026_02_26_Fanny-Kimberly_poster.png)

Source: Observatorio de Feminicidios Ensenada

https://rtvnoticiasmorelos.mx/investigan-como-feminicidio-muerte-de-integrante-de-la-comunidad-lgbt-en-cuernavaca/

https://www.facebook.com/reel/954561666904496

https://www.facebook.com/fueradelclosetradio/posts/una-mujer-trans-es-asesinada-en-morelos-%EF%B8%8F%EF%B8%8Fel-cuerpo-de-una-mujer-trans-de-quien-/1257548236480844/

https://www.facebook.com/fueradelclosetradio/photos/una-mujer-trans-es-asesinada-en-morelos-%EF%B8%8F%EF%B8%8Fel-cuerpo-de-una-mujer-trans-de-quien-/1257548226480845/

https://www.facebook.com/fueradelclosetradio/posts/pfbid0LWctF1n5FDapFKMgqyGjDHbq1vQEbjUQqQLGf9T4bTtvDsssgwQTGAqjWoSsH6gZl

https://www.instagram.com/p/DVbLr3mDr_T/

https://www.instagram.com/p/DVedBYmkT7L/

https://www.instagram.com/reels/DVRgf8VjUud/

https://www.instagram.com/reels/DVP0q6KDoqu/","Fanny's body was found with a gunshot wound in  Cuernavaca, Morelos (Mexico) on 26 Feb 2026.

She was about 30. #SayHerName #TransLivesMatter #TDoR",https://tdor.translivesmatter.info/reports/2026/02/26/fanny-kimberly_cuernavaca-morelos-mexico_e38fb602,qrcodes/e38fb602.png
Renu Devi,30,,,,trans_flag.jpg,28 Feb 2026,,"Bagaha, Bihah",India,IN,27.12290269,84.06599621,suicide,possible suicide,"Renu was found dead insde a locked room in circumstances which suggest suicide.

> Bettiah: A 30-year-old transgender [woman] was found hanging inside a rented room under suspicious circumstances in Dumwaliya locality of Bagaha town in West Champaran district on Saturday morning.The deceased was identified as Renu Devi, a native of Maharajganj district. She had been living alone in rented accommodation for the past 2 to 3 months.
>
> According to locals, the door of the room remained closed for a long time on Saturday morning. Despite repeated knocks and calls by neighbours, there was no response from inside. Suspecting something amiss, they alerted Dial 112. A police team arrived at the spot and informed Patkhauli police station.
> 
> Patkhauli SHO Hridayanand Singh said that upon receiving the information, a police team rushed to the spot. “The room was locked from inside. When the door was forced open, the body was found [possible suicide method redacted]” he said.
>
> A forensic science laboratory (FSL) team later visited the site and collected evidence. The body was sent to the subdivisional hospital for post-mortem examination.
>
> Police said preliminary investigation suggests that the deceased was originally from Maharajganj district of Uttar Pradesh and had been staying in the house of a local resident.
> 
> Another transgender person, identified as Laila, lives in a nearby room and is being questioned as part of the investigation.Police have taken the house owner into custody for questioning. While the case appears to be one of suicide at first glance, police said the exact cause of death would be ascertained only after the post-mortem report is received. Further investigation is under way, considering all possible angles
> 
> .Meanwhile, Bablu Kinnar, associated with a local transgender group, said that the deceased was not affiliated with their community. Our group members live in their own houses under the guidance of our guru Hemlata.

https://timesofindia.indiatimes.com/city/patna/transgender-found-hanging-in-west-champaran/articleshow/128894789.cms","Renu Devi was found dead insde a locked room in Bagaha, Bihah (India) on 28 Feb 2026

She was 30. #SayHerName #TransLivesMatter #TDoR",https://tdor.translivesmatter.info/reports/2026/02/28/renu-devi_bagaha-bihah-india_39b00c6a,qrcodes/39b00c6a.png
Flavia Cunha,42,,photos/2026_03_02_Flavia-Cunha.jpg,https://www.sistemampa.com.br/noticias/policial/quem-era-flavia-cunha-mulher-trans-morta-a-tiros-em-divinopolis/,thumbnails/2026_03_02_Flavia-Cunha.jpg,2 Mar 2026,,"Divinópolis, Minas Gerais",Brazil,BR,-20.15508463,-44.90358766,violence,shot,"Flávia was shot in her grandmother's kitchen by her own cousin. She died at the scene.

> The transgender woman shot dead on Monday morning, February 2nd, in Divinópolis, is Flavia Cunha, 42 years old. According to the portal Nosso Jornal.TV, Flavia is originally from Abaeté, lived in Brasília, and had been in Divinópolis for just over a month to help care for her 81-year-old grandmother.
> 
> According to the Civil Police, the crime occurred around 7:50 am on Avenida Paraná in Sidil. Flávia was hit by several shots in the kitchen of the property. Forensics found 9mm caliber casings at the scene.
> 
> The main suspect is a 34-year-old cousin of the victim, who fled on foot after the crime. He has already been identified and is being sought. According to the police, the man had a criminal record and had been released from prison in January of this year, moving into the same building. The motive is believed to be a family dispute.
> 
> The time of the burial has not yet been announced.

https://www.sistemampa.com.br/noticias/policial/quem-era-flavia-cunha-mulher-trans-morta-a-tiros-em-divinopolis/

https://divinews.com/2026/03/02/violencia-no-sidil-mulher-trans-e-morta-a-tiros-dentro-de-casa-em-divinopolis/

https://g1.globo.com/mg/centro-oeste/noticia/2026/03/02/mulher-trans-e-morta-a-tiros-em-apartamento-em-divinopolis-suspeito-e-primo-da-vitima.ghtml

https://portalgerais.com/mulher-foi-morta-por-primo-dentro-da-casa-da-avo-em-divinopolis/

https://www.sistemampa.com.br/noticias/policial/feminicidio-no-sidil-em-divinopolis-foi-cometido-pelo-primo-no-apartamento-da-avo/

https://pordentrodeminas.com.br/noticias/gerais/2026/03/mulher-trans-e-morta-a-tiros-dentro-de-apartamento-no-centro-de-divinopolis/

https://divinews.com/2026/03/02/mulher-de-43-anos-e-assassinada-a-tiros-no-bairro-sidil-em-divinopolis/

https://www.sucessofm.com/mulher-e-morta-pelo-companheiro-com-varios-disparos-de-arma-de-fogo-em-divinopolis/

https://g1.globo.com/mg/centro-oeste/videos-mgtv-1-edicao/video/mulher-trans-e-morta-a-tiros-dentro-de-apartamento-em-divinopolis-14393449.ghtml

https://g37.com.br/policia/primo-matou-mulher-trans-no-bairro-sidil-e-preso-em-divinopolis/

https://noticias.r7.com/minas-gerais/mulher-trans-e-morta-a-tiros-em-divinopolis-mg-primo-da-vitima-foi-preso-pelo-crime-03032026/

https://noticias.r7.com/minas-gerais/cidade-alerta/video/mulher-trans-e-morta-a-tiros-em-divinopolis-mg-primo-da-vitima-foi-preso-pelo-crime-03032026/

https://g1.globo.com/mg/centro-oeste/noticia/2026/03/03/suspeito-de-matar-mulher-trans-a-tiros-em-apartamento-e-preso-em-divinopolis.ghtml

https://www.em.com.br/gerais/2026/03/7367107-homem-mata-prima-trans-e-diz-que-briga-foi-por-causa-de-cachorro.html

https://www.sistemampa.com.br/noticias/policial/pm-prende-primo-que-matou-mulher-trans-no-sidil-em-divinopolis/

https://g1.globo.com/google/amp/mg/minas-gerais/bom-dia-minas/video/mulher-trans-e-encontrada-morta-dentro-de-apartamento-em-divinopolis-14394706.ghtml

https://www.instagram.com/p/DVZF5m8Dl9P/

https://www.instagram.com/p/DVavDr_AMMf/

https://www.instagram.com/reels/DVbJZGzjXH2/

https://www.instagram.com/reels/DVcE7qMk3zq/

https://x.com/DiviCity/status/2028660400854532399

https://x.com/DiviCity/status/2028660328674791817

https://www.youtube.com/watch?v=Ohjc3FCuVtU

https://globoplay.globo.com/v/14394706/","Flavia Cunha was shot in in her grandmother's kitchen in Divinópolis, Minas Gerais (Brazil) on 2 Mar 2026.

She was 42. #SayHerName #TransLivesMatter #TDoR",https://tdor.translivesmatter.info/reports/2026/03/02/flavia-cunha_divinopolis-minas-gerais-brazil_ab4e61e9,qrcodes/ab4e61e9.png
Jadyn Kimsel,16,5 Nov 2009,photos/2026_03_03_Jadyn-Kimsel.jpg,email,thumbnails/2026_03_03_Jadyn-Kimsel.jpg,3 Mar 2026,,"Howell, Michigan",USA,US,42.60720098,-83.93008846,suicide,suicide,"Jadyn died by suicide.

> On March 3rd 2026 Jadyn Kimsel (He/Him) killed himself, and his body was found by his 14 year old sister. Below is his obituary, however we have a different photo we would request that is used for him. He cut his hair and became more happy with his appearance and we want to use a photo that more aligns with his gender identity. In his obituary he is deadnamed, and misses some information that me and his friends would like to have included. 
> 
> Jadyn was a strong man, who was always true to himself. He was always there to support his friends in need. He was a constant light in our lives. He was very active within the friend group, always talking, chatting, sending memes and whatever else. He was a member of the swim team, where he would always try to push himself to get his times down. He was also a member of Howell Highschool Alliance Community, where he was always laughing, smiling, and ready to help. He would put his heart and soul into everything he did. 
> 
> He would always express himself with his music, especially songs from Mitski, Radiohead, Will Wood, and Linkin Park. He would watch shows and anime with his favorite being the rookie, he especially loved Lucy Chen and Tim Bradford. He loved Stranger things and was a huge Byler stan. He had recently gotten into JJK, The Pitt, and was rewatching AOT. He loved to use Snapchat filters, taking pictures of himself and others. He loved playing Roblox with friends especially Grow a Garden, and Adopt me. He would always be drinking a monster, celcius, or coffee from Dunkins. He was amazing at pixel art, making some stunning creations.
> 
> When asked ""What is your reason, the thing that keeps you going?"" He said ""So I can be remembered as a man."" (February 8th, 2026). I hope he knows that we do, and that is how we will remember him. As him living as his authentic self.
 
https://www.instagram.com/p/DVpU1ZRkXiZ/ 

https://web.archive.org/web/20260323191501/https://www.borekjennings.com/obituary/Jadyn-Kimsel","Jadyn Kimsel died by suicide in Howell, Michigan (USA) on 3 Mar 2026.

He was 16. #SayHisName #TransLivesMatter #TDoR",https://tdor.translivesmatter.info/reports/2026/03/03/jadyn-kimsel_howell-michigan-usa_aca145f1,qrcodes/aca145f1.png
Keira Rose Winters,18,2 Aug 2007,photos/2026_03_03_Keira-Rose-Winters.jpg,email,thumbnails/2026_03_03_Keira-Rose-Winters.jpg,3 Mar 2026,,"York, North Yorkshire",United Kingdom,GB,53.95934862,-1.08127732,suicide,suicide,"Keira reportedly died by suicide.

> I don't think any media reported on her passing.
>
> She passed away in York, England where she attended the university there. She was born on the 2nd of august 2007 and died on the 3rd of march 2026 at age 18.
>
> She loved computer science and physics (actually how I and her became friends)

![](2026_03_03_Keira-Rose-Winters2.jpg)

> ""Keira - to many including myself felt like a beacon of hope and love to everyone around her. Her care extended beyond us however as she deeply cared for struggling peoples across the globe. I miss her deeply her deeply and her absence is felt by everyone was was around her. To me it feels less like she took her own life as that her life was taken from her by the heartless, uncaring world that she occupied. If there is anything beyond this world Keira, may you find peace love and happiness.""

> ""Thank you, Keira. I'm glad to have ever known you, and for everything you showed me. For introducing me to eating Bounty chocolate again, and to your fantastic music taste. For teaching me how perfectly ok it is to be true yourself. Despite the cards the world dealt you, you were caring, hard working, and a wonderful friend. You deserved so much better. I'll miss you.""

> Thank you so much Keira, for everything you did for me in the time we had together. That was one of the best years of my life, and I hope you knew how much you meant to me. You deserved a life surrounded by your friends instead of the horrible things you had to go through. You were so comfortable to be around, and you made me really love myself for the first time. I know that I, and everyone else, misses you so much. You've had such an impact on me, I don't think I can ever forget you. Rest in peace.

Source: email","Keira Rose Winters reportedly died by suicide in York, North Yorkshire (United Kingdom) on 3 Mar 2026.

She was 18, and loved computer science and physics. #SayHerName #TransLivesMatter #TDoR",https://tdor.translivesmatter.info/reports/2026/03/03/keira-rose-winters_york-north-yorkshire-united-kingdom_4d5e18e1,qrcodes/4d5e18e1.png
Thea Lourdes Masica,24,5 Jun 2001,photos/2026_03_03_Thea-Lourdes-Masica.jpg,https://give.thetrevorproject.org/fundraiser/7060365,thumbnails/2026_03_03_Thea-Lourdes-Masica.jpg,3 Mar 2026,,"Plymouth, Minnesota",USA,US,45.01010261,-93.45812038,suicide,suicide,"Thea died by suicide. Her family asked that [donations be made to the Trevor Project](https://give.thetrevorproject.org/fundraiser/7060365) in her memory.

> Thea Lourdes Masica of Plymouth, Minnesota passed away on March 3, 2026 at the age of 24. She was born on June 5, 2001 in Minneapolis, Minnesota. She graduated from Wayzata High School in 2019.
> 
> Thea is a beautiful, creative and compassionate soul, who will be forever in our memory. Her smile could light up a room and her giggle was contagious. Thea is very empathetic and cared deeply for her family, friends and community. Her superpower is the ability to connect people together through her relationships. She created and maintained safe, supportive and loving spaces that touched the hearts and souls of so many.
> 
> There are no words that describe the heartbreak we all feel. It is hard to imagine a life without her and the energy she brings to this world. We feel so blessed to have the support of friends, family and community during this difficult time.
> 
> Anyone that knew Thea, knew that she cared deeply for the well-being of others; especially those in the LGBTQ+ community. To honor that, we have created this fundraising page for the Trevor Project. Our goal is to raise $25,000 in her honor.
> 
> We request that in lieu of gifts or flowers, please donate to this valuable organization that supports the mental health of the LGBTQ+ community. Any donation amount would be greatly appreciated. https://give.thetrevorproject.org/fundraiser/7060365

https://neptunesociety.com/obituaries/golden-valley-mn/thea-masica-12779702

https://give.thetrevorproject.org/fundraiser/7060365

https://www.facebook.com/skye.pool.2025/posts/pfbid0kpsfe2dSBPcziersPQeyuqxLjp2TWdqUAUKnSMJYbTMLWqpm2Xu2z4Vt1B7JMWZjl","Thea Lourdes Masica died by suicide in Plymouth, Minnesota (USA) on 3 Mar 2026.

She was 24. Her family asked that donations be made to the Trevor Project in her memory. #SayHerName #TransLivesMatter #TDoR",https://tdor.translivesmatter.info/reports/2026/03/03/thea-lourdes-masica_plymouth-minnesota-usa_d631e480,qrcodes/d631e480.png
Daniela,30,,photos/2026_03_05_Daniela.jpg,https://www.instagram.com/p/DVhBjc4AdUx/,thumbnails/2026_03_05_Daniela.jpg,5 Mar 2026,,"Manizales, Caldas",Colombia,CO,5.06750947,-75.51630354,violence,shot,"Daniela died in hospital a week after being shot on 25th February. The former mayor of a municipality in Caldas was arrested and remanded in custody.

> A trans woman who was shot on February 25 by the former mayor of Philadelphia, William Jairo Noreña, at a residence in downtown Manizales, died on Thursday morning (March 5) at the Caldas Hospital.
> 
> The victim, 30 years old and a native of Riohacha (La Guajira), was in delicate health, in the Intensive Care Unit (ICU) and under sedation.
> 
> The injured man, who was shot in the buttocks, is in an ICU at another clinic in Manizales.
> 
> Noreña was sent to jail and on Thursday his resignation from the Commercial Sub-Management of Inficaldas was accepted.
> 
> Noreña Vásquez, 50, was sent to jail last Friday, although this does not make him guilty, and it will be a judge of the Republic who determines his responsibility.
> 
> Before this person's death, the Prosecutor's Office charged the official with attempted aggravated homicide and attempted simple homicide, which carries a minimum prison sentence of 16 years.

https://www.elheraldo.co/colombia/2026/03/24/imputan-nuevos-cargos-a-exalcalde-vinculado-en-el-homicidio-de-una-mujer-trans-en-manizales/

https://www.elcolombiano.com/colombia/exalcalde-filadelfia-caldas-homicidio-mujer-trans-IG34455940

https://www.eluniversal.com.co/sucesos/2026/03/24/a-la-carcel-exalcalde-involucrado-en-el-crimen-de-una-mujer-trans/

https://www.lapatria.com/sucesos/por-muerte-de-mujer-trans-baleada-en-manizales-exalcalde-enfrentaria-hasta-58-anos-de

https://www.lapatria.com/sucesos/muere-mujer-trans-baleada-en-manizales-por-exalcalde-de-un-municipio-de-caldas

https://www.vanguardia.com/colombia/2026/03/10/mujer-trans-fue-asesinada-a-disparos-por-un-exalcalde-otra-logro-salvarse/

https://www.infobae.com/colombia/2026/02/27/alcalde-de-un-municipio-de-caldas-fue-capturado-tras-tiroteo-en-hotel-de-manizales-me-iban-a-matar-con-un-cuchillo/

https://www.pulzo.com/nacion/asesinato-de-daniela-mujer-trans-en-manizales-violencia-lgbtiq-en-colombia-y-caso-norena-PP5088810A

https://aquimanizales.com/incidente-que-provoco-renuncio-el-subgerente-comercial-de-inficaldas-ya-deja-un-muerto/

https://www.lapatria.com/sucesos/estado-critico-para-las-victimas-de-balacera-en-manizales-por-la-que-enviaron-prision

https://www.facebook.com/permalink.php?story_fbid=pfbid0dG2HQTSYo2zEqoR9thb6oq6BAMgMHssm7P7nQDpoiuyFiAJLQQKwyqdCWgKEhUE8l&id=61581444909646

https://www.instagram.com/p/DVhBjc4AdUx/

https://www.instagram.com/reels/DU5_EQDiqL8/

https://x.com/ReinelLlanoE/status/2029665097296007633

https://www.youtube.com/watch?v=JdIIhz8_lwQ","Daniela died in hospital in Manizales, Caldas (Colombia) on 5 Mar 2026. A week earlier she had been shot

She was 30. #SayHerName #TransLivesMatter #TDoR",https://tdor.translivesmatter.info/reports/2026/03/05/daniela_manizales-caldas-colombia_fcd52d60,qrcodes/fcd52d60.png
Nayrobi Flores Arcia,27,,photos/2026_03_06_Nayrobi-Flores-Arcia.jpg,https://notigram.com/mexico/nota-roja/mujer-trans-desaparecida-es-hallada-sin-vida-en-una-casa-de-campana-en-parque-de-cdmx-20260306-1670489,thumbnails/2026_03_06_Nayrobi-Flores-Arcia.jpg,6 Mar 2026,,"Ciudad de México, CDMX",Mexico,MX,19.44823756,-99.10265073,violence,tortured and stabbed,"Nayrobi's body was found in a park with signs of violence and sexual abuse. She had been missing since 26th February.

> MEXICO CITY - The lifeless body of a trans woman who had been reported missing since February 26 was found with signs of violence and sexual abuse in a park in the Venustiano Carranza borough.
> 
> It was early yesterday morning when relatives of Nayrobi Flores Arcia, 27, a member of the LGBTTTI community, found her body in the Ave Fénix Linear Park, located at Gran Canal del Avenida Desagüe 390B, in the Ampliación Venustiano Carranza neighborhood ; the body was hidden inside an improvised tent.
> 
> Nayrobi had been missing since February 26 when she left a friend's house in the Morelos neighborhood. Nothing else was heard from her subsequently.
> 
> After eight days of intense searching, the young trans woman was located by one of her sisters, who said that Nayrobi was beaten, had stab wounds in her back and signs of having been raped, so she demanded that the authorities of the capital's Prosecutor's Office capture the person responsible.
> 
> The victim's family provided the capital's authorities with the name of a man they suspect may be behind the horrific murder.
> 
> formally requested the authorities to initiate an investigation focused on a particular individual, whom they suspect may have direct responsibility for the death of the 27-year-old woman.

https://diariobasta.com/2026/03/07/hallan-sin-vida-a-mujer-trans-en-venustiano-carranza-estaba-reportada-como-desaparecida/

https://www.elgrafico.mx/la-roja/2026/03/07/justicia-para-nayrobi-flores-localizan-cuerpo-de-joven-trans-desaparecida-en-un-parque-de-la-cdmx/

https://www.nacion321.com/centro/2026/03/06/hallan-el-cuerpo-de-nayrobi-flores-mujer-trans-tiene-signos-de-violencia/

https://suracapulco.mx/impreso/6/protestan-con-bloqueo-en-cdmx-por-el-transfeminicidio-de-nayrobi/

https://notigram.com/mexico/nota-roja/mujer-trans-desaparecida-es-hallada-sin-vida-en-una-casa-de-campana-en-parque-de-cdmx-20260306-1670489

https://www.zocalo.com.mx/hallan-sin-vida-a-mujer-trans-reportada-como-desaparecida-en-cdmx/

https://www.infobae.com/mexico/2026/03/07/hallan-sin-vida-a-nayrobi-flores-mujer-trans-reportada-como-desaparecida-desde-febrero-en-la-cdmx/

https://oem.com.mx/la-prensa/policiaca/hallan-sin-vida-a-mujer-trans-en-venustiano-carranza-28811507

https://www.nacion321.com/centro/2026/03/06/hallan-el-cuerpo-de-nayrobi-flores-mujer-trans-tiene-signos-de-violencia/

https://heraldodemexico.com.mx/nacional/2026/3/6/asesinan-nayrobi-flores-arcia-mujer-trans-en-la-cdmx-familiares-la-localizaron-dentro-de-una-casa-de-campana-776910.html

https://www.nmas.com.mx/foro-tv/programas/las-noticias-las-4/videos/quien-era-nayrobi-flores-arcia-mujer-trans-hallada-sin-vida-el-parque-gran-canal-cdmx/

https://www.reforma.com/hallan-muerta-a-una-joven-trans-en-venustiano-carranza/ar3164940

https://www.sdpnoticias.com/estados/cdmx/hallan-el-cuerpo-de-nayrobi-flores-mujer-trans-desaparecida-desde-el-26-de-febrero/

https://noticiaselpaso.com/estaba-quemada-familia-de-nayrobi-joven-trans-desaparecida-encuentra-su-cuerpo-cerca-de-gran-canal/

https://www.telediario.mx/comunidad/gran-canal-cdmx-nayrobi-joven-trans-hallada-muerta-por-familia

https://mvsnoticias.com/nacional/2026/3/6/encuentran-sin-vida-mujer-trans-en-un-parque-de-la-alcaldia-venustiano-carranza-732583.html

https://heraldodemexico.com.mx/nacional/2026/3/6/si-sospechamos-de-alguien-hallan-sin-vida-nayrobi-flores-tras-dias-desaparecida-en-cdmx-776836.html

https://www.milenio.com/policia/nayrobi-flores-mujer-trans-hallada-muerta-venustiano-carranza

https://www.diariodemexico.com/mi-ciudad/localizan-sin-vida-nayrobi-flores-mujer-trans-desaparecida-desde-hace-ocho-dias

https://oem.com.mx/la-prensa/policiaca/hallan-sin-vida-a-mujer-trans-en-venustiano-carranza-28811507

https://www.facebook.com/100082337831095/photos/noticias-encuentran-el-cuerpo-de-mujer-trans-desaparecida-en-m%C3%A9xiconayrobi-flore/931329269621659/

https://www.facebook.com/elgrafico.mx/posts/%EF%B8%8F-justicia-para-nayrobi-flores-localizan-cuerpo-de-joven-trans-desaparecida-en-u/1327896866028362/

https://www.facebook.com/MilenioDiario/photos/encontr%C3%A9-a-mi-hermana-quemada-picada-hallan-sin-vida-a-nayrobi-mujer-trans-desap/1406469008177233/

https://www.facebook.com/Nacion321/posts/lamentable-encuentran-el-cuerpo-de-nayrobi-una-mujer-trans-reportada-como-desapa/1368653255303387/

https://www.facebook.com/MilenioDiario/posts/encontr%C3%A9-a-mi-hermana-quemada-picada-hallan-sin-vida-a-nayrobi-mujer-trans-desap/1406469014843899/

https://www.nmas.com.mx/foro-tv/programas/las-noticias-0600/videos/hallan-cuerpo-mujer-trans-nayrobi-flores-huellas-violencia-venustiano-carranza/

https://x.com/elgmx/status/2030471065542308271

https://x.com/diariobasta/status/2030788152525193536

https://x.com/nmasforo/status/2030067004842070220

https://x.com/Nacion321/status/2030123773815574696

https://x.com/siete_letras/status/2029959366762242337

https://www.youtube.com/watch?v=-_0dULLQMYs

https://www.youtube.com/watch?v=xQVmK8u1Gps

https://www.youtube.com/watch?v=oLGWhXbBZ4s

https://www.youtube.com/watch?v=ydBtJvi48js

https://www.youtube.com/watch?v=rhsHCU4zqY4

https://www.youtube.com/watch?v=ydBtJvi48js","The body of Nayrobi Flores Arcia was found in a park with signs of violence and sexual abuse in Ciudad de México, CDMX (Mexico) on 6 Mar 2026.

She was 27. #SayHerName #TransLivesMatter #TDoR",https://tdor.translivesmatter.info/reports/2026/03/06/nayrobi-flores-arcia_ciudad-de-mexico-cdmx-mexico_a1853830,qrcodes/a1853830.png
Giseel Guzmán Centeno,31,,photos/2026_03_13_Giseel-Guzman-Centeno.jpg,https://tiempo.hn/sucesos/2026/03/13/desgarrador-clamor-justicia-muerte-mujer-trans-carrizal/,thumbnails/2026_03_13_Giseel-Guzman-Centeno.jpg,13 Mar 2026,,"Comayaguela, Distrito Capital",Honduras,HN,14.10909098,-87.24630143,violence,shot,"Giseel was an activist and human rights defender known for her entrepreneurial and respectful nature.

> The death of Giseel Guzmán, a renowned trans leader and human rights defender in Honduras, has generated dismay among social organizations and activists who remember her as a figure committed to the defense of the LGBTIQ+ community.
> 
> Giseel, 31, had been part of [Asociacion Colectivo Violeta](https://www.colectivovioleta.org/) for over 15 years, where she actively participated in processes of accompaniment, advocacy and defense of human rights.
> 
> In a public statement, organizations such as Colectivo Violeta, Transfénix and LARBY's Artemis lamented the murder of their colleague and expressed solidarity with her family, friends and members of the collective. According to a family member's testimony, Guzmán was dedicated to renting apartments  and was also starting new projects to generate income.
> 
> The activist's body was found early Friday morning, March 13, in the return tunnel of the El Carrizal neighborhood in Tegucigalpa, the capital of Honduras. According to the preliminary report from the National Police, the body was found around 4:00 a.m. during a preventive patrol.
> 
> Authorities indicated that she had several visible injuries and that evidence was collected at the scene as part of the investigation.

<iframe src=""https://www.facebook.com/plugins/post.php?href=https%3A%2F%2Fwww.facebook.com%2Fvioleta8595%2Fposts%2Fpfbid0HjyJ8tZbcZ41KkXa8eFJ4ZpVwBFFzsDbbCgUmdCYG2NMUqpusKp6CK7mkYDYDA21l&show_text=true&width=500"" width=""500"" height=""646"" style=""border:none;overflow:hidden"" scrolling=""no"" frameborder=""0"" allowfullscreen=""true"" allow=""autoplay; clipboard-write; encrypted-media; picture-in-picture; web-share""></iframe>

> The Collective Association Alma Violeta deeply regret the killing of our leader Gissel Aguilar Centeno, who was part of our organization for more than 15 years. We sympathize with the grief of her family, friends and colleagues.

https://www.elheraldo.hn/videos/sucesos/ultimas-horas-de-giseel-guzman-salio-con-amigos-a-un-bar-y-aparecio-muerta-en-el-carrizal-LK29767826

https://oncenoticias.hn/nacionales/que-mostraba-fueron-ultimas-publicaciones-gissel-guzman-antes-encontrada-sin-vida-el-carrizal/

https://elperiodico.hn/2026/03/14/97762/

https://www.elheraldo.hn/fotogalerias/sucesos/ultimas-horas-con-vida-giseel-guzman-hallada-muerta-el-carrizal-quien-estuvo-JK29764148

https://tiempo.hn/sucesos/2026/03/14/yo-estoy-harta-giseel-guzman-mujer-trans-ultimada-tegucigalpa-mensajes/

https://www.elheraldo.hn/fotogalerias/sucesos/la-asfixiaron-y-la-lanzaron-desde-un-carro-asi-hallaron-cuerpo-gissel-guzman-mujer-trans-puente-el-carrizal-PP29732184

https://www.elheraldo.hn/videos/sucesos/detalles-del-hallazgo-del-cuerpo-de-giseel-en-el-carrizal-NP29733428

https://www.tunota.com/honduras-hoy/ultimo-video-giseel-guzman-mujer-trans-asesinada-tegucigalpa-2026-03-14

https://www.tunota.com/honduras-hoy/giseel-guzman-video-ultimas-horas-con-vida-2026-03-17

https://oncenoticias.hn/nacionales/mensaje-recuerdo-giseel-guzman-mujer-trans-ultimada-colonia-el-carrizal-salida-norte-tegucigalpa/

https://www.radiohrn.hn/sady-giseel-guzman-triste-mensaje-a-trans-asesinada-en-honduras-2026-03-17

https://oncenoticias.hn/nacionales/revelan-detalles-ultimas-horas-giseel-guzman-antes-hallada-sin-vida-el-carrizal/

https://www.tunota.com/honduras-hoy/giseel-guzman-mujer-trans-asesinada-en-el-carrizal-2026-03-13

https://www.radiohrn.hn/sady-giseel-guzman-mujer-trans-darwin-said-aguilar-centeno-el-carrizal-2026-03-13

https://tiempo.hn/sucesos/2026/03/13/desgarrador-clamor-justicia-muerte-mujer-trans-carrizal/

https://www.tunota.com/honduras-hoy/trans-asesinado-en-tunel-el-carrizal-declaraciones-hermana-2026-03-13

https://www.radiohrn.hn/darwin-said-aguilar-centeno-emprendedora-respetuosa-trans-hallada-muerta-en-el-carrizal-2026-03-13

https://oncenoticias.hn/nacionales/giselle-guzman-mujer-trans-hallada-sin-vida-carrizal/

https://www.latribuna.hn/2026/03/13/encuentran-sin-vida-a-persona-trans-bajo-puente-en-colonia-el-carrizal/

https://tiempo.hn/sucesos/2026/03/14/video-mujer-trans-antes-de-ser-ultimada-tegucigalpa/

https://www.radiohrn.hn/elegante-y-sofisticada-asi-lucia-en-redes-sady-trans-asesinada-en-tegucigalpa-2026-03-14

https://www.radiohrn.hn/policia-nacional-hallan-muerto-a-trans-en-tunel-de-la-salida-al-norte-de-honduras-2026-03-13

https://www.facebook.com/noticierohoymismo/posts/%EF%B8%8Fla-muerte-de-giseel-guzm%C3%A1n-reconocida-lideresa-trans-y-defensora-de-los-derecho/1422457523259989/

https://www.facebook.com/diarioelheraldo/photos/giseel-guzm%C3%A1n-la-mujer-trans-encontrada-muerta-en-el-carrizal-habr%C3%ADa-fallecido-p/1373347474825315/

https://www.facebook.com/noticierohoymismo/photos/la-muerte-de-giseel-guzm%C3%A1n-reconocida-lideresa-trans-y-defensora-de-los-derechos/1423335849838823/

https://www.facebook.com/noticierohoymismo/posts/revelan-video-clave-en-la-investigaci%C3%B3n-del-asesinato-de-giseel-guzm%C3%A1n-en-la-cap/1423186816520393/

https://www.facebook.com/RadioHRN/photos/emprendedora-y-respetuosa-as%C3%AD-era-sady-mujer-trans-hallada-muerta-en-el-carrizal/1414324174062085/

https://www.facebook.com/reel/871308519282551

https://www.instagram.com/p/DWDRvSRDIuI/

https://www.instagram.com/p/DV1Rpc6Di_P/

https://www.youtube.com/watch?v=7mUOC9Rqb94

https://x.com/tunota_com/status/2032955392490193301","The body of Giseel Guzmán Centeno was found in Comayaguela, Distrito Capital (Honduras) on 13 Mar 2026.

She was 31, and an activist and human rights defender known for her entrepreneurial and respectful nature. #SayHerName #TransLivesMatter #TDoR",https://tdor.translivesmatter.info/reports/2026/03/13/giseel-guzman-centeno_comayaguela-distrito-capital-honduras_f4e4be22,qrcodes/f4e4be22.png
Shyyell Diamond Sanchez-Mccray (¨Mabel¨),42,,photos/2026_03_13_Shyyell-Diamond-Sanchez-Mccray.jpg,https://www.facebook.com/yrawlings709/posts/pfbid02ZchwjbizZUorvdMjAvUPehWZ8Zm7CDzuYE6jK627CuQNAJwYheWrk1YvXBxo8pGNl,thumbnails/2026_03_13_Shyyell-Diamond-Sanchez-Mccray.jpg,13 Mar 2026,,"Petersburg, Virginia",USA,US,37.2144493,-77.4354444,violence,shot,"Shyyell was found with gunshot wounds in a building by first responders. She died at the scene.

> Her name was Shyyell Diamond Sanchez-Mccray. She was 42 years old and identified as a Black transgender woman. She died in Petersburg, Virginia.
> 
> On March 13, just before 2 a.m., Petersburg Police were called to the 300 block of Elm Street for a reported shooting. First responders entered a home with “an unsecured door” and found Shyyell’s body. Other reports state that Shyyell was found alive with multiple gunshot injuries, but died at the scene.
> 
> Shyyell was known as Mabel by her loved ones. She was born and raised in Peterburg, Virginia. She had also lived in Charlotte, North Carolina. She had worked for a LGBTQ bar in Charlotte and worked with Nationz Pageantry system. She ran a catering company and started her own pageant company.
> 
> In 2021, Mabel reflected on “the trials and tribulations I had to go through when I transitioned.”
> 
> In 2023, Mabel was targeted with racist slurs and bias at a Charlotte bar. She responded with a community advocacy effort to address racism in the LGBTQ community.
> 
> But most of her social media is filled with advocacy – posts about community events, outreach she organized to local youth, shared content about neighbors experiencing trials or needing help. She reported information about ICE detentions, missing children, and far too many memorial posts for friends and acquaintances.
> 
> She lifted up LGBTQ businesses, shared events, and showered love and appreciation on her pageant community.
> 
> Shyyell’s most recent posts described a struggle with depression and stress. She also expressed concern about another recent shooting.

Her Facebook profiles are https://www.facebook.com/shyyel.sanchezmccray and https://www.facebook.com/danna.lewis.142.

https://www.pghlesbian.com/2026/03/the-violent-death-of-black-trans-woman-shyyell-diamond-sanchez-mccray-first-reported-homicide-this-year/

https://www.facebook.com/breona.pittman.7/posts/pfbid02BkZNcDk2LCsYHnpQqGkBumhBJ7ZFU49vXSeNjqowBN263WYpJkE3aqtfpuqaxkTQl

https://www.facebook.com/yrawlings709/posts/pfbid02ZchwjbizZUorvdMjAvUPehWZ8Zm7CDzuYE6jK627CuQNAJwYheWrk1YvXBxo8pGNl

https://www.facebook.com/dominique804/posts/pfbid02bcMr8DzKhnV8mTd3TpfhDixGkFCqvXtvxTewXAGhDZubbf14VVGczY8UB9ZtXziCl

https://www.facebook.com/jc1diamond/posts/pfbid0BGbt5ZRt6yMUGXv6yaKQoBafgzc549n98Jga4UtHaD2hi1zko9cCM2nAinNxnAn1l

https://www.facebook.com/1748pbp/posts/937826482085622/","Shyyell Diamond Sanchez-Mccray was shot iin Petersburg, Virginia (USA) on 13 Mar 2026.

She was 42. #SayHerName #TransLivesMattter #TDoR",https://tdor.translivesmatter.info/reports/2026/03/13/shyyell-diamond-sanchez-mccray-mabel_petersburg-virginia-usa_5be7ef13,qrcodes/5be7ef13.png
Sigrid Taylor,19,,photos/2026_03_14_Sigrid-Taylor.jpg,by email,thumbnails/2026_03_14_Sigrid-Taylor.jpg,14 Mar 2026,,"Canterbury, Kent",United Kingdom,GB,51.27745574,1.08350641,suicide,suicide,"Sigrid died by suicide. According to her family, she had a kind nature and had come out relatively recently but struggled with her mental health.

> The death of a much-loved 19-year-old highlights the “emotional toll and social isolation” faced by transgender people, her heartbroken mum says.
> 
> The family of Sigrid Taylor, who lived in Herne Bay, say she took her own life after struggling with her mental health. Her mum, Penny, says she is heartbroken by the loss of her “beautiful, compassionate, deeply authentic” daughter.
> 
> She told KentOnline that Sigrid “came out relatively recently” and was “doing very well”, having made “a good number of acquaintances in the trans world”.
> 
> In an emotional tribute, she described her daughter as a kind and caring young woman who had a natural understanding of other people.
> 
> Sigrid was born in Ashford and raised in Canterbury, attending St Peter's Methodist Primary until the age of seven, when the Taylor family relocated to the USA. She moved back to Kent, this time settling in Herne Bay with her mum and her sister Ruby, about a year before her death.
> 
> Sigrid soon found her feet in the town, securing work in an admin role and becoming a hugely valued colleague and friend to many.
> 
> “She had an independent life - she wanted to find her own way,” Penny said. She was quite confident in her gentle way. She wasn't a loud person, she was never mean or cruel and she loved being with friends and helping others.”
> 
> Penny painted a picture of a sociable young woman who loved to sing, dance and act.
> 
> Sigrid loved history and madrigals - poems set to music. She had a fondness for cats and dragons and enjoyed dressing up. She also loved Costa Rica, New York and big cities, and was described as fashionable, creative and deeply curious about the world.
> 
> In a fundraiser recently launched to help pay for a gravestone, Penny called Sigrid’s death “a tragedy highlighting the profound emotional toll and social isolation faced by trans people”.
> 
> She noted her daughter had sought help from the NHS multiple times for her mental health and for support linked to her transition before her tragic death in March.
> 
> Writing on the GoFundMe page, she said her daughter’s short life reflected the need for “empathy, support and safe spaces” for the trans community.
> 
> “Forever loved, Sigrid leaves a dear sister Ruby, her parents, and dogs. We are broken-hearted by the loss,” she added.

https://www.kentonline.co.uk/herne-bay/news/my-daughter-s-tragic-death-highlights-emotional-toll-of-soc-342126/

https://www.gofundme.com/f/sigrid-taylor","Sigrid Taylor died by suicide in Canterbury, Kent (United Kingdom) on 14 Mar 2026.

She was 19. According to her family, she had a kind nature and had come out relatively recently but struggled with her mental health. #SayHerName #TransLivesMatter #TDoR",https://tdor.translivesmatter.info/reports/2026/03/14/sigrid-taylor_canterbury-kent-united-kingdom_7d09d04e,qrcodes/7d09d04e.png
Erika Droual,24,,photos/2026_03_15_Erika-Droual.jpg,by emal,thumbnails/2026_03_15_Erika-Droual.jpg,15 Mar 2026,,Paris,France,FR,48.85589927,2.35389059,suicide,suicide,"Erika died by suicide. Her obituary just lists her deadname and no other information.

> Hello, I send this message to declare the suicide of one of my close friend. 
>
> Erika DROUAL who died the 15/03/2026 at Paris, France.
>
> I struggled to send you this message as loosing her is a very painful experience...

> She was 24 and [suicide method redacted] at her mom's apartment. She was born and lived all her life in Paris, I don't really know what she was doing for work.
>
> She was a smart one, very thoughtful and kind to her friends, despite a very bad depression who didn't helped her.
>
> She was also a huge nerd, loving Magic The Gathering, TRPG (especially Knight, she did finished a campaign as a DM few months prior her suicide), Warhammer 40k and video games. 

Source: email","Erika Droual died by suicide in Paris (France) on 15 Mar 2026.

She was 24, and loved Magic The Gathering, TRPG, Warhammer 40k and video games. #SayHerName #TransLivesMatter #TDoR",https://tdor.translivesmatter.info/reports/2026/03/15/erika-droual_paris-france_59581b9a,qrcodes/59581b9a.png
Suellen Jalala Ferreira de Brito,30,,photos/2026_03_18_Suellen-Jalala-Ferreira-de-Brito.jpg,https://g1.globo.com/sp/sao-carlos-regiao/noticia/2026/03/19/mulher-trans-e-encontrada-morta-com-ferimentos-apos-sair-para-comprar-shampoo-no-interior-de-sp.ghtml,thumbnails/2026_03_18_Suellen-Jalala-Ferreira-de-Brito.jpg,18 Mar 2026,,"Araras, São Paulo",Brazil,BR,-22.3447131,-47.33218385,violence,murdered,"Suellen's body was found with signs of violence in an abandoned building near her home.

> A transgender woman was found dead with signs of violence in Araras (SP), on Wednesday (18). The victim was identified as Suellen Jalala Ferreira de Brito, 30 years old. According to her mother, her daughter left home on Tuesday afternoon (17) to buy shampoo and did not return.
> 
> Suellen's body was found the following morning in one of the rooms of an abandoned building in Parque Tiradentes, the neighborhood where she lived. According to the Public Security Secretariat (SSP), the case was registered as a suspicious death at the Araras Police Station. Suellen's body was buried this Thursday morning (19) at the Parque dos Eucaliptos Cemetery, in Araras.
> 
> ""Until now we don't know what happened, nor who committed this cruelty against her. I don't know how a human being has the capacity to do such a barbaric thing because she was a very good person and had no malice towards anyone,"" said her mother in an interview with g1.
> 
> According to her mother, her daughter was a homebody, single, and had no enemies. ""She was a wonderful person. On Tuesday, before going to the market, she had taken my 90-year-old father to the hospital for an IV drip because my 76-year-old mother wasn't feeling well. She took very good care of my parents, me, and my sisters,"" said Solange.
> 
> According to her mother, Suellen had venous thrombosis in her legs, which limited her mobility. After three months of hospitalization, she lost one of her lungs, further aggravating her condition.
> 
> According to Solange, her daughter was single and didn't have a boyfriend. When she went out, it was to go to the movies, something she loved, or to participate in family outings. The mother said that her daughter enjoyed studying and spoke English well.

Suellen's Instagram profiles are https://www.instagram.com/suellen_jalali/, https://www.instagram.com/sensuellenjalali/ and https://www.instagram.com/susuferreirajalali/.

https://g1.globo.com/sp/sao-carlos-regiao/noticia/2026/03/19/mulher-trans-e-encontrada-morta-com-ferimentos-apos-sair-para-comprar-shampoo-no-interior-de-sp.ghtml","The body of Suellen Jalala Ferreira de Brito was found with signs of violence in Araras, São Paulo (Brazil) on 18 Mar 2026.

She was 30. #SayHerName #TransLivesMatter #TDoR",https://tdor.translivesmatter.info/reports/2026/03/18/suellen-jalala-ferreira-de-brito_araras-sao-paulo-brazil_219ffa52,qrcodes/219ffa52.png
Vaiolet Trochez,,,photos/2026_03_19_Vaiolet-Trochez.jpg,https://www.facebook.com/Cartagoaldiacolombia/posts/asesinan-a-joven-trans-con-arma-blanca-el-cuerpo-presentaba-una-herida-en-el-pec/1494925908664124/,thumbnails/2026_03_19_Vaiolet-Trochez.jpg,19 Mar 2026,,"Santander de Quilichao, Cauca",Colombia,CO,3.02096582,-76.49511726,violence,stabbed,"Vaiolet's body was found with a stab wound to the chest.

> The murder of a young trans woman in Santander de Quilichao, Cauca, has generated profound shock within the LGBTIQ+ community. The incident, which occurred in the early hours of March 19, has reignited the debate about LGBTIQ+ violence in Colombia and the lack of protections for this population.
> 
> The case of the young trans woman murdered in Quilichao was uncovered in the Morales Duque neighborhood, where the lifeless body of [deadname] Tróchez, known as ""Vaiolet"", a young [trans woman] known in the area, was found.
> 
> According to preliminary information, the victim had a stab wound to the chest, near the heart, which caused her immediate death. She was initially unidentified, as she was not carrying any documents, but her identity was confirmed hours later by community leaders.
> 
> The body was transferred to Forensic Medicine with the support of the community, while investigations into the crime continue.
> 
> The LGBTIQ+ community has expressed its sorrow at what they consider a new episode of violence against vulnerable populations, and has called for real guarantees of protection, as well as decisive actions to prevent these events from happening again.

https://agenciademedioshoynoticias.com/violencia-sacude-a-santander-de-quilichao-asesinan-a-joven-trans-y-crece-la-preocupacion-ciudadana/

https://www.elpais.com.co/amp/judicial/asesinan-a-una-joven-trans-en-santander-de-quilichao-cauca-comunidad-lgbtiq-esta-de-luto-2034.html

https://meridianoregional.com/joven-trans-asesinada-dolor-en-santander-de-quilichao/

https://www.facebook.com/Cartagoaldiacolombia/posts/asesinan-a-joven-trans-con-arma-blanca-el-cuerpo-presentaba-una-herida-en-el-pec/1494925908664124/

https://www.facebook.com/nc.cauca.nc.cauca/posts/-crimen-atroz-en-santander-de-quilichao-mujer-trans-fue-asesinada-a-pu%C3%B1aladasuna/947183434665084/","The body of Vaiolet Trochez was found with a stab wound to the chest in Santander de Quilichao, Cauca (Colombia) on 19 Mar 2026. #SayHerName #TransLivesMatter #TDoR",https://tdor.translivesmatter.info/reports/2026/03/19/vaiolet-trochez_santander-de-quilichao-cauca-colombia_0f56803a,qrcodes/0f56803a.png
Solange Herrera,,,photos/2026_03_23_Solange-Herrera.jpg,https://www.radiohrn.hn/solange-herrera-trans-asesinada-en-bar-de-choluteca-2026-03-24,thumbnails/2026_03_23_Solange-Herrera.jpg,23 Mar 2026,,Choluteca,Honduras,HN,13.3177263,-87.16715156,violence,shot,"Solange was murdered in a bar by armed assailants who arrived on a motorcycle.

> More details have emerged about Solange Herrera, a trans woman who was murdered yesterday afternoon, Monday, inside a bar located in the nightlife area of the city of Choluteca, Choluteca, in southern Honduras.
> 
> According to reports from the scene, she was socializing at the establishment when suddenly two men arrived on a motorcycle, armed and without saying a word, began shooting at her. The number of gunshot wounds she received caused Solange to die instantly.
> 
> According to reports, Solange was originally from the village of Nuevos Colorados, also in the city of Choluteca. Her death has caused outrage among the LGBTQ+ community.
> 
> National Police officers arrived at the bar where the crime occurred to cordon off the scene and collect evidence.
> 
> Members of the LGBTIQ+ community also appeared, who were upset and outraged by what happened to their colleague Solange Herrera.
> 
> One of those present stated that they did not want the body to be transferred to Tegucigalpa, because Solange's family is of limited means and the procedures for removing the body from Forensic Medicine and transferring it would be expensive for them.
> 
> During the removal of the body, a discussion arose between family members and police officers and prosecutors, as they opposed the transfer of the body to the capital. However, the legal process requires an autopsy to determine further details about the murder.

https://www.tunota.com/honduras-hoy/identifican-persona-ultimada-bar-choluteca-2026-03-24

https://www.elheraldo.hn/sucesos/mujer-trans-asesinada-disparos-bar-choluteca-HL29885354

https://www.radiohrn.hn/solange-herrera-trans-asesinada-en-bar-de-choluteca-2026-03-24

https://www.facebook.com/diarioelheraldo/posts/en-choluteca-solange-herrera-fue-asesinada-a-disparos-mientras-se-encontraba-en-/1382870477206348/

https://www.facebook.com/diarioelheraldo/posts/en-choluteca-solange-herrera-fue-asesinada-a-disparos-mientras-se-encontraba-en-/1382870477206348/

https://x.com/diarioelheraldo/status/2036875941649973630",Solange Herrera was killed by armed assilants  in Choluteca (Honduras) on 23 Mar 2026. #SayHerName #TransLivesMatter #TDoR,https://tdor.translivesmatter.info/reports/2026/03/23/solange-herrera_choluteca-honduras_d636531d,qrcodes/d636531d.png
Sydney Lou Walden,30,,photos/2026_03_24_Sydney-Lou-Walden.jpg,https://www.snyderfuneralhome.com/obituaries/sydney-walden,thumbnails/2026_03_24_Sydney-Lou-Walden.jpg,24 Mar 2026,,"Lancaster, Pennsylvania",USA,US,40.04030994,-76.30415936,suicide,suicide,"Sydney died by suicide.

> Sydney Lou Walden, aged 30, of Lancaster, PA, passed from this life to the next on March 24, 2026. Throughout her life, Sydney journeyed courageously in many directions, seeking a meaningful place in this world.
> 
> She enjoyed music and nature, and in her time with us she came to champion important causes like protecting our planet’s natural beauty, as well as dignity and equality for all people.
> 
> Sydney developed into a strong self-advocate and will be remembered for her kind heart, her compassion and her love of family. Her mantra later in life was, “All will be well.”
> 
> She is survived by her mother and brothers and a loving, extended family.
>
> Those who knew Sydney are invited to carry forward her belief: all will be well.

Source: email
 
https://www.snyderfuneralhome.com/obituaries/sydney-walden

https://www.legacy.com/us/obituaries/name/sydney-walden-obituary?id=61293352","Sydney Lou Walden died by suicide in Lancaster, Pennsylvania (USA) on 24 Mar 2026.

She was 30. #SayHerName #TransLivesMatter #TDoR",https://tdor.translivesmatter.info/reports/2026/03/24/sydney-lou-walden_lancaster-pennsylvania-usa_893aeed4,qrcodes/893aeed4.png
Estrelinha de Souza,28,,photos/2026_03_27_Estrelinha.jpg,https://www.correio24horas.com.br/minha-bahia/mulher-trans-e-assassinada-a-facadas-pelo-proprio-irmao-no-interior-da-bahia-0426,thumbnails/2026_03_27_Estrelinha.jpg,27 Mar 2026,,"Barra, Bahia",Brazil,BR,-11.09760588,-43.15595231,violence,stabbed,"Estrelinha died in hospital. She had been stabbed by her own brother after she reprimanded him as he argued with others in a bar.

Amarildo Ramos de Souza, 33, was arrested just over a week later.
 
> A 28-year-old trans woman, known as Estrelinha, was stabbed to death last Friday (27), in the municipality of Barra in the west of the state. According to the Civil Police of Bahia the main suspect in the crime - the victim's brother - was arrested this Tuesday (31).
> 
> The man, identified as Amarildo Ramos de Souza, 33, was located by teams from the Bahia Military Police while walking armed through the streets of the city. He was arrested for illegal possession of a firearm and taken to a police station where he remains at the disposal of the Justice system.
> 
> According to the investigation, Estrelinha was at a bar in the Santa Clara neighborhood when the suspect arrived and started an argument with other people. The victim reportedly reprimanded her brother, who left the establishment and returned shortly afterward carrying two knives.
> 
> Subsequently, he attacked his sister, striking her in the chest. The victim was taken to Ana Mariani Hospital, but she did not survive her injuries. The case is still under investigation by the Civil Police.

https://www.acheisudoeste.com.br/noticias/bahia/homem-e-preso-por-assassinato-brutal-de-transexual-em-barra

https://www.augustourgente.com.br/2026/04/mulher-trans-e-assassinada-facadas-pelo.html

https://www.alojuca.com.br/noticia/tragedia-familiar-mulher-trans-e-morta-pelo-proprio-irmao-apos-discussao-em-barra-no-oeste-da-bahia-suspeito-e-preso

https://www.acheisudoeste.com.br/noticias/bahia/mulher-trans-e-assassinada-a-facadas-pelo-proprio-irmao-no-oeste-da-bahia

https://www.bahianoticias.com.br/amp/municipios/noticia/50187-homem-e-preso-apos-matar-irma-trans-a-facadas-video-registra-momento-do-crime-em-barra

https://www.faroldabahia.com.br/noticia/mulher-trans-e-morta-a-facadas-por-irmao-suspeito-e-preso-quatro-dias-depois

https://www.correio24horas.com.br/bahia/video-flagra-momento-que-mulher-trans-e-morta-pelo-proprio-irmao-na-bahia-0426

https://seliguebahia.com.br/bahia/mulher-trans-e-morta-a-facadas-no-interior-da-bahia-irmao-e-preso-suspeito-do-crime/

https://edenevaldoalves.com.br/homem-suspeito-de-matar-irma-trans-a-facadas-e-preso-na-bahia/

https://g1.globo.com/ba/bahia/noticia/2026/04/01/video-mostra-momento-que-homem-mata-irma-trans-a-facadas-na-bahia-suspeito-foi-preso-quatro-dias-apos-crime.ghtml

https://sociedadeonline.com/mulher-trans-e-morta-a-facadas-por-irmao-na-bahia/

https://portaldocerrado.com/suspeito-de-matar-irma-trans-barra-bahia/

https://aratuon.com.br/seguranca/video-camera-flagra-homem-em-ataque-que-matou-irma-trans-na-bahia/

https://www.correio24horas.com.br/minha-bahia/mulher-trans-e-assassinada-a-facadas-pelo-proprio-irmao-no-interior-da-bahia-0426","Estrelinha de Souza died in hospital after being stabbed by her own brother in Barra, Bahia (Brazil) on 27 Mar 2026.

She was 28. #SayHerName #TransLivesMatter #TDoR",https://tdor.translivesmatter.info/reports/2026/03/27/estrelinha-de-souza_barra-bahia-brazil_e4242eab,qrcodes/e4242eab.png
Estrella Vázquez Cruz,36,,photos/2026_03_28_Estrella-Vazquez-Cruz.jpg,https://www.proceso.com.mx/nacional/estados/2026/3/31/matan-balazos-mujer-transgenero-en-la-costa-chica-de-guerrero-371347.html,thumbnails/2026_03_28_Estrella-Vazquez-Cruz.jpg,28 Mar 2026,,"Azoyú, Guerrero",Mexico,MX,16.73261502,-98.60214506,violence,shot,"Estrella's body was found with gunshot wounds on a plot of land two days after she had gone missing.

> CHILPANCINGO, Gro., (apro) .- Estrella Vázquez, a transgender woman, was found shot to death over the weekend in Azoyú, a municipality in the Costa Chica region of Guerrero.
> 
> With this, the number of crimes against LGBTI+ people in Guerrero has reached 53 in the last 10 years, according to collectives.
> 
> “They are killing us simply for belonging to the LGBT community,” they warned.
> 
> Yesterday, the murder of Estrella Vázquez Cruz, 36, from the community of Macahuite, was reported. She had disappeared on Thursday, March 26.
> 
> Her body was found on Saturday by residents about five kilometers from her community, on a plot of land near Azoyú, the municipal seat of the same name. Authorities found at least two spent shell casings from a long gun at the crime scene.
> 
> This Tuesday, the newly created Frente Estatal Guerrero Diverso, made up of 15 collectives, condemned the murder and demanded that authorities stop the attacks against the community.
> 
> Efraín de Jesús Arroyo, the president of Orgullo Guerrero, lamented that these crimes continue to be committed in Guerrero on the International Transgender Day of Visibility. He denounced the underreporting of crimes in the state because those crimes are not made public in municipalities in the Central, Northern, and Mountain regions and demanded justice from the authorities for these murders because investigations are opened, but there is no follow-up on attacks against the LGBTI population.
> 
> He stated that machismo, ideas, and ways of thinking that attack sexual minorities prevail in all social strata.
> 
> ""They are killing us simply for belonging to the LGBTI community,"" the activist declared.

https://www.zocalo.com.mx/matan-a-balazos-a-mujer-transgenero-en-guerrero/

https://www.proceso.com.mx/nacional/estados/2026/3/31/matan-balazos-mujer-transgenero-en-la-costa-chica-de-guerrero-371347.html

https://suracapulco.mx/exigen-justicia-por-asesinatos-contra-personas-lgbti-en-guerrero/

https://www.facebook.com/Noticiasdechilpancingo/posts/pfbid029aSCpu8emiWij8uWwkGFd8n1iRmoxXWRZpZwgFwXoXeLuApH3nrtCuMymCzxZTfwl?rdid=a7zeD4na1to6Wm5m#

https://x.com/cmlgbttti/status/2039805843823362058

https://x.com/anodis/status/2039197577506066709","The body of Estrella Vázquez Cruz was found with gunshot wounds in Azoyú, Guerrero (Mexico) on 28 Mar 2026.

She was 36. #SayHerName #TransLivesMatter #TDoR",https://tdor.translivesmatter.info/reports/2026/03/28/estrella-vazquez-cruz_azoyu-guerrero-mexico_825f2921,qrcodes/825f2921.png
Tawan Neves,,,photos/2026_03_29_Tawan-Neves.jpg,https://www.cic7noticias.com/casos-de-policia/atualizacao-identificado-homem-trans-assassinado-a-tiros-em-tamoios-vitima-era-moradora-de-sao-pedro-da-aldeia/,thumbnails/2026_03_29_Tawan-Neves.jpg,29 Mar 2026,,"Cabo Frio, Rio de Janeiro",Brazil,BR,-22.72279686,-42.03110525,violence,shot,"Tawan's body was found with gunshot wounds in front of a residential building.

> It is with deep sorrow that we announce the passing of Tawan Neves, resident of the Balneário neighborhood.
> 
> Tawan will be remembered for his story, his courage, and for being who he always was: a trans man who marked the lives of everyone around him.
> 
> The NGO Aldeia Diversity is closely following this moment and is providing full support to the family members.
> 
> We stand in solidarity with friends and family, wishing strength and comfort to face this loss.
> 
> Rest in peace Tawan Neves.

Tawan's Instagram profile is https://www.instagram.com/tawannevesofc.

https://www.cic7noticias.com/casos-de-policia/atualizacao-identificado-homem-trans-assassinado-a-tiros-em-tamoios-vitima-era-moradora-de-sao-pedro-da-aldeia/

https://www.instagram.com/p/DWfSSJhDD24/

https://www.instagram.com/reels/DWj3MCRksCa/

https://www.facebook.com/groups/pgmreal/posts/34810577878588746/","The body of Tawan Neves was found with gunshot wounds in front of a residential building in Cabo Frio, Rio de Janeiro (Brazil) on 29 Mar 2026. #SayHisName #TransLivesMatter #TDoR",https://tdor.translivesmatter.info/reports/2026/03/29/tawan-neves_cabo-frio-rio-de-janeiro-brazil_f6d42300,qrcodes/f6d42300.png
Renata Almeida Dutra,43,,photos/2026_03_31_Renata-Almeida-Dutra.jpg,https://www.instagram.com/p/DTus-OKDpo6/,thumbnails/2026_03_31_Renata-Almeida-Dutra.jpg,31 Mar 2026,,São Paulo,Brazil,BR,-23.55678103,-46.65899989,violence,not reported,"Renata's body was found in her apartment. Her death is considered suspicious and valuables were missing from her apartment.

> The São Paulo Civil Police has launched a detailed investigation to clarify the circumstances of the death of Renata Almeida Dutra , 43. The trans woman was found lifeless by her own mother last Tuesday (31), in an apartment located on the busy Rua Augusta, in the central region of the São Paulo capital. The case was initially registered as a suspicious death, since the body presented specific physical signs that require expert analysis.
> 
> According to the information contained in the police report, the victim had a swollen face and a purplish bruise on her right forearm. This physical evidence raises questions about what might have occurred in the hours leading up to her death. Authorities are currently trying to determine if the marks are the result of possible violence or if they are related to cosmetic procedures Renata underwent.
> 
> The scene found at the property also caught the attention of the experts and the family. Although the apartment showed no signs of forced entry, relatives of the victim noticed the absence of valuables. According to family members, Renata's cell phone and several pieces of jewelry were not found inside the residence. The Military Police were the first to arrive at the scene and immediately confirmed the death, preserving the area for the arrival of the forensic team.
> 
> Investigations indicate that Renata's boyfriend was the last person to have direct contact with her. Images captured by the building's security cameras show the man walking through the hallway and using the building's elevator. Despite these images, as of the last update on the case, he was not being treated by the police as a formal suspect in her death.
> 
> Interestingly, the man was arrested by authorities the day after Renata's death. However, the arrest was for a theft, unrelated to the death on Rua Augusta Police information indicates he already has an extensive criminal record. His testimony is considered key to reconstructing the chronology of events and understanding Renata's health and safety status in her final hours.
> 
> Renata had a well-established life abroad. Speaking to TV Globo, the victim's mother revealed details about her daughter's routine in recent months. ""Renata had lived in Paris for over 20 years and came to Brazil in November to spend a few months and celebrate her birthday ,"" explained the relative, visibly shaken by the sudden loss. The trip, which should have been a time of celebration and reunion, ended in tragedy.
> 
> Another relevant point for the investigation is the victim's physical health after a cosmetic procedure. The mother also stated that her daughter ""had a facelift — plastic surgery to rejuvenate the face — on March 22nd, accompanied by a friend ."" The day before the body was discovered, the mother had brought food for her daughter, and everything seemed normal. On Tuesday, after several unsuccessful attempts to contact her by phone, the decision to go to the property led to the discovery of the body. In an official statement, the Public Security Secretariat informed that ""investigations are underway aimed at fully clarifying the facts"" through the 4th Police District of Consolação.

Renata's Instagram profile is https://www.instagram.com/renatadavilaofficial/.

https://www.metropoles.com/sao-paulo/fez-a-rapa-mae-trans-encontrada-morta

https://tnonline.uol.com.br/noticias/cotidiano/mulher-trans-e-encontrada-morta-pela-propria-mae-em-apartamento-apos-dias-sem-dar-noticias-1078805

https://www.bandab.com.br/nacional/mulher-trans-encontrada-morta-apartamento-sp/

https://www.sindiconet.com.br/informese/mulher-trans-morta-centro-sp-rua-augusta-investigacao-noticias-seguranca

https://www.metropoles.com/sao-paulo/o-que-sabe-mulher-trans-morta-centro-sp

https://www.metropoles.com/sao-paulo/o-que-sabe-mulher-trans-morta-centro-sp

https://cgn.inf.br/noticia/2077409/o-que-se-sabe-sobre-a-morte-de-mulher-trans-encontrada-em-apartamento

https://sobralonline.com.br/investigacao-morte-mulher-trans-apartamento-rua-augusta/

http://sampi.net.br/nacional/noticias/2971758/brasil-e-mundo/2026/04/policia-apura-morte-de-trans-em-apartamento-na-rua-augusta

https://g1.globo.com/sp/sao-paulo/noticia/2026/04/04/o-que-se-sabe-e-o-que-falta-saber-sobre-a-morte-da-mulher-trans-encontrada-em-apartamento-no-centro-de-sp.ghtml

https://www.terra.com.br/noticias/brasil/cidades/mulher-trans-e-encontrada-morta-em-um-apartamento-no-centro-de-sao-paulo,279deee83b9a53ad57242776314cf2724nwuubnn.html

https://spdiario.com.br/noticias/noticias-de-sp/mulher-trans-e-encontrada-morta-dentro-de-apartamento-no-centro-de-sp.html

https://primeirojornal.com.br/2026/04/04/o-que-se-sabe-sobre-mulher-trans-morta-em-apartamento-na-rua-augusta/

https://www.uol.com.br/flash/?c=c513643f28eb4d889def8b7701cd3dc20260404

https://record.r7.com/balanco-geral-manha/video/mulher-e-encontrada-morta-apos-namorado-ser-visto-saindo-do-apartamento-no-centro-de-sp-03042026/

https://www.terra.com.br/noticias/quem-e-a-mulher-trans-encontrada-morta-com-hematomas-no-rosto-em-predio-na-rua-augusta-no-centro-de-sp,316e25a10a9fe7c9a1a142b97c61a7dd6nyspyev.html

https://diariodoestadogo.com.br/mulher-trans-encontrada-morta-em-apartamento-em-sao-paulo-o-que-se-sabe-653383/

https://www.diariodocentrodomundo.com.br/essencial/mulher-trans-e-encontrada-morta-em-area-nobre-de-sp-policia-investiga/

https://www.metropoles.com/sao-paulo/fez-a-rapa-mae-trans-encontrada-morta

https://www.gazetaweb.com/noticias/brasil/fez-a-rapa-e-deixou-minha-filha-diz-mae-de-trans-encontrada-morta-890407

https://www.metropoles.com/sao-paulo/mulher-trans-e-encontrada-morta-em-apartamento-no-centro-de-sao-paulo

https://noticias.uol.com.br/cotidiano/ultimas-noticias/2026/04/03/mulher-trans-e-encontrada-morta-em-apartamento-na-rua-augusta.ghtm

https://www.mixvale.com.br/2026/04/03/la-policia-civil-investiga-la-muerte-sospechosa-de-una-mujer-trans-con-heridas-en-un-apartamento-de-la-rua-augusta-es/amp/

https://g1.globo.com/sp/sao-paulo/noticia/2026/04/03/mulher-trans-e-encontrada-morta-com-hematomas-no-rosto-em-apartamento-na-rua-augusta-no-centro-de-sp.ghtml

https://www.facebook.com/esquerdatrans/posts/pfbid0fQeZ9sYKomZhokoCfnKQMrpt259uYgoXMqQVWS9SnrzZzvAJE8jJkgDsPdcDoVFRl

https://www.facebook.com/watch/?v=1270815617838137

https://www.facebook.com/cajamargerais/posts/renata-foi-encontrada-morta-em-casa-renata-almeida-dutra-era-um-mulher-trans-e-i/1486822133105316/

https://www.facebook.com/groups/pgmreal/posts/34791859627127238/

https://www.instagram.com/p/DWtjC3GDca4/

https://www.instagram.com/reels/DWtO9LLErvi/

https://www.instagram.com/p/DWsG4d7mANj/

https://x.com/Metropoles/status/2040357456979927482

https://www.youtube.com/watch?v=K5jY3Dv_ar0

https://www.youtube.com/shorts/Fe4VTAbF3Yw","The body of Renata Almeida Dutra was found in her apartment in São Paulo (Brazil) on 31 Mar 2026.

She was 43. #SayHerName #TransLivesMatter #TDoR",https://tdor.translivesmatter.info/reports/2026/03/31/renata-almeida-dutra_sao-paulo-brazil_5122a5fb,qrcodes/5122a5fb.png
""La Zamantha"",30,,photos/2026_04_01_La-Zamantha.jpg,https://www.facebook.com/photo.php?fbid=592152822759879&set=pb.100058954989986.-2207520000&type=3,thumbnails/2026_04_01_La-Zamantha.jpg,1 Apr 2026,,"Culiacán, Sinaloa",Mexico,MX,24.83991426,-107.4472529,violence,shot,"Zamantha's body was found with gunshot wounds and hands and feet tied.

> On the afternoon of Wednesday, April 1st, the discovery of a body was reported north of Culiacán. The body showed apparent signs of violence.
> 
> On Wednesday afternoon a body was located in ​​farmland located in front of the Stanza Granada subdivision,La Conquista sector, located north of the Bellavista police station in the Culiacancito district.
> 
> According to initial reports the discovery was made just before 2:00 p.m. after a call was received by the 911 emergency service alerting about a deceased person, who was found bound hand and foot with tape, and lying in the middle of an agricultural property.
> 
> Authorities stated that, at the time she was found, the victim was wearing a green dress and had dyed blonde hair. So far these are the only characteristics that have been provided. The identity of the victim found in farmland in Culiacán is unknown and had gunshot wounds.
> 
> After the discovery was reported officers from various police agencies arrived at the scene and cordoned off the area.
> 
> Minutes after the discovery, personnel from the State Attorney General's Office (FGE) arrived to conduct the corresponding investigations and document the finding. The victim's identity has not yet been released.

*[Editor's Note: Zamantha's full name has been withheld At the request of Observatorio de Feminicidios Ensenada]*

https://www.nmas.com.mx/sinaloa/hallan-cuerpo-sin-vida-de-mujer-con-huellas-de-violencia-en-zona-de-tierras-de-cultivo-de-culiacan-sinaloa/

https://www.milenio.com/estados/en-culiacan-asesinatos-integrantes-de-la-comunidad-lgbt


https://oem.com.mx/elsoldesinaloa/policiaca/localizan-a-mujer-asesinada-con-huellas-de-violencia-en-tierras-agricolas-de-bellavista-culiacan-29289404

https://riodoce.mx/2026/04/01/hallan-el-cuerpo-de-una-mujer-en-stanza-granada-al-norte-de-culiacan/

https://www.telediario.mx/nacional/sinaloa-hallan-a-mujer-sin-identificar-en-drenaje

https://losnoticieristas.com/policiaca/2026/04/localizan-ejecutada-a-balazos-a-una-persona-en-stanza-granada-al-norte-de-culiacan-sinaloa-1027327/

https://www.facebook.com/MilenioDiario/photos/tras-asesinado-de-una-l%C3%ADder-de-un-colectivo-alertan-en-culiac%C3%A1n-por-homocidios-d/1431135615710572/","Zamantha was found with gunshot wounds and hands and feet tied in the La Conquista area of Culiacán, Sinaloa (Mexico) on 1 Apr 2026.

She was 30. #SayHerName #TransLivesMatter #TDoR",https://tdor.translivesmatter.info/reports/2026/04/01/la-zamantha_culiacan-sinaloa-mexico_e9a2e06b,qrcodes/e9a2e06b.png
Name Unknown,,,,,trans_flag.jpg,2 Apr 2026,,"Cancún, Quintana Roo",Mexico,MX,21.168213,-86.826867,violence,stabbed,"The victim was murdered in a hotel room. Her identity was not known.

> The murder of a trans woman inside a room at the Cedro hotel in downtown Cancun is being investigated under the femicide protocol, while authorities intensify the search for the main suspect, who left the place hours before the discovery.
> 
> The body was found in room seven after employees reported to 911 that the person was unresponsive and the door was locked . Police and firefighters forced entry and found the victim covered with blood- stained sheets .
> 
> According to initial reports, the woman had a deep wound to her neck that caused her almost immediate death. The motive for the crime has not yet been determined.
> 
> Initial investigations indicated that the room was rented by two people. However, the man who was with her left in the morning, stating that she would be resting, thus avoiding raising suspicion among the staff.
> 
> The victim's identity was confirmed through documents found among her belongings, although her body remains in protective custody until her family is notified. The body was transferred to the Forensic Medical Service (Semefo).

https://www.poresto.com/quintana-roo/sucesos/2026/4/3/investigan-con-perspectiva-de-genero-asesinato-de-mujer-trans-en-hotel-del-centro-de-cancun.html

https://www.telediario.mx/nacional/cancun-mujer-trasngenero-es-hallada-muerta-en-hotel-cedro

https://inspectornocturno.com.mx/?p=103891

https://www.milenio.com/estados/investigan-feminicidio-de-mujer-trans-en-hotel-de-cancun

https://diariocambio22.mx/investigaran-como-feminicidio-asesinato-en-hotel-de-cancun/

https://www.facebook.com/share/p/1N4at5DJhX/

https://www.facebook.com/share[[https://www.facebook.com/share/v/1G8U3gHGqX/|/]][[v/1G8U3gHGqX/]]					

https://www.facebook.com/share/p/18SHU6x2zp/

https://www.facebook.com/share/p/18GmxVqc83/

https://x.com/Milenio/status/2040157939151900881","A unidentified #trans woman victim was murdered in a hotel room in Cancún, Quintana Roo (Mexico) on 2 Apr 2026. #SayHerName #TransLivesMatter #TDoR",https://tdor.translivesmatter.info/reports/2026/04/02/name-unknown_cancun-quintana-roo-mexico_0918bcaa,qrcodes/0918bcaa.png
Amelia Caporale,about 20,,,,trans_flag.jpg,4 Apr 2026,,"Milan, Lombardy",Italy,IT,45.46893102,9.18392219,suicide,suicide,"Amelia reportedly died by suicide.

> Amelia Caporale from Milan, Italy died by suicide on 4 April 2026. She was around 20 years old.
> 
> I met Amelia via a friend of mine, who was her cousin. She was struggling to navigate the legal and practical aspects of transitioning in Italy, and so over the next few weeks I helped her as much as I was able to understand what was in front of her, what practical steps to take, etc. I knew from these discussions she was finding the whole process quite difficult.
> 
> Unfortunately some months later I learned she had passed. I reached out to the family for more information, and I also tried to see if I could find some news sources, but no luck (and I don't know her deadname, so googling was not super useful). 
> 
> It seems to me like she didn't have much connection in the community, so I thought I would at least send along what I know. If it's not enough to include her, that's totally fine.

Source: email","Amelia Caporale reportedly died by suicide in Milan, Lombardy (Italy) on 4 Apr 2026. #SayHerName #TransLivesMatter #TDoR",https://tdor.translivesmatter.info/reports/2026/04/04/amelia-caporale_milan-lombardy-italy_7d59bd4d,qrcodes/7d59bd4d.png
Sara,,,photos/2026_04_06_Sara.jpg,https://www.facebook.com/permalink.php?story_fbid=pfbid026bShrTo3CTM8RT7zWWFfoEcyVySCPG689c9RE83PUvmmqHU5RCTWmScy4Xabiau4l&id=100068113328107,thumbnails/2026_04_06_Sara.jpg,5 Apr 2026,,"Peshawar, Khyber Pakhtunkhwa",Pakistan,PK,34.0255987,71.57581571,violence,shot,"Sara died in hospital after being shot by assailants riding a motorcycle.

> A transgender woman, identified as Sara, was shot and killed in Peshawar after refusing to engage in a friendship and allegedly not paying extortion, police officials said on Monday.
> 
> The incident occurred outside a plaza in the Faqirabad area, where motorcycle-riding assailants opened fire, hitting Sara six to seven times. She was rushed to Lady Reading Hospital’s ICU but succumbed to her injuries.
> 
> Sara, an Afghan national, had lived in Khyber-Pakhtunkhwa’s Kohat district for several years before moving to Peshawar around five to six years ago. Due to lack of official documentation, her body could not be sent back to Afghanistan and was buried in Rahman Baba Cemetery under police and transgender community supervision.
> 
> Faqirabad SP Resham Jahangir told Express Tribune that no concrete evidence of extortion or threat letters had been found so far. “Preliminary investigations suggest that Sara was killed over refusing friendship. The accused, Adam, had a prior friendship with her, and the incident occurred because she chose not to maintain friendships with anyone else,” he said.
> 
> A close associate of the suspect has been taken into custody, and police are working to apprehend the main perpetrator. He added that a financial dispute may also have contributed, as the accused allegedly spent a large sum on Sara and a conflict arose when he demanded it back, escalating to gunfire. An FIR has been registered at Faqirabad Police Station.
> 
> Arzu, a transgender rights activist with TransAction Alliance Khyber Pakhtunkhwa, told Express Tribune that Sara could not be kept in the hospital for long due to the severity of her injuries. “She was hit by seven bullets, and her burial had to be conducted promptly,” Arzu said.
> 
> She added that since 2015, a total of 170 transgender individuals have been killed in Khyber Pakhtunkhwa, with over 700 injured in shootings and violent attacks, yet perpetrators are rarely brought to justice.

https://tribune.com.pk/story/2601324/transgender-woman-killed-in-peshawar-over-friendship-dispute

https://www.pakistantoday.com.pk/2026/04/06/transgender-woman-shot-dead-in-peshawar-over-friendship-dispute

https://www.socialnews.xyz/2026/04/07/pakistan-afghan-transgender-woman-killed-in-peshawar-over-friendship-refusal/

https://ianslive.in/pakistan-afghan-transgender-woman-killed-in-peshawar-over-friendship-refusal--20260407150218

https://tnnenglish.com/transgender-sarah-killed-in-peshawar-shooting-extortion-or-financial-feud-suspected

https://www.msn.com/en-ae/news/other/transgender-woman-killed-in-peshawar-over-friendship-dispute/ar-AA20k7LR

https://www.24newshd.tv/06-Apr-2026/transgender-person-fatally-shot-peshawar-refusing-extortion-friendship

https://www.facebook.com/permalink.php?story_fbid=pfbid026bShrTo3CTM8RT7zWWFfoEcyVySCPG689c9RE83PUvmmqHU5RCTWmScy4Xabiau4l&id=100068113328107","Sara died in hospital in Peshawar, Khyber Pakhtunkhwa (Pakistan) on 5 Apr 2026 after being shot by assailants riding a motorcycle. #SayHerName #TransLivesMatter #TDoR",https://tdor.translivesmatter.info/reports/2026/04/05/sara_peshawar-khyber-pakhtunkhwa-pakistan_8d648bdc,qrcodes/8d648bdc.png
Sabrina Loza,40,,photos/2026_04_06_Sabrina-Loza.jpg,email,thumbnails/2026_04_06_Sabrina-Loza.jpg,6 Apr 2026,,"Tlayacapan, Morelos",Mexico,MX,18.9296486,-99.0291309,violence,shot,"Sabrina was killed in a bar. She was a beauty salon owner and was reportedly a quiet person

> The murder of Sabrina , a trans woman, which occurred on the night of Monday, April 6, in a bar in Tlayacapan, shocked the LGBTQ+ community in the state, who condemned the events and demanded justice for this crime.
> 
> Activist Alida Martinez remembered Sabrina as a hard-working woman who owned beauty salons, which provided her with a livelihood to get ahead. ""We mourn the murder of our comrade, our friend, our sister, of many trans comrades; I come to demand justice for the murder of our comrade, that it not go unpunished like so many others that have been forgotten.""
> 
> She expressed confidence that the authorities would clarify the facts , stating that he didn't know what could have happened to cause someone to attack Sabrina in that way. ""We don't know if it was a hate crime, a crime of passion; the authorities will investigate"".
> 
> ""She was a fighter, she was a woman who had her own beauty salons, she wasn't very well known in activism, she was a very quiet woman"" - Alida Martínez, an LGBTQ+ rights activist.
>
> She placed a candle on the altar to victims outside the Government Palace in Cuernavaca, as a sign of mourning for the murder of Sabrina and lamented that the situation of discrimination against members of the LGBTQ+ community is widespread throughout the state of Morelos.
> 
> Sabrina was murdered inside Bar El Jacalito, located on the Yautepec-Tlayacapan highway, near the Las Vivianas neighborhood. The case has been turned over to the State Attorney General's Office (FGE) for investigation.

https://www.imagentv.com/noticias/imagen-noticias-con-nacho-lozano/asesinan-balazos-una-mujer-trans-en-tlayacapan-morelos

https://paginacentral.com.mx/viral/2026/apr/09/estaba-en-puesto-de-micheladas-mujer-trans-es-asesinada-a-balazos-63739.html

https://elmanana.com.mx/nacional/2026/4/8/asesinan-sabrina-mujer-transgenero-en-pueblo-magico-asi-fue-encontrada-en-la-via-publica-173674.html

https://www.infobae.com/mexico/2026/04/08/asesinan-a-mujer-trans-en-pueblo-magico-de-morelos-investigan-posible-crimen-de-odio/

https://www.debate.com.mx/policiacas/asesinan-a-mujer-trans-en-un-bar-de-tlayacapan-morelos-20260409-0105.html

https://quintafuerza.mx/mexico/asesinan-a-mujer-trans-en-un-bar-en-tlayacapan-morelos/

https://www.diariodemorelos.com/noticias/exigen-justicia-por-el-asesinato-de-sabrina-en-tlayacapan-comunidad-trans-denuncia-ola-de-violencia

https://www.noticiasdecuautla.mx/exigen-justicia-por-asesinato-de-mujer-trans-en-tlayacapan/

https://oem.com.mx/elsoldecuautla/local/consterna-transfeminicidio-de-sabrina-a-la-comunidad-lgbtq-exigen-justicia-en-cuernavaca-29376068

https://www.launion.com.mx/morelos/justicia/noticias/291816-asesinan-a-mujer-trans-en-tlayacapan.html

https://www.eluniversal.com.mx/estados/asesinan-a-mujer-trans-en-pueblo-magico-de-morelos-agresores-habrian-escapado-a-bordo-de-una-motocicleta/

https://www.lajornadamorelos.mx/seguridad-y-justicia/comunidad-lgbt-exige-justicia-por-asesinato-de-mujer-trans-en-tlayacapan/

https://www.diariodemorelos.com/noticias/asesinan-mujer-trans-en-bar-en-tlayacapan

https://www.instagram.com/p/DW4fnJzGj1C/

https://www.instagram.com/reels/DW55Nv1jmJZ/

https://www.facebook.com/uniondemorelos/posts/pfbid02dP2g9KMHt4eL2tmUMoQtftW422fLvH95vtsHCAn6q9TnAVomKmEyXAWTaaL61VSel?rdid=Nhdc6BofmRF83ky8

https://www.facebook.com/reel/2879488805727932

https://www.facebook.com/reel/3973205272984004

https://www.facebook.com/reel/1864441397598464

https://x.com/soy24siete/status/2041964584911687928

https://www.youtube.com/watch?v=bT8cgUV9nV8","Sabrina Loza was killed in a bar in Tlayacapan, Morelos (Mexco) on 6 Apr 2026.

She was 40, a beauty salon owner and reportedly had a quiet disposition. #SayHerName #TransLivesMatter #TDoR",https://tdor.translivesmatter.info/reports/2026/04/06/sabrina-loza_tlayacapan-morelos-mexico_6fa30069,qrcodes/6fa30069.png
Suzane Almeida (""Suzy""),,,photos/2026_04_07_Suzane-Almeida.jpg,https://g1.globo.com/to/tocantins/noticia/2026/04/09/mulher-trans-e-encontrada-morta-em-rodovia-no-interior-do-tocantins.ghtml,thumbnails/2026_04_07_Suzane-Almeida.jpg,7 Apr 2026,,"Guaraí, Tocantins",Brazil,BR,-8.84164322,-48.511772,violence,shot,"Suzane's body was found on the BR-153 highway. She had last been seen with a truck driver.

> The Civil Police are investigating the death of a transgender woman identified as ""Suzy"" in Guaraí. The victim's body was found on the afternoon of Tuesday, April 7th, near the former State Revenue office, located on the BR-153 highway, about five kilometers from the city limits.
> 
> According to initial information, the victim had spoken on the phone with a friend, also a transgender person, a few hours before her death. Reports indicate that ""Suzy"" was passing through the city. She was seen in the company of a truck driver, a suspicion that became part of the police investigation.
> 
> There is suspicion that the crime was committed as a homicide by firearm, since the body presented consistent marks. The Civil Police are conducting investigations to try to identify suspects and clarify the circumstances of the crime. To date, there is no official confirmation regarding the perpetrator or motive.
> 
> In Brazil, transgender people remain among the most vulnerable to lethal violence, especially those involved in [sex work]. Data from civil organizations indicate that the country is among those with the highest number of homicides of this group, with many cases underreported and investigations inconclusive.

https://gazetadocerrado.com.br/tocantins/coletivo-solicita-ao-mpe-agravante-de-transfobia-em-caso-de-assassinato-de-mulher-trans-no-to/

https://surgiu.com.br/2026/04/09/mulher-trans-e-encontrada-morta-as-margens-da-br-153-em-guarai-to/

https://g1.globo.com/to/tocantins/noticia/2026/04/09/mulher-trans-e-encontrada-morta-em-rodovia-no-interior-do-tocantins.ghtml

https://guarainoticias.com.br/noticia/policia-investiga-morte-de-travesti-em-guarai-corpo-foi-achado-proximo-ao-antigo-posto-fiscal

https://web.archive.org/web/20260411065646/https://folhadoes.com/mulher-trans-e-encontrada-morta-no-tocantins/","The body of Suzane Almeida was found on the BR-153 highway in Guaraí, Tocantins (Brazil) on 7 Apr 2026. #SayHerName #TransLivesMatter #TDoR",https://tdor.translivesmatter.info/reports/2026/04/07/suzane-almeida-suzy_guarai-tocantins-brazil_facf221f,qrcodes/facf221f.png
Claudia Gabriela Gómez (""Caí""),,,photos/2026_04_08_Claudia-Gabriela-Gomez.jpg,https://www.elterritorio.com.ar/noticias/2026/04/06/878566-una-mujer-trans-pelea-por-su-vida-tras-ser-hallada-con-un-fuerte-golpe-en-la-cabeza,thumbnails/2026_04_08_Claudia-Gabriela-Gomez.jpg,8 Apr 2026,,"Posadas, Misiones",Argentina,AR,-27.30951808,-55.9035976,violence,beaten,"Claudia died in hospital 6 days after being found seriously injured. An autopsy concluded that the cause of her death was severe traumatic brain injury caused by a hard object.

> The investigation into the brutal attack suffered by ""Caí,"" the trans woman found with serious injuries in Puerto Iguazú, took a tragic turn in recent hours. After spending several days hospitalized in critical condition at the SAMIC Hospital, her death was confirmed and the court ordered an autopsy to try to determine precisely how the injury that caused her death occurred.
> 
> The incident came to light on the morning of April 2nd, when police officers were alerted to the presence of an injured person in the eucalyptus grove. Upon arriving at the scene, the officers confirmed that it was “Caí,” who was unconscious on the ground and had a visible injury to her face.
> 
> According to the police report filed at the time, the victim was found in an area where she was allegedly living on the streets. Due to the severity of her condition, she was rushed to the local SAMIC Hospital, where she was admitted in critical condition.

https://www.lavozdemisiones.com/?p=1448717

https://agenciapresentes.org/2026/04/13/justicia-por-cai-una-mujer-trans-de-33-anos-fue-asesinada-a-golpes-en-misiones-y-marcharon-para-pedir-no-quede-impune/

https://lavozdecataratas.com/2026/04/09/cai-murio-por-un-traumatismo-encefalo-craneano-producto-de-un-fuerte-golpe/

https://www.primeraedicion.com.ar/nota/101094909/claudia-gomez-fue-masacrada-a-golpes-en-el-craneo-y-rostro/

https://www.misionesopina.com.ar/autopsia-revelo-que-mujer-trans-sufrio-traumatismo-de-craneo-con-un-elemento-duro/

https://www.elliberal.com.ar/nota/77072/2026/04/detienen-a-tres-jovenes-por-el-asesinato-de-una-mujer-trans-en-misiones-

https://www.infobae.com/sociedad/policiales/2026/04/12/una-mujer-trans-fue-asesinada-a-golpes-en-misiones-y-la-policia-detuvo-a-tres-jovenes/

https://reconquistaradios.com.ar/a-nota/218158/una-mujer-trans-fue-asesinada-a-golpes-en-misiones-y-la-policia-detuvo-a-tres-jovenes

https://www.elterritorio.com.ar/noticias/2026/04/09/878780-autopsia-confirmo-fractura-de-craneo-con-un-elemento-duro-en-el-cuerpo-de-cai-gomez

https://www.primeraedicion.com.ar/nota/101094417/murio-cai-la-mujer-trans-hallada-gravemente-herida-en-iguazu/

https://www.lavozdemisiones.com/?p=1448543

https://www.elterritorio.com.ar/noticias/2026/04/06/878566-una-mujer-trans-pelea-por-su-vida-tras-ser-hallada-con-un-fuerte-golpe-en-la-cabeza

https://eldopolis.com/news/alfoixSVkktnekAeXhNf

https://www.primeraedicion.com.ar/nota/101093937/investigan-la-agresion-a-una-persona-trans-hallada-gravemente-herida-en-iguazu/

https://www.facebook.com/LaVozdeMisiones/posts/la-autopsia-al-cuerpo-de-la-joven-trans-claudia-gabriela-g%C3%B3mez-34-m%C3%A1s-conocida-c/1409743167855647/

https://x.com/lavozdmisiones/status/2042717316144648648","Claudia Gabriela Gómez died in hospital Posadas, Misiones (Argentina) on 8 Apr 2026, 6 days after being found seriously injured and unconscious. #SayHerName #TransLivesMatter #TDoR",https://tdor.translivesmatter.info/reports/2026/04/08/claudia-gabriela-gomez-cai_posadas-misiones-argentina_841886a4,qrcodes/841886a4.png
Davonta Curtis,31,,photos/2026_04_09_Davonta-Curtis.jpg,https://www.instagram.com/p/DXDa_U7jPV1/,thumbnails/2026_04_09_Davonta-Curtis.jpg,9 Apr 2026,,"Chicago, Illinois",USA,US,41.88143383,-87.70408864,violence,beaten,"Davonta's body was found in her apartment with injuries were so severe that police initially thought she’d been shot.

Her boyfriend was charged with first degree murder.

> Davonta Curtis, a Black transgender woman from Chicago, was beaten to death in her apartment on the night of April 5. She was 31 years old.
> 
> Police have arrested Curtis’ alleged killer Deandre Bell, 24, and charged him this week with first-degree murder and possession of a stolen vehicle, according to CW news affiliate WGN. Initial media reports of Curtis’ death last week misgendered her as a man.
> 
> Bell, who according to court documents was Curtis’ on-again, off-again boyfriend, allegedly Googled “how to kill someone with a hammer” and “if a person gets hit in the head with a hammer while sleeping what happens” before murdering Curtis, the Chicago Sun-Times reported on Tuesday. Bell and Curtis were seen on video together earlier in the day on April 5, when the two visited Curtis’ sister’s home to drop off Easter supplies, per WGN. They later returned to Curtis’ apartment, with Bell seen on surveillance footage leaving the building alone around 1 a.m.
> 
> Curtis’ sister found her body on April 8 and notified police, who say they found Bell in possession of Curtis’ car and keys, as well as a bloody hammer. Bell allegedly confessed to killing Curtis and taking her money, phone, and car, per the Sun-Times. An examination by the Cook County Medical Examiner’s office found that Curtis died due to multiple blunt force injuries.
> 
> Bell was ordered held in jail pending trial this week. A first-degree murder charge in Illinois carries a possible sentence between 20 and 60 years in prison.
> 
> Curtis’ murder is at least the second violent killing of a Black trans or gender-nonconforming person this year. In March, activist and drag performer Shyyell Diamond Sanchez-McCray was shot and killed in Virginia, but no arrests have been announced since.

<blockquote class=""instagram-media"" data-instgrm-captioned data-instgrm-permalink=""https://www.instagram.com/p/DXEiXd5AITn/?utm_source=ig_embed&amp;utm_campaign=loading"" data-instgrm-version=""14"" style="" background:#FFF; border:0; border-radius:3px; box-shadow:0 0 1px 0 rgba(0,0,0,0.5),0 1px 10px 0 rgba(0,0,0,0.15); margin: 1px; max-width:540px; min-width:326px; padding:0; width:99.375%; width:-webkit-calc(100% - 2px); width:calc(100% - 2px);""><div style=""padding:16px;""> <a href=""https://www.instagram.com/p/DXEiXd5AITn/?utm_source=ig_embed&amp;utm_campaign=loading"" style="" background:#FFFFFF; line-height:0; padding:0 0; text-align:center; text-decoration:none; width:100%;"" target=""_blank""> <div style="" display: flex; flex-direction: row; align-items: center;""> <div style=""background-color: #F4F4F4; border-radius: 50%; flex-grow: 0; height: 40px; margin-right: 14px; width: 40px;""></div> <div style=""display: flex; flex-direction: column; flex-grow: 1; justify-content: center;""> <div style="" background-color: #F4F4F4; border-radius: 4px; flex-grow: 0; height: 14px; margin-bottom: 6px; width: 100px;""></div> <div style="" background-color: #F4F4F4; border-radius: 4px; flex-grow: 0; height: 14px; width: 60px;""></div></div></div><div style=""padding: 19% 0;""></div> <div style=""display:block; height:50px; margin:0 auto 12px; width:50px;""><svg width=""50px"" height=""50px"" viewBox=""0 0 60 60"" version=""1.1"" xmlns=""https://www.w3.org/2000/svg"" xmlns:xlink=""https://www.w3.org/1999/xlink""><g stroke=""none"" stroke-width=""1"" fill=""none"" fill-rule=""evenodd""><g transform=""translate(-511.000000, -20.000000)"" fill=""#000000""><g><path d=""M556.869,30.41 C554.814,30.41 553.148,32.076 553.148,34.131 C553.148,36.186 554.814,37.852 556.869,37.852 C558.924,37.852 560.59,36.186 560.59,34.131 C560.59,32.076 558.924,30.41 556.869,30.41 M541,60.657 C535.114,60.657 530.342,55.887 530.342,50 C530.342,44.114 535.114,39.342 541,39.342 C546.887,39.342 551.658,44.114 551.658,50 C551.658,55.887 546.887,60.657 541,60.657 M541,33.886 C532.1,33.886 524.886,41.1 524.886,50 C524.886,58.899 532.1,66.113 541,66.113 C549.9,66.113 557.115,58.899 557.115,50 C557.115,41.1 549.9,33.886 541,33.886 M565.378,62.101 C565.244,65.022 564.756,66.606 564.346,67.663 C563.803,69.06 563.154,70.057 562.106,71.106 C561.058,72.155 560.06,72.803 558.662,73.347 C557.607,73.757 556.021,74.244 553.102,74.378 C549.944,74.521 548.997,74.552 541,74.552 C533.003,74.552 532.056,74.521 528.898,74.378 C525.979,74.244 524.393,73.757 523.338,73.347 C521.94,72.803 520.942,72.155 519.894,71.106 C518.846,70.057 518.197,69.06 517.654,67.663 C517.244,66.606 516.755,65.022 516.623,62.101 C516.479,58.943 516.448,57.996 516.448,50 C516.448,42.003 516.479,41.056 516.623,37.899 C516.755,34.978 517.244,33.391 517.654,32.338 C518.197,30.938 518.846,29.942 519.894,28.894 C520.942,27.846 521.94,27.196 523.338,26.654 C524.393,26.244 525.979,25.756 528.898,25.623 C532.057,25.479 533.004,25.448 541,25.448 C548.997,25.448 549.943,25.479 553.102,25.623 C556.021,25.756 557.607,26.244 558.662,26.654 C560.06,27.196 561.058,27.846 562.106,28.894 C563.154,29.942 563.803,30.938 564.346,32.338 C564.756,33.391 565.244,34.978 565.378,37.899 C565.522,41.056 565.552,42.003 565.552,50 C565.552,57.996 565.522,58.943 565.378,62.101 M570.82,37.631 C570.674,34.438 570.167,32.258 569.425,30.349 C568.659,28.377 567.633,26.702 565.965,25.035 C564.297,23.368 562.623,22.342 560.652,21.575 C558.743,20.834 556.562,20.326 553.369,20.18 C550.169,20.033 549.148,20 541,20 C532.853,20 531.831,20.033 528.631,20.18 C525.438,20.326 523.257,20.834 521.349,21.575 C519.376,22.342 517.703,23.368 516.035,25.035 C514.368,26.702 513.342,28.377 512.574,30.349 C511.834,32.258 511.326,34.438 511.181,37.631 C511.035,40.831 511,41.851 511,50 C511,58.147 511.035,59.17 511.181,62.369 C511.326,65.562 511.834,67.743 512.574,69.651 C513.342,71.625 514.368,73.296 516.035,74.965 C517.703,76.634 519.376,77.658 521.349,78.425 C523.257,79.167 525.438,79.673 528.631,79.82 C531.831,79.965 532.853,80.001 541,80.001 C549.148,80.001 550.169,79.965 553.369,79.82 C556.562,79.673 558.743,79.167 560.652,78.425 C562.623,77.658 564.297,76.634 565.965,74.965 C567.633,73.296 568.659,71.625 569.425,69.651 C570.167,67.743 570.674,65.562 570.82,62.369 C570.966,59.17 571,58.147 571,50 C571,41.851 570.966,40.831 570.82,37.631""></path></g></g></g></svg></div><div style=""padding-top: 8px;""> <div style="" color:#3897f0; font-family:Arial,sans-serif; font-size:14px; font-style:normal; font-weight:550; line-height:18px;"">View this post on Instagram</div></div><div style=""padding: 12.5% 0;""></div> <div style=""display: flex; flex-direction: row; margin-bottom: 14px; align-items: center;""><div> <div style=""background-color: #F4F4F4; border-radius: 50%; height: 12.5px; width: 12.5px; transform: translateX(0px) translateY(7px);""></div> <div style=""background-color: #F4F4F4; height: 12.5px; transform: rotate(-45deg) translateX(3px) translateY(1px); width: 12.5px; flex-grow: 0; margin-right: 14px; margin-left: 2px;""></div> <div style=""background-color: #F4F4F4; border-radius: 50%; height: 12.5px; width: 12.5px; transform: translateX(9px) translateY(-18px);""></div></div><div style=""margin-left: 8px;""> <div style="" background-color: #F4F4F4; border-radius: 50%; flex-grow: 0; height: 20px; width: 20px;""></div> <div style="" width: 0; height: 0; border-top: 2px solid transparent; border-left: 6px solid #f4f4f4; border-bottom: 2px solid transparent; transform: translateX(16px) translateY(-4px) rotate(30deg)""></div></div><div style=""margin-left: auto;""> <div style="" width: 0px; border-top: 8px solid #F4F4F4; border-right: 8px solid transparent; transform: translateY(16px);""></div> <div style="" background-color: #F4F4F4; flex-grow: 0; height: 12px; width: 16px; transform: translateY(-4px);""></div> <div style="" width: 0; height: 0; border-top: 8px solid #F4F4F4; border-left: 8px solid transparent; transform: translateY(-4px) translateX(8px);""></div></div></div> <div style=""display: flex; flex-direction: column; flex-grow: 1; justify-content: center; margin-bottom: 24px;""> <div style="" background-color: #F4F4F4; border-radius: 4px; flex-grow: 0; height: 14px; margin-bottom: 6px; width: 224px;""></div> <div style="" background-color: #F4F4F4; border-radius: 4px; flex-grow: 0; height: 14px; width: 144px;""></div></div></a><p style="" color:#c9c8cd; font-family:Arial,sans-serif; font-size:14px; line-height:17px; margin-bottom:0; margin-top:8px; overflow:hidden; padding:8px 0 7px; text-align:center; text-overflow:ellipsis; white-space:nowrap;""><a href=""https://www.instagram.com/p/DXEiXd5AITn/?utm_source=ig_embed&amp;utm_campaign=loading"" style="" color:#c9c8cd; font-family:Arial,sans-serif; font-size:14px; font-style:normal; font-weight:normal; line-height:17px; text-decoration:none;"" target=""_blank"">A post shared by JusticeForPride (@justice4pride)</a></p></div></blockquote>
<script async src=""//www.instagram.com/embed.js""></script>

https://www.pghlesbian.com/2026/04/davonta-curtis-was-a-black-trans-woman-killed-in-chicago/

https://www.them.us/story/black-trans-woman-davonta-curtis-killed-in-her-chicago-apartment

https://www.lgbtqnation.com/2026/04/he-brutally-his-trans-girlfriend-while-she-slept-now-hes-facing-the-consequences/

https://web.archive.org/web/20260417081957/https://www.thepinknews.com/2026/04/16/chicago-black-trans-woman-murdered-davonta-curtis/

https://www.dailykos.com/stories/2026/4/19/800023287/community/trans-woman-davonta-curtis-murdered-in-chicago/

https://windycitytimes.com/2026/04/17/trans-woman-found-beaten-to-death-in-east-garfield-park/

https://www.thepinknews.com/2026/04/16/chicago-black-trans-woman-murdered-davonta-curtis/

https://nationaltoday.com/us/il/chicago/news/2026/04/14/chicago-man-charged-with-killing-transgender-girlfriend-with-hammer/

https://wgntv.com/news/chicagocrime/chicago-man-charged-in-west-side-murder/

https://www.msn.com/en-us/news/crime/black-trans-woman-davonta-curtis-killed-in-her-chicago-apartment/ar-AA20XZuK

https://cwbchicago.com/2026/04/man-googled-how-to-kill-someone-with-a-hammer-before-killing-trans-girlfriend-with-a-hammer-prosecutors.html

https://nbjc.org/nbjc-mourns-the-stolen-life-of-davonta-curtis/

https://www.newsbreak.com/news/4593520899538-black-trans-woman-davonta-curtis-killed-in-her-chicago-apartment

https://aintstraight.com/2026/04/15/chicago-man-accused-of-killing-his-trans-woman-girlfriend-davonta-curtis-after-chilling-hammer-search-prosecutors-say/

https://www.chicagotribune.com/2026/04/14/woman-killed-hammer-charges/

https://chicago.suntimes.com/crime/2026/04/09/man-slain-in-garfield-park-neighborhood-apartment

https://www.facebook.com/WGNMorningNews/posts/deandre-bell-24-has-been-charged-with-first-degree-murder-and-possession-of-a-st/1510210170689294/

https://www.facebook.com/toya.badd.37/posts/this-is-heartbreaking-men-just-live-in-your-truth-taking-her-life-wasnt-worth-fa/2041730006725374/

https://www.instagram.com/p/DXEiXd5AITn/

https://www.instagram.com/p/DXDa_U7jPV1/

https://x.com/Chicago_Goofies/status/2043683109887934795","The body of Davonta Curtis was found in her apartment in Chicago, Illinois (USA) on 9 Apr 2026. Her boyfriend was charged with first degree murder.

She was 31. #SayHerName #TransLivesMatter #TDoR",https://tdor.translivesmatter.info/reports/2026/04/09/davonta-curtis_chicago-illinois-usa_efa059d4,qrcodes/efa059d4.png
Daniela Martínez Silva,,,photos/2026_04_11_Daniela-Martinez-Silva.jpg,https://www.facebook.com/photo.php?fbid=1390215186465314&set=a.623155423171298&type=3,thumbnails/2026_04_11_Daniela-Martinez-Silva.jpg,11 Apr 2026,,"Morelia, Michoacán",Mexico,MX,19.725789,-101.206344,violence,murdered,"Daniela's body was found with signs of violence in a drainage ditch.

> Morelia, Michoacán (MiMorelia.com) - The discovery of the lifeless body of a trans woman on the Libramiento Norte in Morelia has generated a public demand for justice from social groups.
> 
> According to initial reports, the victim was found Saturday morning in a drainage ditch located on the median, near calle Huaniqueo in the Solidaridad neighborhood, and showed signs of violence.
> 
> Unofficially, it was reported that the woman was part of the LGBT community, which prompted a statement from the Pride Michoacán collective, which requested that the case be investigated with a gender, diversity and human rights perspective.
> 
> The organization expressed its position on the matter through social media:
> 
> “Hate crimes must stop!
>
> @fgemichoacan we demand an investigation with a gender and diversity perspective.
>
> Her death must not go unpunished and those responsible must be held accountable.
>
> Rest in peace, Daniela, cross the rainbow bridge”
> 
> The group asked the authorities to ensure that the case does not go unpunished and that justice is guaranteed for the victim.

> Today Michoacán mourns the loss caused by the hatred of a heartless animal, by cowardice, by the hatred felt at seeing a person happy. Today the trans community of Morelia, Michoacán, Mexico mourns because she was taken from us in the most vile and cowardly way.
>
> -- Nicole Navarrete Contreras, LGBTIQ+ activist

Daniele's Facebook and Instagram profiles are https://www.facebook.com/daniela.martinez.silva.2025 and https://www.instagram.com/silva_danielamartinez/.

https://www.meganoticias.mx/TEPIC/noticia/localizan-cuerpo-de-mujer-trans-en-libramiento-de-morelia/725785

https://www.lavozdemichoacan.com.mx/michoacan/morelia/cedh-condena-asesinato-de-mujer-trans-en-morelia-y-exige-investigacion-con-perspectiva-de-genero/

https://grupomarmor.com.mx/2026/04/12/indignacion-en-morelia-convocan-a-marcha-por-daniela-mujer-trans-asesinada-y-abandonada-en-una-canaleta/

https://www.monitorexpresso.com/convocan-a-marcha-pacifica-en-morelia-para-exigir-justicia-por-el-asesinato-de-daniela/

https://oem.com.mx/elsoldemorelia/local/colectivo-lgbt-convoca-a-marchar-para-exigir-justicia-por-el-asesinato-de-daniela-29458667

https://changoonga.com/2026/04/12/convocan-a-marcha-para-exigir-justicia-por-el-asesinato-de-daniela-mujer-trans-asesinada-en-morelia/

https://grupomarmor.com.mx/2026/04/12/identifican-a-mujer-trans-asesinada-en-morelia-colectivos-exigen-justicia-y-que-el-caso-no-quede-impune/

https://mimorelia.com/noticias/morelia/alistan-marcha-por-daniela-mujer-trans-asesinada-en-morelia

https://nanchemichoacan.com.mx/noticia/convocan-a-la-comunidad-lgbtttiq-a-marchar-por-daniela-mujer-trans-asesinada-en-morelia

https://www.lavozdemichoacan.com.mx/seguridad/justicia-seguridad/convocan-a-la-comunidad-lgbtttiq-a-marchar-por-daniela-mujer-trans-asesinada-en-morelia/

https://mimorelia.com/noticias/morelia/polic%C3%ADa-morelia-colabora-en-investigaci%C3%B3n-sobre-el-caso-de-daniela-mujer-trans-asesinada-el-fin-de-semana

https://www.clarin.com/policiales/crimen-conmueve-provincias-hallaron-muerta-arquitecta-trans-tucumana-casa-cordoba-multiples-punaladas_0_CFX1gV9vXr.html

https://fm105.com.mx/detienen-en-michoacan-a-presunto-asesino-de-mujer-trans-suman-6-homicidios-lgbt-en-2026/

https://www.jornada.com.mx/noticia/2026/04/15/estados/detienen-en-michoacan-a-presunto-asesino-de-mujer-trans-suman-6-homicidios-lgbt-en-2026

https://www.meganoticias.mx/cdmx/noticia/identifican-y-detienen-a-presunto-responsable-del-homicidio-de-daniela/726509

https://ultranoticias.com.mx/detienen-a-presunto-responsable-de-privar-de-la-vida-a-mujer-trans-de-morelia-fiscalia-descarta-por-ahora-crimen-de-odio/

https://grupomarmor.com.mx/2026/04/14/detiene-fge-a-una-persona-por-el-asesinato-de-daniela/

https://www.contramuro.com/fge-michoacan-revela-detencion-por-asesinato-de-daniela-mujer-transgenero-en-morelia/

https://www.milenio.com/policia/cae-presunto-homicida-de-daniela-martinez-mujer-trans-de-morelia

https://www.meganoticias.mx/morelia/noticia/identifican-y-detienen-a-presunto-responsable-del-homicidio-de-daniela/726509

https://changoonga.com/2026/04/14/confirma-fge-un-detenido-por-transfeminicidio-de-daniela-en-morelia/

https://www.informaoriente.com.mx/seguridad/confirma-la-fge-detencion-de-presunto-autor-material-de-la-muerte-de-mujer-transgenero-en-morelia-michoacan.htm

https://mimorelia.com/noticias/morelia/confirma-fge-detenido-por-caso-de-daniela

https://www.lavozdemichoacan.com.mx/seguridad/fge-detiene-a-uno-por-caso-de-daniela-mujer-trans-asesinada-en-morelia-analizan-videos/

https://www.ambito.com/mexico/informacion-general/quien-era-daniela-martinez-silva-la-mujer-trans-24-anos-que-fue-hallada-muerta-canal-pluvial-michoacan-n6266407

https://guerrero.quadratin.com.mx/marchan-en-morelia-por-daniela-mujer-trans-asesinada/

https://www.milenio.com/videos/policia/colectivos-lgbtq-exigen-justicia-homicidio-daniela-michoacan

https://www.infobae.com/mexico/2026/04/14/colectivos-lgbt-exigen-justicia-por-transfeminicidio-de-daniela-martinez-en-morelia/

https://www.cronica.com.mx/nacional/2026/04/13/hallan-cuerpo-de-daniela-martinez-que-se-sabe-del-transfeminicidio/

https://grupomarmor.com.mx/2026/04/13/integrantes-de-la-comunidad-lgbtttiq-realizan-marcha-para-exigir-justicia-en-favor-de-daniela-chica-trans-asesinada-en-morelia/

https://changoonga.com/2026/04/13/morelia-marcharon-en-memoria-de-daniela-para-exigir-justicia-por-su-transfeminicidio/

https://oem.com.mx/elsoldemorelia/local/policia-morelia-apoya-investigacion-de-transfeminicidio-de-daniela-29479907

https://heraldodemexico.com.mx/nacional/2026/4/13/quien-es-daniela-martinez-silva-la-mujer-trans-encontrada-sin-vida-en-canales-de-michoacan-795495.html

https://www.lavozdemichoacan.com.mx/michoacan/morelia-appmobil/marchan-en-morelia-para-exigir-justicia-por-el-asesinato-de-daniela-mujer-trans/

https://www.quadratin.com.mx/justicia/marchan-en-morelia-por-asesinato-de-mujer-trans/

https://www.milenio.com/policia/quien-era-daniela-martinez-silva-mujer-trans-asesinada-michoacan

https://www.milenio.com/policia/transfeminicidio-en-michoacan-hallan-cuerpo-de-daniela-martinez

https://mimorelia.com/amp/story/noticias/michoacan/en-m%C3%A9xico-s%C3%B3lo-6-estados-est%C3%A1-tipificado-el-feminicidio-michoac%C3%A1n-no-es-parte-de-la-lista

https://grupomarmor.com.mx/2026/04/13/transfeminicidio-en-michoacan-que-es-y-por-que-el-caso-de-daniela-exige-justicia/

https://oem.com.mx/elsoldemorelia/local/michoacan-analiza-tipificar-el-transfeminicidio-tras-asesinato-de-daniela-29471992

https://www.informaoriente.com.mx/politica/congreso-de-michoacan-por-legislar-transfeminicidio-afirma-gobernador.htm

https://www.lavozdemichoacan.com.mx/seguridad/congreso-analiza-tipificar-el-delito-de-transfeminicidio-tras-caso-de-daniela-bedolla/

https://esferanoticias.mx/2026/04/13/comunidad-lgbtttiq-marchara-este-lunes-por-el-homicidio-de-daniela/

https://mimorelia.com/noticias/morelia/exigen-justicia-por-muerte-de-mujer-trans-en-morelia

https://www.meganoticias.mx/cdmx/noticia/localizan-cuerpo-de-mujer-trans-en-libramiento-de-morelia/725777

https://mimorelia.com/noticias/nota-roja/localizan-cad%C3%A1ver-con-huellas-de-violencia-en-zona-norte-de-morelia

https://heraldodemexico.com.mx/nacional/2026/4/11/exigen-justicia-para-daniela-mujer-trans-asesinada-en-morelia-794634.html

https://changoonga.com/2026/04/11/morelia-hallan-cuerpo-con-signos-de-violencia-en-caneleta-del-libramiento/

https://www.quadratin.com.mx/justicia/colectivos-identifican-a-victima-trans-en-morelia-piden-no-quede-impune/

https://changoonga.com/2026/04/11/exigen-justicia-para-daniela-mujer-trans-asesinada-en-morelia/

https://oem.com.mx/elsoldemorelia/local/colectivos-lgbt-exigen-justicia-para-daniela-mujer-trans-hallada-sin-vida-en-morelia-29447945

https://www.quadratin.com.mx/justicia/hallan-cuerpo-de-hombre-en-la-solidaridad-morelia-vestia-ropa-de-mujer/

https://www.facebook.com/RevolucionNoticias/posts/%EF%B8%8Fexigen-justicia-para-daniela-mujer-trans-asesinada-en-morelia-la-asociaci%C3%B3n-def/998461209181891/

https://www.facebook.com/MilenioDiario/posts/fiscal%C3%ADa-de-michoac%C3%A1n-confirma-la-detenci%C3%B3n-del-presunto-homicida-de-daniela-mar/1441380191352781/

https://www.facebook.com/LaVozdeMichoacan/posts/urgente-detienen-a-uno-por-caso-de-daniela-mujer-trans-as3sinada-en-morelia/1409998117824146/

https://www.facebook.com/MilenioDiario/posts/-qui%C3%A9n-era-daniela-mart%C3%ADnez-silva-mujer-trans-asesinada-en-michoac%C3%A1n-esto-sabemo/1440496508107816/

https://www.facebook.com/mileniotelevision/posts/-qui%C3%A9n-era-daniela-mart%C3%ADnez-silva-mujer-trans-asesinada-en-michoac%C3%A1n-esto-sabemo/1398678932288481/

https://www.facebook.com/MilenioDiario/posts/-qui%C3%A9n-era-daniela-mart%C3%ADnez-silva-mujer-trans-asesinada-en-michoac%C3%A1n-esto-sabemo/1440496508107816/

https://www.facebook.com/MilenioDiario/posts/-el-cuerpo-de-daniela-mart%C3%ADnez-silva-mujer-trans-de-24-a%C3%B1os-fue-hallado-con-sign/1440503108107156/

https://www.facebook.com/MilenioDiario/posts/-el-cuerpo-de-daniela-mart%C3%ADnez-silva-mujer-trans-de-24-a%C3%B1os-fue-hallado-con-sign/1440443591446441/

https://www.facebook.com/photo.php?fbid=1005992358757897&set=a.166615112695630&type=3

https://www.facebook.com/photo.php?fbid=1390215186465314&set=a.623155423171298&type=3

https://www.facebook.com/MilenioDiario/posts/hallan-sin-vida-a-daniela-mart%C3%ADnez-mujer-trans-en-michoac%C3%A1n-esto-se-sabe-del-tra/1440439774780156/

https://www.facebook.com/MilenioDiario/photos/-el-cuerpo-de-daniela-mart%C3%ADnez-silva-mujer-trans-de-24-a%C3%B1os-fue-hallado-con-sign/1440472108110256/

https://www.facebook.com/watch/?v=1296555452576006

https://www.instagram.com/p/DXGOiVrgtkI/

https://x.com/vozmichoacan/status/2044241912215789592

https://x.com/michangoonga/status/2043156362356502812

https://www.dailymotion.com/video/xa5geka

https://www.youtube.com/watch?v=OLV88pP6G40","The body of Daniela Martínez Silva was found with signs of violence in a drainage ditch in Morelia, Michoacán (Mexico) on 11 Apr 2026. #SayHerName #TransLivesMatter #TDoR",https://tdor.translivesmatter.info/reports/2026/04/11/daniela-martinez-silva_morelia-michoacan-mexico_82262d17,qrcodes/82262d17.png
Daniella Analee Escobedo,34,,photos/2026_04_12_Daniella-Analee-Escobedo.jpg,https://www.pghlesbian.com/2026/05/help-us-find-out-what-happened-to-a-latina-trans-woman-reportedly-killed-in-las-vegas/,thumbnails/2026_04_12_Daniella-Analee-Escobedo.jpg,12 Apr 2026,,"Las Vegas, Nevada",USA,US,36.16621862,-115.1610814,uncategorised,not reported,"Daniela was reportedly murdered. No mainstream news outlets have covered her story and information is scarce.

> The femicide of Daniela is particularly insidious. She was a s*x worker. Absolutely nothing about it has been made public. I wonder how many murders of trans people go unreported, so that we don't even know the names of our murdered brothers and sisters.

> Her name was Daniella Analee Escobedo. She was a 34 year old Latina trans woman, living in Las Vegas. To clarify, I have seen her name spelled Daniela and Daniella. I’m going to use Daniella because that is a name I’ve confirmed is attached to a social media account she controlled. I realize that may not be correct and will update if needed.
> 
> Reports of her death circulated on TikTok, but there’s not very many details. We can’t find reports of incidents that might have been her. Then another researcher found an obituary. Again, details are sparse. But the tribute video is beautiful. Someone clearly loved Daniella very much. The wake will be held at Rose Hills Memorial Park in Whittier, California on May 11, 2026, from 5:00 pm to 9:00 pm.
> 
> In previous posts, I’ve shared my concerns about the changing nature of media coverage of these acts of violence targeting trans folx. I’ve reached out to multiple sources and hope to learn more about Daniella’s life and the details of her death.
> 
> I’m sharing this in hopes of connecting with someone who knew Daniella or has more information about her death. She deserves to have her life honored so confirming the social media accounts and the details about her life are important. Of course, understanding the circumstances of her death is vitally important.
> 
> Coming on the heels of the atypical reporting in the shooting death of [Lucas Redbeard Knapp](https://tdor.translivesmatter.info/reports/2026/04/18/lucas-redbeard-knapp-luca_cibola-county-new-mexico-usa_e463bec6), I’m uneasy about the lack of reporting about Daniella. Reports are that Daniella may have been a sex worker, a detail that might explain some of the lack of reporting. The media has a well-established bias against sex workers.
> 
> I’m concerned the media are eliminating trans people from even their own violent deaths. That’s troubling.
> 
> So we turn to the community for help. We know Daniella was 34 and most recently living in Las Vegas. She may have been born somewhere in the Greater Los Angeles area. Her date of death is listed as April 12, 2026. All reports of homicides or suspicious deaths in Las Vegas have been tied to other victims. Searching for that information in Los Angeles is very difficult.

https://www.pghlesbian.com/2026/05/help-us-find-out-what-happened-to-a-latina-trans-woman-reportedly-killed-in-las-vegas/

https://www.facebook.com/permalink.php?story_fbid=pfbid02NBqHkNKKXUqduKjtycHnq33c3yk6FqprDT6CD6SEZy9pLZQrwy9G6W7SKafYYP6pl&id=100006156288039

https://www.facebook.com/adryanna.zamudio/posts/pfbid02i83J4n4CLRGELs6UttcrdosmfmyvZXMvi7pN8iVuv7MC5LBvSMQR9wPXmhsiC22ml

https://www.facebook.com/PghLesbian/posts/help-us-find-out-what-happened-to-a-latina-trans-woman-reportedly-killed-in-las-/1633064528820036/

https://www.rosehills.com/obituaries/whittier-ca/daniela-escobedo-12837346/memory?id=1-51316-gHN68iOYOtnQuJdSUWxVQxzn-IP-1Q_aem_QLPq2syyK8emg7XZsZFU1g","Daniella Analee Escobedo was reportedly murdered in Ls Vegas, Nevada (USA) on 12 Apr 2026.

She was 34. No mainstream news outlets have covered her story and information is scarce. #SayHerName #TransLivesMatter #TDoR",https://tdor.translivesmatter.info/reports/2026/04/12/daniella-analee-escobedo_las-vegas-nevada-usa_04776352,qrcodes/04776352.png
Danielle Spillman,74,,photos/2026_04_13_Danielle-Spillman.jpg,https://sfstandard.com/2026/04/17/dannielle-spillman-hit-and-run-sf/,thumbnails/2026_04_13_Danielle-Spillman.jpg,13 Apr 2026,,"San Francisco, California",USA,US,37.77336361,-122.4186094,violence,run over,"Danielle was a guitarist known for her big heart and community spirit. She died after being deliberately run over.

Valentino Cash Amil, 30, was arrested.

> Those who knew her say Dannielle Spillman had a generous spirit and a gentle soul, with a musical talent that shone brightest when she had a guitar in her hands.
> 
> Spillman, 74, died Monday after she was struck by a black Mercedes outside the Tower Car Wash in SoMa, in an incident caught on grisly surveillance footage. Valentino Cash Amil, 30, has been charged with murder and is in custody after a judge denied his request for bail.
> 
> “She had one of the biggest, most compassionate hearts I’ve ever encountered,” said Derrick Guerra, a caregiver for the Shanti Project, an LGBTQ+ support organization. Guerra met weekly with Spillman — who was trans — in her 15th Street studio apartment. She’d often have a pot of mint tea ready when he arrived.
> 
> Guerra said her compassion was reflected in the water bottles she carried to give to homeless people, or the time a pigeon flew into her apartment and she nursed it back to health. A few days before her death, Spillman gave him a CD of a 1973 live Grateful Dead concert.
> 
> Music was her great passion, friends said. Her apartment was filled with guitars, a banjo, and a ukulele. She was a fixture at the Real Guitars shop, a block from the site of the crash, where she would play guitars and talk music history with the staff and customers several days a week. She wasn’t an employee but organized a holiday party for the staff, complete with pizza.
> 
> Ben Levin, who has owned Real Guitars for nearly 30 years, knew Spillman for about half that time. “She’d end up at our store late in the afternoon, maybe three or four times a week, and she’d always hang,” he said. “She would talk to the customers who’d come in. She loved guitar. She loved music. She was just a great person to have around.”
> 
> A right-handed guitarist who played in an open tuning she invented herself, Spillman had roots in the late 1960s California commune scene. She told Levin she came of age musically as a teenager living in Norway, where her father was stationed in the Air Force, and was handed a copy of Country Joe & the Fish’s debut album by a serviceman. “It blew her mind,” Levin said. “She had no idea this whole idea was out there — that you could be that person, that you could say these things, think these thoughts. It was 1967.”

https://www.advocate.com/news/crime/dannielle-spillman-killed-san-francisco

https://www.pghlesbian.com/2026/04/trans-woman-dannielle-spillman-74-was-a-beloved-fixture-in-her-san-francisco-neighborhood-then-a-violent-driver-took-her-life/

https://www.them.us/story/dannielle-spillman-san-francisco-trans-woman-run-over-killed

https://sfist.com/2026/04/20/vigil-to-be-held-monday-for-pedestrian-killed-in-soma-hit-and-run/

https://sfstandard.com/2026/04/17/dannielle-spillman-hit-and-run-sf/

https://www.ktvu.com/news/soma-fatal-hit-run-valentino-amil-charged

https://www.ktvu.com/news/arrest-made-fatal-san-francisco-soma-hit-and-run-crash-involving-pedestrian

https://sfstandard.com/2026/04/14/san-francisco-fatal-hit-and-run-soma/

https://www.ktvu.com/news/pedestrian-killed-san-francisco-hit-and-run-collision","Danielle Spillman died after being deliberately run over in San Francisco, California (USA) on 13 Apr 2026.

She was 74, and a guitarist known for her big heart and community spirit. #SayHerName #TransLivesMatter #TDoR",https://tdor.translivesmatter.info/reports/2026/04/13/danielle-spillman_san-francisco-california-usa_b38f3373,qrcodes/b38f3373.png
Arya,,,photos/2026_04_13_Arya.jpg,"https://t24.com.tr/gundem/ozgul-saki-trans-kadin-ogrenci-aryanin-olumune-iliskin-iddialari-meclis-gundemine-tasidi-akp-iktidarinin-lgbti-karsiti-duzenlemelerinin-sonucu,1315038",thumbnails/2026_04_13_Arya.jpg,13 Apr 2026,,Ankara,Turkey,TR,39.92123121,32.79827861,suicide,suicide,"Arya died by suicide in her dormitory at TOBB University of Economics and Technology.

There are allegations that prior to her suicide she had been the victim of verbal and physical violence.

> Following the suicide of Arya, a trans woman and student at TOBB University of Economics and Technology, in her dormitory, the ""What Happened to Arya Initiative,"" established by LGBTQ+ student communities at the university, described the events following her suicide on Arya's birthday with the words, "" We know that Arya's suicide was a result of transphobic policies. Therefore, we demand that an effective investigation be conducted and that it not be forgotten.""
> 
> Arya, a transgender woman and student in the English Language and Literature Department at TOBB Economics and Technology University (TOBB ETÜ), died on April 13, 2026, in the TOBB ETÜ dormitories in Ankara. Following allegations that Arya was driven to suicide by verbal and physical violence, DEM Party Istanbul Member of Parliament Özgül Saki brought the matter to the attention of the Parliament.

https://kaosgl1.org/haber/hacettepe-universitesi-nde-arya-icin-eylem-guvenle-yasayabildigimiz-gunleri-tirnaklarimizla-kaziyarak-alacagiz

https://t24.com.tr/gundem/yasasaydi-bugun-20-yasina-girecekti-aryaya-ne-oldu-inisiyatifi-etkin-sorusturma-talep-ediyor,1323817?_t=1779698540900

https://t24.com.tr/gundem/ozgul-saki-trans-kadin-ogrenci-aryanin-olumune-iliskin-iddialari-meclis-gundemine-tasidi-akp-iktidarinin-lgbti-karsiti-duzenlemelerinin-sonucu,1315038

https://www.facebook.com/groups/1570448163283501/?multi_permalinks=4402685476726408&hoisted_section_header_type=recently_seen",Arya died by suicide in her dormitory at TOBB University of Economics and Technology in Ankara (Turkey) on 13 Apr 2026. #SayHerName #TransLivesMatter #TDoR,https://tdor.translivesmatter.info/reports/2026/04/13/arya_ankara-turkey_23d39d62,qrcodes/23d39d62.png
Vica Monteros,44,,photos/2026_04_15_Vica-Monteros.jpg,https://www.revistagente.com/actualidad/quien-era-vica-monteros-la-arquitecta-trans-asesinada-en-su-casa-en-cordoba/,thumbnails/2026_04_15_Vica-Monteros.jpg,15 Apr 2026,,Córdoba,Argentina,AR,-31.40714731,-64.19740758,violence,stabbed,"Vica was murdered in her home by a man she had arranged to meet there. She was an architect who several years earlier had founded Fuma Espuma - Córdoba's first gay soccer team.

> Vica Monteros, a 44-year-old trans architect and a leading figure in the LGBTIQ+ community of Córdoba, was murdered with 37 stab wounds in her home in the Alberdi neighborhood. 
> 
> Police arrested a 27-year-old man on Wednesday, identified as  Maximiliano ""Vasco"" Sallito, who is now behind bars as the main suspect.
> 
> The victim's family, originally from Tucumán, was emphatic: ""It's a hate crime,"" attributing the attack to her gender identity. Monteros had founded Córdoba's first gay soccer team years earlier.
> 
> According to preliminary investigations, the two had arranged to meet at the victim's home. After committing the crime, the assailant allegedly turned on the gas and set the house on fire to conceal the crime, before fleeing with valuables.
> 
> Residents of calle Mendoza noticed the smoke, knocked on the door, and when there was no answer, broke it down. Once inside, they managed to extinguish the fire and found Monteros's body.
> 
> The first trace of the suspect emerged from conversations found on the victim's computer. The prosecution analyzed security camera footage and traced the route of the Uber that Sallito had hired hours before the crime.
> 
> Prosecutor Guillermo González, of District Attorney's Office 1, Shift 2, charged Sallito with ""homicide aggravated by cruelty and treachery"".
> 
> The body showed bruising and multiple stab wounds. According to investigators, ""the killer wasn't satisfied with seeing the lifeless body, but continued attacking until the knife broke. ""

https://www.noticiasentumejorversion.com.ar/un-crimen-que-conmueve-a-dos-provincias-hallaron-muerta-a-una-arquitecta-trans-tucumana-en-su-casa-de-cordoba-con-multiples-punaladas/

https://www.infobae.com/sociedad/policiales/2026/04/30/el-dolor-de-la-hermana-de-la-mujer-trans-asesinada-en-cordoba-no-entiendo-como-alguien-puede-morir-por-ser-quien-es/

https://agenciapresentes.org/en/2026/04/16/conmocion-y-vigilia-por-el-crimen-de-odio-de-vica-monteros-en-cordoba/

https://www.diariopanorama.com/noticia/549110/cordoba-investigan-brutal-asesinato-arquitecta-trans-tucumana

https://www.revistagente.com/actualidad/quien-era-vica-monteros-la-arquitecta-trans-asesinada-en-su-casa-en-cordoba/

https://www.c5n.com/sociedad/conmocion-cordoba-asesinaron-una-arquitecta-e-intentaron-ocultar-el-hecho-incendiando-su-casa-n235381

https://www.elesquiu.com/regionales/2026/4/15/crimen-en-cordoba-asesinaron-punaladas-la-arquitecta-trans-vica-monteros-593464.html

https://www.clarin.com/policiales/crimen-conmueve-provincias-hallaron-muerta-arquitecta-trans-tucumana-casa-cordoba-multiples-punaladas_0_CFX1gV9vXr.html

https://www.revistagente.com/actualidad/quien-era-vica-monteros-la-arquitecta-trans-asesinada-en-su-casa-en-cordoba/

https://www.cronica.com.ar/policiales/asesinaron-a-una-arquitecta-trans-de-37-punaladas-en-cordoba-detuvieron-a-un-sospechoso/

https://www.cadena3.com/noticia/radioinforme-3/crimen-brutal-en-cordoba-asesinan-a-una-arquitecta-trans-y-hay-un-detenido_541212

https://www.elesquiu.com/regionales/2026/4/15/crimen-en-cordoba-asesinaron-punaladas-la-arquitecta-trans-vica-monteros-593464.html

https://es-us.noticias.yahoo.com/asesinaron-pu%C3%B1aladas-arquitecto-c%C3%B3rdoba-investigan-233643148.html

https://www.lanacion.com.ar/seguridad/asesinaron-a-punaladas-a-un-arquitecto-en-cordoba-e-investigan-si-incendiaron-su-casa-para-ocultar-nid14042026/

https://www.lagaceta.com.ar/nota/1132751/seguridad/arquitecta-tucumana-fue-asesinada-punaladas-cordoba.html

https://radiomitre.cienradios.com/policiales/que-se-sabe-sobre-el-asesinato-a-vica-monteros-la-arquitecta-trans-que-encontraron-muerta-en-su-casa-en-cordoba/

https://radiomitre.cienradios.com/policiales/quien-era-vica-monteros-la-arquitecta-y-referente-trans-asesinada-a-punaladas-en-cordoba/

https://www.a24.com/policiales/asesinaron-una-arquitecta-trans-un-brutal-ataque-y-ya-hay-un-detenido-n1546758

https://www.redboing.com/crimen-en-cordoba-asesinaron-a-la-arquitecta-trans-vica-monteros-y-detuvieron-a-un-sospechoso/

https://www.redboing.com/crimen-en-cordoba-asesinaron-a-la-arquitecta-trans-vica-monteros-y-detuvieron-a-un-sospechoso/

https://tn.com.ar/policiales/2026/04/15/asesinaron-a-punaladas-a-una-arquitecta-trans-tucumana-en-cordoba-detuvieron-a-un-sospechoso/

https://la100.cienradios.com/policiales/quien-era-vica-monteros-la-arquitecta-trans-que-encontraron-muerta-con-varias-punaladas-en-cordoba/

https://radiomitre.cienradios.com/policiales/encontraron-muerta-a-una-arquitecta-trans-en-su-casa-en-cordoba-tenia-multiples-punaladas/

https://la100.cienradios.com/policiales/encontraron-muerta-a-vica-monteros-una-arquitecta-trans-en-su-casa-de-cordoba-hay-indicios-de-que-fue-con-alevosia/

https://www.clarin.com/policiales/crimen-conmueve-provincias-hallaron-muerta-arquitecta-trans-tucumana-casa-cordoba-multiples-punaladas_0_CFX1gV9vXr.html

https://www.losprimeros.tv/policiales/cordoba--brutal-crimen-de-una-arquitecta-trans-tucumana--detienen-al-sospechoso_a69dfd45df677f0d145bf1ef2

https://www.infobae.com/sociedad/policiales/2026/04/15/crimen-del-arquitecto-en-cordoba-detuvieron-al-principal-sospechoso-e-investigan-un-ataque-por-odio/

https://lmdiario.com.ar/amp/512897/investigan-el-asesinato-de-una-mujer-trans-en-barrio-alberdi-hay-un-detenido

https://lmdiario.com.ar/contenido/512897/investigan-el-asesinato-de-una-mujer-trans-en-barrio-alberdi-hay-un-detenido

https://viapais.com.ar/cordoba/cordoba-vica-monteros-arquitecta-referente-trans-asesinada-barrio-alberdi_0_12gzYOIUYx.html

https://www.lavoz.com.ar/sucesos/detenido-crimen-barrio-alberdi-cordoba-indicios-alevosia_0_CAh3yFWTYT.html","Vica Monteros was murdered in her home in the Alberdi neighborhood of Córdoba (Argentina) on 15 Apr 2026.

She was 44, and an architect who had founded Córdoba's first gay soccer team several years earlier. #SayHerName #TransLivesMatter #TDoR",https://tdor.translivesmatter.info/reports/2026/04/15/vica-monteros_cordoba-argentina_1cf4dfd0,qrcodes/1cf4dfd0.png
Sarabjit Kaur,37,,,,trans_flag.jpg,16 Apr 2026,,"Bathinda, Punjab",India,IN,30.26620884,74.6978847,violence,stabbed,"Sarabjit's body was found with stab wounds inside a residence.

> Bathinda: A 37-year-old transgender [person] has been found dead with injuries to the neck and head inflicted with a sharp-edged weapon.
> 
> Identified as Sarabjit Kaur, the transgender [person] was living alone at Kotbhai village in Gidderbaha sub-division of Muktsar district. 
> 
> Her body was recovered from a cot at her small house on Thursday morning. The reason behind the murder could not be known.
> 
> Gidderbaha DSP Arun Mundan, speaking to TOI, said that the police received information of a body having been recovered from a house at Kotbhai village.
> 
> ""When we reached the place, we found the transgender [person], Sarabjit Kaur, lying on a cot as we detected two injuries to her neck and head that seemed to have been inflicted with a sharp-edged weapon. A case under murder charges has been registered against unidentified persons and further investigations are being made.""
> 
> He said that as of now, no exact reason behind the killing has come to the fore.

https://timesofindia.indiatimes.com/city/chandigarh/transgender-found-dead-with-neck-and-head-injuries/articleshow/130309454.cms

https://www.msn.com/en-in/news/india/transgender-found-dead-with-neck-and-head-injuries/ar-AA212pHE?uxmode=ruby","Sarabjit's body was found with stab wounds inside a residence in Kot Bhai, Bathinda, Punjab (India) on 16 Apr 2026.

She was 37. #SayHerName #TransLivesMatter #TDoR",https://tdor.translivesmatter.info/reports/2026/04/16/sarabjit-kaur_bathinda-punjab-india_65014029,qrcodes/65014029.png
Dayana Gallegos,,,photos/2026_04_16_Dayana-Gallegos.jpg,email,thumbnails/2026_04_16_Dayana-Gallegos.jpg,16 Apr 2026,,"San José del Cabo, Baja California Sur",Mexico,MX,23.08887525,-109.7134172,violence,beaten,"Dayana died in hospital after being beaten by an unidentified assailant several days earlier.

> On April 16, 2026, Dayana died in the hospital from medical complications with wounds she suffered days earlier at the hands of an unknown person in San Jose del Cabo, in Baja California Southern.
> 
> Sources close to Dayana report that she was beaten by a stranger and ended up in the hospital. After a couple of days of receiving treatment, she expressed in communications with her friends that she would be discharged soon. Shortly after she died suddenly in hospital.
>
> Dayana was taken by her family back to her native Guerrero, where she was buried. She is the 12th victim of transfemicide in Mexico as far as 2026 and the 5th in just the month of April. We demand that the Mexican State be responsible and respond to this wave of violence.

https://www.binoticias.com/nacional/diputados-guardan-minuto-de-silencio-por-victimas-en-teotihuacan-y-feminicidio-en-cdmx

https://amp.milenio.com/politica/por-tiroteo-teotihuacan-camara-de-diputados-guardan-minuto-silencio

https://www.facebook.com/transcontingenta/posts/pfbid02BLZ3GvQSPi87tcfmPKgbjWMfcj8ou9MsF2GwpuL3iWg8cUtDf4ZeCnGeE7di91url

https://www.facebook.com/permalink.php?story_fbid=pfbid04H1uE93kSJK28aB9Bah1cJ9bS6MqzferHJJxLKWgwTpkwa2mdDe5zAexezPTadPPl&id=100068513044001

https://www.facebook.com/tiendalgbt/posts/pfbid034vuk829DicENxMHkUhNTvg9btFNhY1YWqGXXGi3gxadn8f8TCKQyjDRwwe2GKGC8l

https://x.com/RedDiversidad/status/2045362178870431923","Dayana Gallegos died in hospital in San José del Cabo, Baja California Sur (Mexico) on 16 Apr 2026.

Several days earlier she had been beaten by an unidentified assailant. #SayHerName #TransLivesMatter #TDoR",https://tdor.translivesmatter.info/reports/2026/04/16/dayana-gallegos_san-jose-del-cabo-baja-california-sur-mexico_b4898a8a,qrcodes/b4898a8a.png
Aleanna Royal Belcher,31,,photos/2026_04_17_Aleanna-Royal-Belcher.jpg,https://www.pghlesbian.com/2026/04/black-trans-woman-aleanna-royal-bechdel-fatally-stabbed-in-new-york-state/,thumbnails/2026_04_17_Aleanna-Royal-Belcher.jpg,17 Apr 2026,,"Binghamton, New York",USA,US,42.10983442,-75.90152286,violence,stabbed,"Aleanna died in hospital after being found with a stab wound to the abdomen in the stairwell of a housing complex.

> The Binghamton Police Department responded to the incident at noon and found her in a stairwell suffering from what they called a ""significant stab"" to the abdomen. Officers immediately rendered aid until emergency medical services arrived on scene and continued lifesaving measures. Aleanna was transported to a local area hospital for further treatment. She died at 2:30 a.m.
>
> Roy A. Peterson, 54, was found inside an apartment within the facility and was taken into custody in connection with the fatal stabbing. Police said Peterson and Aleanna knew each other.
>
> On April 22, Binghamton Police Captain Matthew Hodnik said Belcher was a transgender woman. He said police are ""exploring all avenues"" in the ongoing investigation.
>
> Peterson was charged with second-degree murder, arraigned in Binghamton City Court and remanded to the custody of the Broome County Correctional Facility.
>
> The investigation is ongoing. The Binghamton Police Department asks anyone with information to call the Binghamton Police Detective Bureau at 607-772-7080.

https://www.pressconnects.com/story/news/public-safety/2026/04/22/police-id-aleanna-belcher-as-person-killed-in-virgil-st-binghamton-stabbing/89713876007/

https://www.demunn.com/obituaries/aleanna-belcher","Aleanna Royal Belcher was found with a stab wound to the abdomen in the stairwell of a housing complex in Binghamton, New York (USA) on 17 Apr 2026.

She was 31. #SayHerName #TransLivesMatter #TDoR",https://tdor.translivesmatter.info/reports/2026/04/17/aleanna-royal-belcher_binghamton-new-york-usa_1ac35159,qrcodes/1ac35159.png
Morgen Batten,32,,photos/2026_04_17_Morgen-Batten.jpg,https://www.facebook.com/groups/2261152613/posts/10160685422227614/,thumbnails/2026_04_17_Morgen-Batten.jpg,17 Apr 2026,,"Swindon, Wiltshire",United Kingdom,GB,51.55759981,-1.78202722,medical,organ failure,"Morgen was a social justice campaigner and a pivotal member of ACORN Union in Swindon. In their free time, they enjoyed writing, in particular poetry. 

> On Friday 17th April 2026, our much loved Morgen passed away peacefully surrounded by family and knowing their friends were on their way.
> 
> Morgen, autistic, suffered profound OCD, and immense grief after the death of their father to Covid in Jan 2021. They started drinking alcohol to ease symptoms, leading to addiction, and a serious leg fracture in August 2025. Despite showing incredible strength, they were unable to recover from their illnesses and escape alcohol addiction, and they passed away a few months before their 33rd birthday due to multiple organ failure.
> 
> We're raising funds to go towards Morgen's funeral and celebration of life.
> 
> We have the money available to give Morgen a basic funeral, but we know how many lives that they touched in their 32 years and we want to give the chance for some of those people to put whatever money they can spare towards giving Morgen the send-off that they deserve.
> 
> All donations, large or small, are greatly appreciated and will go towards the send-off and preserving the memory of our beloved Morgen. They made a bigger difference to Swindon and so many lives than they realised, and this is our chance to show them one last time.
> 
> Any donations will go towards the funeral and celebration of life, any excess donations will go towards a memorial of Morgen and/or donated to Alcohol Change UK, who are campaigning against the rapid online delivery of alcohol which contributed greatly towards Morgen's deterioration of health.

Some of Morgan's poetry is reproduced below:
 
**[I Want to Be Seen](https://www.reddit.com/r/mentally_ill_poets/comments/1bbiv7z/i_want_to_be_seen/)**

```
I want to be seen, a real,
Tangible thing that fingerstrokes
Heal at its seams, not screams
As it waits in vapid rooms
Beige-dead, zombied to
A process that won't soon admit:
""Regretfully, you are human too."" 
I want to be seen, a fresh and
Lovely thing — dazzles its hindwings
In threat display! Alert prey
Starving to be shared by
Rows of smiling teeth
Voraciously snide as they decide
If I belong with humans too. 
I want to be seen, and yes, by you,
Touched along those heartache
Grooves which I had splintered on
Strangely rewrought;
New-made, strong
Because I get to give them to
Someone who, before me, knew
I could only be so human too. 
```

**[Ordinary](https://www.reddit.com/r/OCPoetry/comments/19evf0s/ordinary/)**
```
Ordinary's a thing to be
If you're sane, and same and
Normally things go easily enough,
For sure, life's rough, but you'll get through it
tough. Don't like it?
There's no way out
One bout, you'll fight it,
even if you felt
Like you weren't supposed to be in this corner
Like ordinary's a thing you want, a
taunt yourself with 'why can't I'
And lie through your teeth—you don't die inside
When you have to see someone else be
Sane, and same, and normally enough.
```
  
**[COVID](https://www.reddit.com/r/AutisticCreatives/comments/1m5iyj2/covid/)**
```
They sent you in a cardboard box.
Get daddy back. Styro-packed.
Then think. 
What now?
Ashes slip into the wind,
This box is crap. You've spilled.
Think. 
Your usual labour; cleaning up.
One last time I've set you back.
My heart begins to sink. 
I dust you up into a tin,
The dog nips at your bubblewrap.
You'd laugh at that, I think. 
```

https://www.facebook.com/groups/2261152613/posts/10160685422227614/

https://www.gofundme.com/f/morgen-batten-formerly-luke","Morgen Batten passed away in Swindon, Wiltshire (United Kingdom) on 17 Apr 2026.

They were 32, and were a social justice campaigner who was a pivotal member of ACORN Union in Swindon. In their free time, they wrote poetry. #SayTheirName #TransLivesMatter #TDoR",https://tdor.translivesmatter.info/reports/2026/04/17/morgen-batten_swindon-wiltshire-united-kingdom_d5200bbf,qrcodes/d5200bbf.png
Paul Dean Harris III,,,photos/2026_04_17_Paul-Dean-Harris-III.jpg,https://dallasvoice.com/shooting-victim-is-identified-suspect-is-arrested/,thumbnails/2026_04_17_Paul-Dean-Harris-III.jpg,17 Apr 2026,,"Dallas, Texas",USA,US,32.77273707,-96.78539354,violence,shot,"Paul was gender nonconforming. When shot near City Park he was described as presenting as female by Dallas police.

Richard Coleman, 30, was arrested and charged with murder.

> Dallas police are investigating a murder that happened around 2 a.m. today (Friday, April 17) near City Park, just south of I-30 and just west of I-45, according to information on the Dallas Police Department blog. The victim was “a man who presented as female,” according to police.
> 
> Dallas Voice has yet to determine whether police are saying the victim was a transgender woman or if they are referring to a man dressed in women’s clothing.
> 
> The victim has not been publicly identified, and DPD’s public information office said the Dallas County Medical Examiner’s Office “will assist with identifying the victim.”
> 
> According to police reports, DPD officers responded at 2:19 a.m. to a shooting call in the 1800 block of Park Row Avenue. A preliminary investigation “determined that a person was shot by an unknown suspect.”
> 
> Dallas Fire-Rescue transported the victim to an area hospital where they died, reports say.

https://dallasvoice.com/shooting-victim-is-identified-suspect-is-arrested/

https://web.archive.org/web/20260421053040/https://www.gofundme.com/f/help-lay-paul-dean-harris-iii-to-rest

https://dallasvoice.com/dpd-investigating-shooting-of-man-who-presented-as-female/","Paul Dean Harris III was shot in Dallas, Texas (USA) on 17 Apr 2026.

He was gender conforming and was presenting as female when shot. #SayHisName #TransLivesMatter #TDoR",https://tdor.translivesmatter.info/reports/2026/04/17/paul-dean-harris-iii_dallas-texas-usa_50d61559,qrcodes/50d61559.png
Lucas RedBeard Knapp (""Luca""),39,,photos/2026_04_18_Lucas-Redbeard-Knapp.jpg,https://www.instagram.com/p/DTQvc1lkrB0/,thumbnails/2026_04_18_Lucas-Redbeard-Knapp.jpg,18 Apr 2026,,"Candy Kitchen, New Mexico",USA,US,34.91056368,-108.496018,violence,shot,"Lucas was shot after stepping in to defend a man from a neighbour.

> A New Mexico based nonbinary transmasculine person was shot to death by neighbors in a rural unincorporated area known as Candy Kitchen in Cibola County. He was 39. His name was Lucas RedBeard or Lucas Knapp. He also went by Luca.
> 
> On Saturday, April 18, 2026, Lucas was walking his dogs when he heard a neighbor berating a third man. Luca stepped in to defend the third man. That’s when David Thomas Byington shot Luca in the chest. Byington and his wife fled. One witness ran to get help, struggling to find a cell phone signal. A second witness reportedly kept watch over Lucas’ body until the Sheriff arrived an hour later.
> 
> Byington and his wife were eventually arrested. He is facing charges of second degree homicide, shooting at or from a vehicle, possession of a firearm by a felon, and tampering with evidence – all felony charges. He’s being held until a hearing. Tania Byington was originally charged with second degree murder and tampering with evidence, the murder charges were dropped and she was released on her own recognizance.
> 
> According to friends, there has been a history of bigotry by this couple. The third person they were original accosting apparently is squatting with permission and they didn’t like it. I understand this squatting property was not adjacent to theirs.
> 
> It speaks volumes that the mere presence of the people these murderers originally confronted, their existence was a problem they needed to address with a gun. Their umbrage over someone they found undesirable making a home is a slippery slope down to disregard for the life of trans and queer people.
> 
> When society deems people unwanted or devalued, it is not shocking that private white cisgender citizens felt entitled to use a gun to enforce their vision of the community.

Lucas was originally from New Jersey and the founder of Misfit Kitchen Gardens and described themselves as a ""Queer ND enby transmasc who loves farming (KNF anyone?), watershed restoration work, fermentation, cooking (and eating!) good food, music, hiking, archery, animals, foraging, building, writing and smokin bomb herb.""

> Lucas was born in New Jersey. He lived in Florida, Oregon, and Boston before settling in Candy Kitchen, New Mexico. He went to Seminole High School and studied at Emerson College. He identified as a Chef, Fermenter, Natural Farmer/Builder, and Educator. At the time of his death, he lived in West Central NM, on Zuni, Diné and Pueblos Territories. According to friends he acquired land there around 2019 after he spent time at the Zuni Mountain Sanctuary with the Radical Faeries.
> 
> He founded Misfit Kitchen Gardens. an educational, high-desert farm in West Central New Mexico with a focus on landback support, food sovereignty, and sustainable practices. According to his social media, he had worked for an array of local food oriented companies, spent time learning about native plants, was deeply involved in ecological projects, and committed to the vision. Lucas described it as collective liberation thru food.

<blockquote class=""instagram-media"" data-instgrm-captioned data-instgrm-permalink=""https://www.instagram.com/reel/DTQvc1lkrB0/?utm_source=ig_embed&amp;utm_campaign=loading"" data-instgrm-version=""14"" style="" background:#FFF; border:0; border-radius:3px; box-shadow:0 0 1px 0 rgba(0,0,0,0.5),0 1px 10px 0 rgba(0,0,0,0.15); margin: 1px; max-width:540px; min-width:326px; padding:0; width:99.375%; width:-webkit-calc(100% - 2px); width:calc(100% - 2px);""><div style=""padding:16px;""> <a href=""https://www.instagram.com/reel/DTQvc1lkrB0/?utm_source=ig_embed&amp;utm_campaign=loading"" style="" background:#FFFFFF; line-height:0; padding:0 0; text-align:center; text-decoration:none; width:100%;"" target=""_blank""> <div style="" display: flex; flex-direction: row; align-items: center;""> <div style=""background-color: #F4F4F4; border-radius: 50%; flex-grow: 0; height: 40px; margin-right: 14px; width: 40px;""></div> <div style=""display: flex; flex-direction: column; flex-grow: 1; justify-content: center;""> <div style="" background-color: #F4F4F4; border-radius: 4px; flex-grow: 0; height: 14px; margin-bottom: 6px; width: 100px;""></div> <div style="" background-color: #F4F4F4; border-radius: 4px; flex-grow: 0; height: 14px; width: 60px;""></div></div></div><div style=""padding: 19% 0;""></div> <div style=""display:block; height:50px; margin:0 auto 12px; width:50px;""><svg width=""50px"" height=""50px"" viewBox=""0 0 60 60"" version=""1.1"" xmlns=""https://www.w3.org/2000/svg"" xmlns:xlink=""https://www.w3.org/1999/xlink""><g stroke=""none"" stroke-width=""1"" fill=""none"" fill-rule=""evenodd""><g transform=""translate(-511.000000, -20.000000)"" fill=""#000000""><g><path d=""M556.869,30.41 C554.814,30.41 553.148,32.076 553.148,34.131 C553.148,36.186 554.814,37.852 556.869,37.852 C558.924,37.852 560.59,36.186 560.59,34.131 C560.59,32.076 558.924,30.41 556.869,30.41 M541,60.657 C535.114,60.657 530.342,55.887 530.342,50 C530.342,44.114 535.114,39.342 541,39.342 C546.887,39.342 551.658,44.114 551.658,50 C551.658,55.887 546.887,60.657 541,60.657 M541,33.886 C532.1,33.886 524.886,41.1 524.886,50 C524.886,58.899 532.1,66.113 541,66.113 C549.9,66.113 557.115,58.899 557.115,50 C557.115,41.1 549.9,33.886 541,33.886 M565.378,62.101 C565.244,65.022 564.756,66.606 564.346,67.663 C563.803,69.06 563.154,70.057 562.106,71.106 C561.058,72.155 560.06,72.803 558.662,73.347 C557.607,73.757 556.021,74.244 553.102,74.378 C549.944,74.521 548.997,74.552 541,74.552 C533.003,74.552 532.056,74.521 528.898,74.378 C525.979,74.244 524.393,73.757 523.338,73.347 C521.94,72.803 520.942,72.155 519.894,71.106 C518.846,70.057 518.197,69.06 517.654,67.663 C517.244,66.606 516.755,65.022 516.623,62.101 C516.479,58.943 516.448,57.996 516.448,50 C516.448,42.003 516.479,41.056 516.623,37.899 C516.755,34.978 517.244,33.391 517.654,32.338 C518.197,30.938 518.846,29.942 519.894,28.894 C520.942,27.846 521.94,27.196 523.338,26.654 C524.393,26.244 525.979,25.756 528.898,25.623 C532.057,25.479 533.004,25.448 541,25.448 C548.997,25.448 549.943,25.479 553.102,25.623 C556.021,25.756 557.607,26.244 558.662,26.654 C560.06,27.196 561.058,27.846 562.106,28.894 C563.154,29.942 563.803,30.938 564.346,32.338 C564.756,33.391 565.244,34.978 565.378,37.899 C565.522,41.056 565.552,42.003 565.552,50 C565.552,57.996 565.522,58.943 565.378,62.101 M570.82,37.631 C570.674,34.438 570.167,32.258 569.425,30.349 C568.659,28.377 567.633,26.702 565.965,25.035 C564.297,23.368 562.623,22.342 560.652,21.575 C558.743,20.834 556.562,20.326 553.369,20.18 C550.169,20.033 549.148,20 541,20 C532.853,20 531.831,20.033 528.631,20.18 C525.438,20.326 523.257,20.834 521.349,21.575 C519.376,22.342 517.703,23.368 516.035,25.035 C514.368,26.702 513.342,28.377 512.574,30.349 C511.834,32.258 511.326,34.438 511.181,37.631 C511.035,40.831 511,41.851 511,50 C511,58.147 511.035,59.17 511.181,62.369 C511.326,65.562 511.834,67.743 512.574,69.651 C513.342,71.625 514.368,73.296 516.035,74.965 C517.703,76.634 519.376,77.658 521.349,78.425 C523.257,79.167 525.438,79.673 528.631,79.82 C531.831,79.965 532.853,80.001 541,80.001 C549.148,80.001 550.169,79.965 553.369,79.82 C556.562,79.673 558.743,79.167 560.652,78.425 C562.623,77.658 564.297,76.634 565.965,74.965 C567.633,73.296 568.659,71.625 569.425,69.651 C570.167,67.743 570.674,65.562 570.82,62.369 C570.966,59.17 571,58.147 571,50 C571,41.851 570.966,40.831 570.82,37.631""></path></g></g></g></svg></div><div style=""padding-top: 8px;""> <div style="" color:#3897f0; font-family:Arial,sans-serif; font-size:14px; font-style:normal; font-weight:550; line-height:18px;"">View this post on Instagram</div></div><div style=""padding: 12.5% 0;""></div> <div style=""display: flex; flex-direction: row; margin-bottom: 14px; align-items: center;""><div> <div style=""background-color: #F4F4F4; border-radius: 50%; height: 12.5px; width: 12.5px; transform: translateX(0px) translateY(7px);""></div> <div style=""background-color: #F4F4F4; height: 12.5px; transform: rotate(-45deg) translateX(3px) translateY(1px); width: 12.5px; flex-grow: 0; margin-right: 14px; margin-left: 2px;""></div> <div style=""background-color: #F4F4F4; border-radius: 50%; height: 12.5px; width: 12.5px; transform: translateX(9px) translateY(-18px);""></div></div><div style=""margin-left: 8px;""> <div style="" background-color: #F4F4F4; border-radius: 50%; flex-grow: 0; height: 20px; width: 20px;""></div> <div style="" width: 0; height: 0; border-top: 2px solid transparent; border-left: 6px solid #f4f4f4; border-bottom: 2px solid transparent; transform: translateX(16px) translateY(-4px) rotate(30deg)""></div></div><div style=""margin-left: auto;""> <div style="" width: 0px; border-top: 8px solid #F4F4F4; border-right: 8px solid transparent; transform: translateY(16px);""></div> <div style="" background-color: #F4F4F4; flex-grow: 0; height: 12px; width: 16px; transform: translateY(-4px);""></div> <div style="" width: 0; height: 0; border-top: 8px solid #F4F4F4; border-left: 8px solid transparent; transform: translateY(-4px) translateX(8px);""></div></div></div> <div style=""display: flex; flex-direction: column; flex-grow: 1; justify-content: center; margin-bottom: 24px;""> <div style="" background-color: #F4F4F4; border-radius: 4px; flex-grow: 0; height: 14px; margin-bottom: 6px; width: 224px;""></div> <div style="" background-color: #F4F4F4; border-radius: 4px; flex-grow: 0; height: 14px; width: 144px;""></div></div></a><p style="" color:#c9c8cd; font-family:Arial,sans-serif; font-size:14px; line-height:17px; margin-bottom:0; margin-top:8px; overflow:hidden; padding:8px 0 7px; text-align:center; text-overflow:ellipsis; white-space:nowrap;""><a href=""https://www.instagram.com/reel/DTQvc1lkrB0/?utm_source=ig_embed&amp;utm_campaign=loading"" style="" color:#c9c8cd; font-family:Arial,sans-serif; font-size:14px; font-style:normal; font-weight:normal; line-height:17px; text-decoration:none;"" target=""_blank"">A post shared by Misfit Kitchen Gardens (@misfitkitchengardens)</a></p></div></blockquote>
<script async src=""//www.instagram.com/embed.js""></script>

Luca's Instagram and Threads accounts are https://www.instagram.com/misfitkitchengardens and https://www.threads.com/@misfitkitchengardens.

https://www.pghlesbian.com/2026/05/the-killing-of-trans-man-lucas-redbeard-knapp-in-rural-new-mexico-teaches-us-about-visibility/

https://www.them.us/story/lucas-redbeard-knapp-killing-new-mexico

https://www.threads.com/@pluckythepuck/post/DXmcBgwkpqJ

https://www.instagram.com/reels/DTQvc1lkrB0/","Lucas RedBeard Knapp was shot by a neighbour in Candy Kitchen, New Mexico (USA) on 18 Apr 2026.

He was 39. #SayHiisName #TransLivesMatter #TDoR",https://tdor.translivesmatter.info/reports/2026/04/18/lucas-redbeard-knapp-luca_candy-kitchen-new-mexico-usa_e463bec6,qrcodes/e463bec6.png
Kai Dana Sorem,26,,photos/2026_04_20_Kai-Dana-Sorem.jpg,https://x.com/Kaylara0wl/status/2057164812979712014,thumbnails/2026_04_20_Kai-Dana-Sorem.jpg,20 Apr 2026,,"Toboso, Negros Occcidental",Philippines,PH,10.71344024,123.5098692,violence,shot,"Kai was one of 19 people shot dead in an indiscriminate massacre perpetrated by by the Philippines military on 19th/20th April.

Among the other victims was Maureen Santuyo, a 24 year-old cisgender lesbian woman.

> Kai Dana Sorem was a 26-year-old Seattle and Tacoma-based Filipino American activist who was learning from and helping with rural peasant communities on the plantation island of Negros in the Philippines earlier this year. Between April 19 and 20, she and 18 other activists and community organizers were brutally murdered by the Armed Forces of the Philippines (AFP) in the municipality of Toboso, Negros Occidental.
> 
> Born in Steilacoom and with family in Tacoma, Sorem– a founding member of [student organisation] ABSS [Anakbayan South Seattle (ABSS)] – was described by ABSS members as “loving, patient, and attentive to others.” Diaz recalls: “Kai was one of the first people to bring me into the overseas Filipino youth organizing. She was really instrumental in helping me find my footing and organizing. This work brought us together, and we were organizing together in ABSS for about three years.” Eventually, Sorem was inspired to organize and immerse herself with the people in the Philippines after having visited the country for the first time in 2025 on an Anakbayan exposure trip.
> 
> “She was humble. She acknowledged when she could not understand something, and she took the time to really listen and hear someone out,” Diaz recalled. “At the same time, she was very sharp and very firm as a leader and an organizer, and I really admired her ability to not shy away from difficulty, and just really prioritize the needs and interests of the community as a whole.”
> 
> Sorem’s dedication and firm commitment to serving and advancing the interests of the most marginalized and most exploited Filipinos brought her back to Negros earlier this year. Meesh Vergara, Chairperson of Malaya Movement Seattle, explained why Sorem was compelled to serve the rural communities of Negros Island: “I was part of the very first Malaya movement immersion trip batch in 2024. In Negros Island, we saw firsthand the land being taken up by development companies and by big landlords, and how ordinary people really struggled to put food regularly on the table.”


The massacre took place against a background of the exploitation of plantation workers and government repression of dissent.

> In the 19th century, Negros Island was a frontier that began to be developed by European entrepreneurs and local Filipino elite families to produce and export the in-demand cash crop of the time, sugar. When the Philippines was colonized by the US after the 1898 Spanish-American War, they saw the value of Negros not only as a plantation island, but also of the Philippines as a steady source of migrant labor.
>
> But while Negros became a sugar plantation island that produces and exports most of the country’s sugar to this day, the plantation workers whose labor makes it all possible remains undercompensated and disenfranchised because of the exploitation of landlords and big companies. “The peasant women that we were staying with told us about the military camping in their backyard and intimidating them,” said Vergara. “They just asked us not to forget about them and to really uplift their stories.”
> 
> According to a press release from Malaya Seattle, the AFP waged hours of low-flying indiscriminate strafing, firing thousands of bullets that killed Sorem and 18 others, displacing over 650 individuals and 118 families, and illegally detaining 5 organizers.
>
> Victims included Lyle Prijoles, another Filipino American activist based out of Northern California; RJ Ledesma, a youth journalist; Alyssa Alano, a student organizer and leader at University of Philippines Diliman; and Errol Wendel and Maureen Santuyo, both peasant activists. Bagong Alyansang Makabayan (New Patriotic Alliance, also known as BAYAN) USA and hundreds of other human rights organizations have decried these killings as a grave international human rights violation by Philippine President Marcos Jr., and calling for “Justice for the Negros 19.”
> 
> While Sorem’s tragic and premature death was immediately felt by the Filipino community in Seattle and the Puget Sound area, her friends and colleagues want to remember her fondly as a compassionate and dedicated community organizer. “I’m really proud of Kai, having been living with and serving the peasants in Negros, because of its highly exploited and highly militarized nature,” stated Vergara.

https://iexaminer.org/mabuhay-kai-sorem-and-lyle-prijoles-the-truth-about-our-beloveds-the-philippine-military-massacred/

https://www.kontra-kwento.net/post/who-are-lyle-prijoles-and-kai-sorem-the-two-fil-ams-killed-in-negros

https://iexaminer.org/friends-and-colleagues-remember-kai-sorems-passion-and-drive-for-social-justice/

https://gossipguy.net/seattle-activist-kai-sorem-killed-by-philippine-military/

https://www.malayamovement.com/statements/justiceforkai

https://cebudailynews.inquirer.net/721223/negros-19-fil-am-activist-kai-sorem-once-immersed-with-cebu-farmers

https://web.archive.org/web/2/https://www.seattletimes.com/seattle-news/filipino-american-mourned-in-wa-after-military-attack-kills-19-in-philippines/

https://www.facebook.com/ICHRPGlobal/posts/justice-for-kai-sorem-kai-was-a-26-year-old-transwoman-who-grew-up-in-steilacoom/1454004146755209/

https://www.instagram.com/p/DX77lUSH2I4/

https://x.com/Kaylara0wl/status/2057164812979712014

https://www.youtube.com/watch?v=ZtCkxk1bqbo","Kai Dana Sorem was one of 19 people shot dead in an indiscriminate massacre perpetrated by by the Philippines military in Toboso, Negros Occcidental (Philippines) on 19/20 Apr 2026

She was 26. #SayHerName #TransLivesMatter #TDoR",https://tdor.translivesmatter.info/reports/2026/04/20/kai-dana-sorem_toboso-negros-occcidental-philippines_6361eaa2,qrcodes/6361eaa2.png
Christina Maria Huerta Iraci,,,photos/2026_04_20_Christina-Maria-Huerta-Iraci.jpg,https://www.facebook.com/photo/?fbid=550139802573360&set=a.190721875181823,thumbnails/2026_04_20_Christina-Maria-Huerta-Iraci.jpg,20 Apr 2026,,"Aztec, New Mexico",USA,US,36.82167866,-107.9935424,uncategorised,not reported,"Christina was the co-founder of Sasha's Rainbow of Hope, a nonprofit providing mental health resources for the queer community in the Four Corners area. 

She described herself as a ""community activist, mental health advocate, autism advocate, and transgender warrior"".

> Christina Iraci passed away unexpectedly on April 19, 2026. Her choice was to be cremated, and that has already taken place.
> 
> Christina whose unique personality facilitated her role in the community as an advocate for those in need of resources. Christina received her certificate of achievement for her class in NAMI's ""Peer to Peer"" training in Albuquerque in 2020.
> 
> Christina was a presence, she served the marginalized, including the homeless. She was a cofounder of ""Sasha's rainbow of Hope"" in Farmington, New Mexico. Christina served in varied capacities with that special community. She was also an advocate for those on the autism spectrum.
> 
> Christina was a published poet, who many may remember from her pieces in the Talon newspaper, and other publications. She was delighted when she won the Colorado poet award.
> 
> Christina is survived by her mother Pam, many uncles' aunts, cousins and brother Joshua.
> 
> The family would like to express their gratitude to all those in our area who believed in Christina's true spirit, who shared in her care, and gave encouragement and resources on Christina's difficult journey through life.

Christina's Facebook profile is https://www.facebook.com/jason.iraci/.

https://www.facebook.com/nikku506/posts/pfbid02uZQ1T1hodt9qDj3PPBbwXnwRd1ddfTi8JEe8RNAQL9XcuwKRHxnYWErPd4fxkdNfl

https://www.facebook.com/ryan.garcia.186/posts/pfbid037QDhubESA2Zqd4X1qGjNipnHUFt2Kg19Dvaxc7zAQXw37J5VdYUgStzW2HwQjhkhl

https://www.instagram.com/p/DXcOyH9jEhv/

https://www.farmingtonfuneral.com/obituaries/jason-iraci","Christina Maria Huerta Iraci passed away unexpectedly in Aztec, New Mexico (USA) on 20 Apr 2026.

Christina was the co-founder of Sasha's Rainbow of Hope, a nonprofit providing mental health resources for the queer community in the Four Corners area. #SayHerName #TransLivesMatter",https://tdor.translivesmatter.info/reports/2026/04/20/christina-maria-huerta-iraci_aztec-new-mexico-usa_197b22e0,qrcodes/197b22e0.png
Caroba,,,,,trans_flag.jpg,21 Apr 2026,,"Punto de Ayutla, Querétaro",Mexico,MX,21.40667138,-99.59534321,violence,murdered,"Caroba was reportedly killed by a client. There were no media reports of her murder, and community sources are afraid to speak out publicly.

*[Editor's Note: The date given is the date Caroba's body was found. The date of her murder is not known]*

> TRANSFEMICIDE
>
> Date unknown (body claimed by family on April 21, 2026).
>
> Caroba
>
> Punto de Ayutla, Querétaro.
>
> Transfeminicide; sex worker client.
>
> The information was obtained through direct contact with an acquaintance in the local sex work community.
> 
> There are no journalistic reports, and no other community sources are able or willing to share information. Caroba worked for local pimps who have refused to speak about the situation. Caroba's friends and acquaintances are afraid of these pimps and what they might do to them if they speak out. The prosecutor's office has not opened an investigation because they do not have enough information to begin, and the family did not file a report.
> 
> We have no photos, only her memory in the community.

Source: Observatorio de Feminicidios Ensenada","Caroba was reportedly killed by a client in Punto de Ayutla, Querétaro (Mexico) some time before her body was claimed on 21 Apr 2026.

There were no media reports of her murder, and community sources are afraid to speak out publicly. #SayHerName #TransLivesMatter #TDoR",https://tdor.translivesmatter.info/reports/2026/04/21/caroba_punto-de-ayutla-queretaro-mexico_3d9c733b,qrcodes/3d9c733b.png
Valeria Micaela Benítez,36,,photos/2026_04_22_Valeria-Micaela-Benitez.jpg,https://www.eltrecetv.com.ar/noticias/2026/04/23/horror-en-la-matanza-una-mujer-trans-fue-asesinada-y-su-pareja-huyo-con-su-auto/,thumbnails/2026_04_22_Valeria-Micaela-Benitez.jpg,22 Apr 2026,,"Virrey del Pino, Buenos Aires",Argentina,AR,-34.8756759,-58.69436443,violence,stabbed,"Valeria was brutally murdered in her apartment. Her partner (who is suspected to have killed her and stolen her car) is on the run from police.

> A 37-year-old transgender woman was found murdered inside her home in Virrey del Pino, La Matanza. The main hypothesis of the investigation points to her partner, a 28-year-old man who remains at large.
> 
> The victim, identified as Micaela Valeria Benítez, was found dead in her apartment on calles Santiago del Estero and Horacio Quiroga, at kilometer 44 of Route 3.
> 
> Upon entering the premises, the police discovered that the woman was lying on the floor of one of the rooms, with multiple stab wounds in different parts of her body, mainly on her neck, chest and back.
> 
> A knife with bloodstains was found in the bathroom.
> 
> Initially, investigators did not rule out that the crime was linked to an attempted robbery, since, according to a neighbor, the victim had planned to sell his car, a maroon Ford Fiesta, and had even been in contact with a potential buyer.
> 
> However, as the case progressed, Benítez's partner was identified as the main suspect, who allegedly escaped after the incident, taking the victim's vehicle with him.
> 
> The accused is subject to an arrest warrant both nationally and internationally, while operations continue to find his whereabouts.
> 
> The case was assigned to prosecutor Adrián Arribas, from the Functional Unit of Homicide Investigation of La Matanza.


After people who should know better wrote hateful and ignorant comments on a social media post about the murder, the following reply chastised them and revealed a little about who Valeria was:

> They're so out of touch. She was my son's godmother. Valeria, that was her name. She was a beautiful and much-loved person. Try to understand someone's life before you speak and act.

https://www.clarin.com/policiales/crimen-mujer-trans-virrey-pino-escena-aterradora-cuchillos-fuga-fiesta-modelo-95_0_9IJ2NfoSOd.html

https://www.el1digital.com.ar/policiales/virrey-del-pino-asesinaron-a-una-mujer-trans-y-el-principal-sospechoso-es-su-pareja/

https://la100.cienradios.com/policiales/asesinaron-a-una-mujer-trans-a-punaladas-en-la-matanza-y-buscan-intensamente-a-su-pareja/

https://diarioconurbano.com.ar/principal/virrey-del-pino-buscan-intensamente-a-la-pareja-de-una-mujer-trans-asesinada-a-punaladas/

https://www.el1digital.com.ar/policiales/virrey-del-pino-asesinaron-a-una-mujer-trans-y-el-principal-sospechoso-es-su-pareja/

https://tn.com.ar/policiales/2026/04/23/una-mujer-trans-fue-asesinada-a-punaladas-en-la-matanza-y-buscan-intensamente-a-su-pareja/

https://www.haceinstantes.com/noticias/2026/04/22/203712-asesinaron-a-una-mujer-trans-en-la-matanza-y-buscan-a-su-pareja-principal-sospechoso

https://www.mdzol.com/policiales/asesinaron-una-mujer-trans-cuchillazos-la-matanza-y-el-principal-sospechoso-es-su-pareja-n1504348

https://www.infocielo.com/judiciales-y-policiales/buscan-a-la-pareja-de-una-mujer-trans-que-huyo-tras-asesinarla-de-manera-brutal

https://eldoce.tv/actualidad/2026/04/23/horror-hallaron-muerta-a-una-mujer-trans-en-su-casa-y-buscan-a-su-novio-por-todo-el-pais/

https://www.elbonaerense.news/2026/04/23/femicidio-en-virrey-del-pino-buscan-al-novio-de-una-mujer-trans-asesinada-a-punaladas

https://www.zonaoestediario.com.ar/2026/04/asesinaron-una-mujer-trans-en-la.html

https://www.vivieloeste.com.ar/amp/noticias/2026/04/23/80397-crimen-en-la-matanza-asesinaron-a-una-mujer-trans-y-buscan-a-su-pareja

https://www.elliberal.com.ar/nota/78056/2026/04/brutal-crimen--una-mujer-trans-fue-asesinada-a-punaladas-en-su-vivienda-

https://www.elliberal.com.ar/amp/2026/04/22/78056-brutal-crimen--una-mujer-trans-fue-asesinada-a-punaladas-en-su-vivienda-.html

https://www.eltrecetv.com.ar/noticias/2026/04/23/horror-en-la-matanza-una-mujer-trans-fue-asesinada-y-su-pareja-huyo-con-su-auto/

https://x.com/todonoticias/status/2047261260451025343

https://www.dailymotion.com/video/xa6a21w

https://www.youtube.com/watch?v=o6VXzUwsPOI","Valeria Micaela Benítez was brutally murdered in her apartment in Virrey del Pino, Buenos Aires (Argentina) on 22 Apr 2026. Her partner is on the run from police.

She was 36. #SayHerName #TransLivesMatter #TDoR",https://tdor.translivesmatter.info/reports/2026/04/22/valeria-micaela-benitez_virrey-del-pino-buenos-aires-argentina_978f230c,qrcodes/978f230c.png
Valeska Barboza,36,13 Jan 1990,photos/2026_04_25_Valeska-Barboza.jpg,https://g1.globo.com/df/distrito-federal/noticia/2026/04/26/mulher-trans-e-encontrada-morta-em-condominio-no-df-corpo-tinha-sinais-de-violencia.ghtml,thumbnails/2026_04_25_Valeska-Barboza.jpg,25 Apr 2026,,"Brasília, Distrito Federal",Brazil,BR,-16.03805513,-48.02046801,violence,stabbed,"Valeska was found dead in her apartment. Some of her belongings were missing.

> Relatives of Valeska Barboza, 36, are trying to understand what happened to the elderly caregiver who was brutally murdered inside her own apartment in Santa Maria (DF). The transgender woman's body was found on Saturday night (April 25) with signs of violent death.
> 
> The victim had been missing since last Wednesday (April 22). The military was called after a friend reported her disappearance and noticed a strong odor coming from the property where she lived, which was locked.
> 
> In an emotional account, the victim's sister, Sandra Amâncio, described the last few days before the crime and raised suspicions about the possible motive. According to her, the victim had taken in a man from São Paulo, whom she was trying to help start a new life. ""She brought him into her home, helped him send out resumes, tried to find him a job. But, towards the end, he no longer wanted help,"" she said.
> 
> Faced with the situation, Valeska reportedly asked the man to leave the property, which, according to the family, may have motivated the crime. The sister claims that a neighbor witnessed an argument between the two on Tuesday (April 21), the last day the victim was seen.


Valeska had been rescued and adopted as a baby after her birth family tried to bury her alive. She was reportedly ""a happy person, who loved life and made everyone smile”. 

> The life story of Valeska Barbosa, 36, a transgender woman found dead inside her home in the Porto Rico Condominium, in Santa Maria, last Saturday (April 25), is marked by survival since birth and a history of affection with the family that took her in. The victim's sister, Sandra Amâncio, 53, recalled the past and the last days before the crime, and demanded justice.
> 
> According to Sandra, Valeska was adopted as a baby after a traumatic event. “She was born in my arms, at home. The daughter of a friend. She was very small, but perfect. Then, they tried to bury her alive, and I was desperate,” she recounted. The sister reports that she mobilized her own family to rescue the baby. “We went back to the place, searched until we heard her crying. That's how we managed to save her. My mother decided to adopt her and raised her as her daughter, with a lot of love,” she stated.
> 
> Raised alongside her six siblings, Valeska always knew her history and, according to her family, transformed her pain into strength. “She was an incredible human being, with a huge heart, very cheerful. She liked to help everyone, she didn't discriminate against anyone,” said Sandra. “She left a very beautiful mark on the lives of those who knew her,” she affirmed. 
> 
> Shaken, Sandra describes the family's pain at the loss. “We can't believe it. It's a very great pain. She was a happy person, who loved life and made everyone smile,” she stated. The family is now seeking answers and accountability for the crime. “We just want justice,” she said.

https://www.otempo.com.br/comportamento/2026/4/28/mulher-trans-e-encontrada-morta-em-apartamento-no-distrito-federal

https://www.metropoles.com/distrito-federal/familia-acredita-que-morte-de-mulher-trans-no-df-foi-premeditada

https://www.correiobraziliense.com.br/cidades-df/2026/04/7407172-corpo-de-mulher-trans-sera-enterrado-nesta-terca-28-4.html

https://www.correiobraziliense.com.br/cidades-df/2026/04/7407059-conheca-a-historia-de-valeska-mulher-trans-encontrada-morta.html

https://noticias.r7.com/brasilia/balanco-geral-df/video/policia-civil-identifica-suspeito-no-caso-de-mulher-encontrada-morta-em-santa-maria-df-29042026/

https://www.metropoles.com/distrito-federal/quem-era-mulher-trans-encontrada-morta-dentro-de-apartamento-no-df

https://www.correiobraziliense.com.br/cidades-df/2026/04/7406526-mulher-trans-encontrada-morta-estava-desaparecida-desde-quarta-feira-22-4.html

https://g1.globo.com/df/distrito-federal/noticia/2026/04/26/mulher-trans-e-encontrada-morta-em-condominio-no-df-corpo-tinha-sinais-de-violencia.ghtml

https://www.metropoles.com/distrito-federal/corpo-em-decomposicao-e-encontrado-dentro-de-apartamento-no-df

https://www.correiobraziliense.com.br/cidades-df/2026/04/7406292-mulher-trans-e-assassinada-e-corpo-encontrado-dentro-de-casa.html

https://180graus.com/plantao-policial/mulher-trans-desaparecida-e-encontrada-morta-em-decomposicao-dentro-de-apartamento/

https://g1.globo.com/google/amp/df/distrito-federal/df1/video/familia-de-mulher-trans-encontrada-morta-cobra-investigacao-14588392.ghtml","Valeska Barboza was found dead in her apartment in Brasília, Distrito Federal (Braziil) on 25 Apr 2026.

She was 25. #SayHerName #TransLivesMatter #TDoR",https://tdor.translivesmatter.info/reports/2026/04/25/valeska-barboza_brasilia-distrito-federal-brazil_ea1882cf,qrcodes/ea1882cf.png
Mallika,,,photos/2026_04_26_Mallika.jpg,https://vaartha.com/andhra-pradesh/tadipatri-crime-updates-hijra-mallika-suspicious-death-protest-police-negligence/697364/,thumbnails/2026_04_26_Mallika.jpg,26 Apr 2026,,"Challavaripalle, Andhra Pradesh",India,IN,14.8783677,78.02750871,violence,kidnapped and murdered,"Mallika was kidnapped and murdered.

> Mallika was kidnapped, murdered and thrown onto the railway tracks at Challawaripalli in Tadipatri mandal. The incident was recorded on CCTV cameras. Mallika was kidnapped in an auto. Police believe that the murder was part of a gang war.
>
> It is known that the hijras staged a dharna with Mallika's body in front of the Tadipatri police station, demanding strict punishment for the accused.

https://vaartha.com/andhra-pradesh/tadipatri-crime-updates-hijra-mallika-suspicious-death-protest-police-negligence/697364/

https://telugu.getlokalapp.com/andhra-news/ananthapur/tadipatri/hijra-brutally-murdered-in-tadipatri-16678220","Mallika was kidnapped and murdered in Challavaripalle, Andhra Pradesh (India) on 26 Apr 2026. #SayHerName #TransLivesMatter #TDoR",https://tdor.translivesmatter.info/reports/2026/04/26/mallika_challavaripalle-andhra-pradesh-india_a0df3638,qrcodes/a0df3638.png
M.,20,,photos/2026_04_27_M.jpg,https://www.instagram.com/p/DXr9z6-DHqS/,thumbnails/2026_04_27_M.jpg,27 Apr 2026,,,Germany,DE,48.99789902,11.26004603,suicide,suicide,"M. died by suicide. A day earlier she had made a failed suicide attempt after being turned away from a psychiatric clinic due to overcrowding.

*[Editor´s Note: M's location is not known with certainty, but from the context of the post she may have been in or near Nuremburg, Bavaria].*

> On Monday morning, we received the sad news that our friend and comrade M. had taken her own life.
>
> M. loved listening to music, for example Disastar, whose concert she attended last October. No matter where she was, she had her Blahaj with her. Due to work, she relied on her car—an unbelievable piece of junk that felt like it would fall apart at any moment.
>
> She was vegan, out of love for animals. She didn't cook much, but one dish she often cooked and loved was Korean fried tofu.
>
> M. was a quiet and reserved person who nevertheless made a huge impact on our lives. She was the kind of friend you could call at any time and she would come right away.
>
> She leaves behind a lot of grief and anger. Anger, not at her, but at all the crap. At the system that she could never have changed on her own.
>
> Despite everything, she made the world a better place.

https://www.instagram.com/p/DXr9z6-DHqS/","M. died by suicide in Germany on 27 Apr 2026.

She was 20. #SayHerName #TransLivesMatter #TDoR",https://tdor.translivesmatter.info/reports/2026/04/27/m_germany_c1511d06,qrcodes/c1511d06.png
Lanessa Rodriguez,33,,photos/2026_04_28_Lanessa-Rodriguez.jpg,https://x.com/Kaylara0wl/status/2049923318090727838,thumbnails/2026_04_28_Lanessa-Rodriguez.jpg,28 Apr 2026,,"Fort Pierce, Florida",USA,US,27.38010204,-80.32621743,violence,shot,"Lanessa was shot in her workplace. A suspect was arrested the followiing day.

> Landen Ballard sat across from the 35-year-old woman in Cash Out Gold and Silver on April 28, and they started talking as if they knew each other, records show.
>
> Ballard, 20, of Vero Beach, pulled a firearm from his hip but held it out of view of the woman, whom Fort Pierce police identified as [deadname] Vega, but friends identified as Lanessa Rodriguez.
>
> Within minutes, Ballard shot Rodriguez once in the left shoulder, then fired six additional times until the magazine of his firearm was empty before leaving Rodriguez for dead.

Lanessa was of Puerto Rican heritage and described by friends as a ""feisty, amazing woman and “a beautiful human being"".
 
> “Lanessa helped everyone,” said Dominique Taylor, 44, of St. Lucie County. “Lanessa would take her shirt off her back so you can eat.”
> 
> Nayomy Nomelin, 36, of Boynton Beach, considered Rodriguez her best friend. The two share a birthday.
> 
> Nomelin described Rodriguez as an “incredible person with a huge heart.” She said Rodriguez had two sisters and a brother. She was close with her family, and doted on her grandmother.
> 
> Taylor, a transgender woman and a high-profile drag performer, said Rodriguez “had a heart of gold.”
> 
> “I was so proud of her as a trans woman watching her coming up with her business partner,” Taylor said. “It's crazy because as soon as a trans woman starts … looking ahead for her family and growing, they try to hurt us.”
> 
> Taylor said Rodriguez is of Puerto Rican heritage, with family in South Florida. Rodriguez, she said, is a long-time member of the Palm Beach County trans community.
> 
> “When a trans woman gets murdered, all of us get murdered,” Taylor said. “When one of us dies, we all die.”

Lanessa's Facebook proflee is https://www.facebook.com/fabuLAZ.

https://www.pghlesbian.com/2026/05/35-year-old-trans-latina-shot-to-death-inside-her-own-florida-business/

https://eu.tcpalm.com/story/news/crime/st-lucie-county/2026/05/01/woman-slain-in-fort-pierce-florida-business-was-a-beautiful-human-being/89880687007/

https://eu.tcpalm.com/story/news/crime/st-lucie-county/2026/04/30/is-it-bad-that-i-have-no-remorse-new-details-in-florida-slaying/89876676007/

https://web.archive.org/web/20260508020914/https://www.wpbf.com/article/fort-pierce-florida-homicide-lanessa-rodriguez/71244673

https://cbs12.com/news/local/shooting-on-south-us-1-near-gold-shop-and-mercedes-benz-dealership-leaves-1-dead-tuesday-night-shooting-gunshot-victim-active-investigation-no-suspect-identified-st-lucie-county-crime-fatal-shooting-police-response-cash-out-gold-and-silver-merce

https://x.com/Kaylara0wl/status/2049923318090727838","Lanessa Rodriguez was shot in her workplace in Fort Pierce, Florida (USA) on 28 Apr 2026.

She was 33. #SayHerName #TransLivesMatter #TDoR",https://tdor.translivesmatter.info/reports/2026/04/28/lanessa-rodriguez_fort-pierce-florida-usa_e02095be,qrcodes/e02095be.png
Cecilia Cardona,47,,photos/2026_05_01_Cecilia-Cardona.jpg,https://www.diariodebatepregon.com/locales/marchan-para-exigir-justicia-por-el-transfemicidio-de-cecilia-cardona,thumbnails/2026_05_01_Cecilia-Cardona.jpg,1 May 2026,,"Gualeguay, Entre Rios",Argentina,AR,-33.12673211,-59.31748554,violence,run over,"Cecilia died after being run over by a truck. The driver was arrested on suspicion of homicide.

> The death of Cecilia, a 47-year-old trans woman, which occurred in the early hours of May 1st at the intersection of routes 11 and 12, in Gualeguay, is being investigated by the Justice system under different hypotheses, including that of a homicide aggravated by her gender identity.
> 
> The initial report to the police indicated a possible traffic accident: a truck driver had allegedly run over the victim without noticing and continued driving. Cecilia's body lay on the asphalt. ""The incident came to light around 1 am, when police officers responded to the scene after discovering a deceased person,"" reported the newspaper El Debate Pregón.
> 
> However, as the initial investigations progressed, doubts began to emerge about that initial version. The case was assigned to prosecutor Mariángeles Schell, who went to the scene and ordered an autopsy. She also ordered a series of measures that allowed progress reconstructing the events.
> 
> The truck driver, a man in his fifties who works for a company in Crespo, did not stop after the incident. He was located hours later near General Galarza and was taken into custody at the Gualeguay Police Headquarters.
> 
> As the hours passed, the hypothesis of a simple accident began to lose traction. One line of investigation suggests that the victim had a prior encounter with the truck driver and that, after an argument related to payment for sexual services, the man tried to leave. According to the preliminary reconstruction, Cecilia attempted to prevent the vehicle from leaving by grabbing onto it, at which point she was dragged and subsequently run over. If this sequence of events is confirmed, the accidental death hypothesis would be definitively ruled out.
> 
> The case sparked a strong reaction from social organizations. Diversidad Gualeguay demanded that the case be investigated with a gender and diversity perspective, and that the incident not be reduced to a mere traffic accident.
> 
> ""Cecilia died at work. She died exposed to the violence and precariousness faced by so many trans women,"" they stated in a press release. They also demanded that, should a motive linked to hatred based on gender identity be proven, the act be classified as a transvesticide or transfemicide.

https://entreriosahora.com/prision-domiciliaria-para-el-camionero-acusado-de-travesticidio/

https://www.elonce.com/sociedad/exigieron-justicia-por-cecilia-cardona-y-reclamaron-que-se-investigue-un-transfemicidio.htm

https://www.elonce.com/policiales/familia-pide-justicia-y-exige-que-se-investigue-posible-travesticidio-en-gualeguay-no-fue-un-accidente.htm

https://www.diariodebatepregon.com/locales/marchan-para-exigir-justicia-por-el-transfemicidio-de-cecilia-cardona

https://www.unoentrerios.com.ar/policiales/gualeguay-liberaron-al-camionero-acusado-la-muerte-cecilia-y-convocan-una-marcha-n10258084.html

https://www.diariodebatepregon.com/locales/la-fiscalia-investiga-si-hubo-un-crimen-detras-del-choque-fatal

https://www.paralelo32.com.ar/gualeguay-investigan-la-muerte-de-una-mujer-trans-y-crece-la-hipotesis-de-transfemicidio

https://entreriosahora.com/un-accidente-que-se-investiga-como-travesticidio/","Cecilia Cardona died after being run over by a truck in Gualeguay, Entre Rios (Argentina) on 1 May 2026. The driver was arrested on suspicion of homicide.

She was 47. #SayHerName #TransLivesMatter #TDoR",https://tdor.translivesmatter.info/reports/2026/05/01/cecilia-cardona_gualeguay-entre-rios-argentina_66289a3a,qrcodes/66289a3a.png
Dayana Pavón,,,photos/2026_05_02_Dayana-Pavon.jpg,https://proceso.hn/en-extranas-circunstancias-hallan-muerto-a-joven-trans-en-el-sur-de-honduras/,thumbnails/2026_05_02_Dayana-Pavon.jpg,2 May 2026,,"Nacaome, Valle",Honduras,HN,13.5406589,-87.48138536,violence,hanged,"Dayana was found dead in her home in suspicious circumstances.

> Tegucigalpa – A young transgender person was found dead under strange circumstances in Nacaome, in southern Honduras, it was reported this Saturday.
>
> The victim's name was [deadname] Pavón, who was found hanging from a beam in his home in the Sor Dionisia neighborhood.
>
> The deceased, better known as 'Dayana', reportedly suffered injuries before being hanged from a beam, but this is under investigation by security authorities.
>
> It is estimated that between 2004 and 2025 (21 years), around 600 people lost their lives violently, including some 335 gay men, 156 trans women, and also lesbian women, bisexual men and trans men died in violent circumstances.
>
> At least six homicides are recorded daily in Honduras, according to official counts from the Violence Observatory of the National Autonomous University of Honduras (UNAH). JS

https://proceso.hn/en-extranas-circunstancias-hallan-muerto-a-joven-trans-en-el-sur-de-honduras/

https://noticias247.hn/hallan-sin-vida-a-dayana-dentro-de-su-casa-en-nacaome.html

https://hondurasalinstante.com/2026/05/02/misterio-rodea-la-muerte-de-persona-lgbtiq-en-nacaome/

https://www.facebook.com/VHPAVON/posts/en-extra%C3%B1as-circunstancias-hallan-muerto-a-joven-trans-en-el-sur-de-hondurasun-j/1542166187276197/

https://www.facebook.com/100075961597810/photos/el-joven-trans-rony-pavon-conocido-como-dayana-lo-encuentran-sin-vida-colgando-d/999142489294462/

https://www.facebook.com/100075961597810/posts/el-joven-trans-rony-pavon-conocido-como-dayana-lo-encuentran-sin-vida-colgando-d/999142509294460/

https://www.facebook.com/sanmarcosdecolon.hn/photos/el-joven-trans-rony-pavon-conocido-como-dayana-lo-encuentran-sin-vida-colgando-d/1301330728770365/","Dayana Pavón was found dead in suspicious circumstances in her home in Nacaome, Valle (Honduras) on 2 May 2026.",https://tdor.translivesmatter.info/reports/2026/05/02/dayana-pavon_nacaome-valle-honduras_a840067d,qrcodes/a840067d.png
Marcus Noah Mejía,22,,photos/2026_05_03_Marcus-Noah-Mejia.jpg,https://web.archive.org/web/20260504081703/https://www.elheraldo.hn/fotogalerias/sucesos/marcus-noah-miembro-comunidad-lgtb-asesinado-juticalpa-olancho-BE30435554?utm_source=copilot.com,thumbnails/2026_05_03_Marcus-Noah-Mejia.jpg,3 May 2026,,"Juticalpa, Olancho",Honduras,HN,14.65680457,-86.21543788,violence,shot,"Marcus's body was found on a dirt road. He had been shot.

> Tegucigalpa – A member of the LGBT community was shot and killed in the Guanacaste residential area in Juticalpa, Olancho department, eastern Honduras. She is the second member of the LGBT community to be murdered in 24 hours in Honduras.
> 
> The victim was identified as Marcos Noé Mejía (22), who had suffered multiple gunshot wounds. His body was found lying on a dirt road in the aforementioned area. The deceased was wearing a wig, jeans, and a blue shirt.
> 
> Less than 24 hours ago, it was reported that another young trans person was found dead under strange circumstances in Nacaome, in southern Honduras. The victim's name was [[Dayana] Pavón](https://tdor.translivesmatter.info/reports/2026/05/02/dayana-pavon_nacaome-valle-honduras_a840067d).
> 
> It is estimated that between 2004 and 2025 (21 years), around 600 people lost their lives violently, including approximately 335 gay men, 156 transgender women, and also lesbian women, bisexual men, and transgender men who died in violent circumstances.

https://oncenoticias.hn/nacionales/acribilln-a-miembro-del-colectivo-lgbt-en-jutiapa-olancho/

https://www.elpais.hn/honduras-suma-dos-muertes-de-personas-trans-en-menos-de-24-horas/

https://www.latribuna.hn/2026/05/03/con-arma-de-fuego-acribillan-a-miembro-lgtb-en-juticalpa/

https://proceso.hn/ejecutado-a-balazos-encuentran-a-miembro-de-la-comunidad-lgtb-en-juticalpa/

https://www.elheraldo.hn/sucesos/asesinan-joven-comunidad-lgtbi-juticalpa-PE30435129

https://www.elheraldo.hn/fotogalerias/sucesos/marcus-noah-miembro-comunidad-lgtb-asesinado-juticalpa-olancho-BE30435554

https://www.facebook.com/19CDN/posts/noticiascdn-juticalpa-olancho-un-joven-de-22-a%C3%B1os-identificado-como-marcos-no%C3%A9-m/1621993149931334/

https://www.facebook.com/Lavozcanal51honduras/posts/ampliamos-la-v%C3%ADctima-es-preliminarmente-identificado-como-marcos-no%C3%A9-mej%C3%ADa-mej%C3%ADa/1599028875558429/

https://www.facebook.com/Guayapetv/photos/ampliamos-la-v%C3%ADctima-es-preliminarmente-identificado-como-marcos-no%C3%A9-mej%C3%ADa-mej%C3%ADa/1306846921544273/

https://www.facebook.com/masntvhn/posts/mntv-joven-asesinado-en-juticalpa-en-horas-de-la-ma%C3%B1ana-de-este-domingo-fue-enco/989222363986852/","The body of Marcus Noah Mejía was found on a dirt road in Juticalpa, Olancho (Honduras) on 3 May 2026.

He was 22. #SayHisName #TransLivesMatter #TDoR",https://tdor.translivesmatter.info/reports/2026/05/03/marcus-noah-mejia_juticalpa-olancho-honduras_190ebd0a,qrcodes/190ebd0a.png
Bianka Acsa Rosa da Fonseca,36,,photos/2026_05_03_Bianka-Acsa-Rosa-da-Fonseca.jpg,https://plox.com.br/noticia/04/05/2026/bianka-acsa-mulher-trans-morta-ataque-curvelo-minas-gerais,thumbnails/2026_05_03_Bianka-Acsa-Rosa-da-Fonseca.jpg,3 May 2026,,"Curvelo, Minas Gerais",Brazil,BR,-18.75819414,-44.43577707,violence,burned,"Bianka died after suffering severe burns in an arson attack on her home on 7th April. She was a teacher at the Alcides Lins State School.

A suspect is in custody. Apparently he is an ex-partner of Bianka's partner.

> A transgender woman who suffered burns to approximately 80% of her body after an attack in Curvelo, in the Central region of Minas Gerais, on April 7th, died this Sunday (May 3rd). She was undergoing treatment in Belo Horizonte, but did not survive the consequences of her injuries.
> 
> The death has been confirmed by the Interventor Alcides Lins State School, where the victim worked as a teacher. In a statement, the institution lamented the teacher's death and highlighted her career within the school community.
> 
> According to the Civil Police, three days after the crime, a 25-year-old man was arrested, suspected of attempting to kill his ex-partner and also injuring the teacher, who suffered burns to approximately 80% of her body. The motive, according to the investigation, was...jealousy.
> 
> Bianka, 36, was not the intended target of the attack. Investigations indicate that the suspect planned the attack against his ex-partner, an 18-year- old who is currently the victim's partner. By using a flammable substance and setting fire to the property, the flames engulfed the teacher.
> 
> The young man identified as the target of the attack was unharmed, despite being in the house at the time of the fire. According to police chief Rodrigo Vieira Antunes, the suspect had previously made threats against his ex-partner.
> 
> After the attack, the man fled, but was located and arrested by the Civil Police after the court authorized his preventive detention. According to the police chief, the corporation highlighted the seriousness of the action and informed that the investigations continue for the complete clarification of the case.

https://correiodeminas.com.br/2026/05/04/morre-mulher-trans-que-teve-80-do-corpo-queimado-ha-um-mes-em-mg/

https://plox.com.br/noticia/04/05/2026/bianka-acsa-mulher-trans-morta-ataque-curvelo-minas-gerais

https://setelagoas.com.br/noticias/regiao/curvelo/272693-caso-de-mulher-trans-que-teve-o-corpo-queimado-apos-ataque-em-curvelo-evolui-para-homicidio-consumado/

https://setelagoas.com.br/noticias/regiao/curvelo/272693-caso-de-mulher-trans-que-teve-o-corpo-queimado-apos-ataque-em-curvelo-evolui-para-homicidio-consumado/

https://plox.com.br/noticia/04/05/2026/professora-trans-morre-apos-ataque-incendiario-em-curvelo-minas-gerais

https://tvbetim.com.br/mulher-trans-que-teve-80-do-corpo-queimado-apos-ataque-em-curvelo-morre-no-hospital/

https://www.em.com.br/gerais/2026/05/7411506-morre-em-bh-mulher-trans-que-teve-80-do-corpo-queimado-em-curvelo.html

https://180graus.com/plantao-policial/mulher-trans-morre-apos-ter-80-do-corpo-queimado-em-ataque-motivado-por-ciumes/

https://www.correiobraziliense.com.br/brasil/2026/05/7411562-morre-em-bh-mulher-trans-que-teve-80-do-corpo-queimado.html

https://reportermaceio.com.br/mulher-trans-e-morta-em-belo-horizonte-apos-ataque-brutal-investigacao-revela-ciumes-como-motivacao-do-crime/

https://pordentrodeminas.com.br/noticias/gerais/2026/05/mulher-trans-morre-com-80-do-corpo-queimado-apos-ataque-motivado-por-ciume-em-mg/

https://reportermaceio.com.br/mulher-trans-e-morta-em-belo-horizonte-apos-ataque-brutal-investigacao-revela-ciumes-como-motivacao-do-crime/

https://www.otempo.com.br/cidades/2026/5/4/morre-mulher-trans-que-teve-80-do-corpo-queimado-ha-um-mes-em-mg

https://g1.globo.com/google/amp/mg/grande-minas/noticia/2026/05/04/mulher-trans-que-teve-80percent-do-corpo-queimado-apos-ataque-em-curvelo-morre-no-hospital.ghtml

https://noticias.r7.com/minas-gerais/mulher-trans-morre-apos-quase-um-mes-internada-com-80-do-corpo-queimado-em-bh-04052026/

https://www.metropoles.com/minas-gerais/mulher-trans-morre-com-80-do-corpo-queimado-apos-ser-atacada-em-mg

https://setelagoas.com.br/noticias/regiao/curvelo/272693-caso-de-mulher-trans-que-teve-o-corpo-queimado-apos-ataque-em-curvelo-evolui-para-homicidio-consumado/

https://g1.globo.com/mg/grande-minas/noticia/2026/04/07/mulher-trans-tem-80percent-do-corpo-queimado-apos-casa-ser-invadida-e-incendiada-em-curvelo.ghtml

https://setelagoas.com.br/noticias/regiao/curvelo/269857-ataque-em-curvelo-deixa-mulher-trans-com-80-do-corpo-queimado/

https://www.megacidade.com/noticia/66647/mulher-trans-sofre-ataque-em-curvelo-e-tem-80-do-corpo-queimado","Bianka Acsa Rosa da Fonseca died in hospital in Curvelo, Minas Gerais (Brazil) on 3 May 2026 after suffering severe burns in an arson attack on her home four weeks earlier.

She was 36, and a teacher at the Alcides Lins State School. #SayHerName #TransLivesMatter #TDoR",https://tdor.translivesmatter.info/reports/2026/05/03/bianka-acsa-rosa-da-fonseca_curvelo-minas-gerais-brazil_d1150137,qrcodes/d1150137.png
Emanuelle Samira Fernandes Neta,27,,photos/2026_05_04_Emanuelle-Samira-Fernandes-Neta.jpg,https://saibamais.jor.br/2026/05/mulher-trans-e-assassinada-dentro-de-casa-em-mossoro-cinco-sao-suspeitos/,thumbnails/2026_05_04_Emanuelle-Samira-Fernandes-Neta.jpg,4 May 2026,,"Mossoró, Rio Grande do Norte",Brazil,BR,-5.16955415,-37.33888772,violence,murdered,"Samira was killed while sleeping by assailants who broke into her home. She was an artist who had presented her work at the III Potiguar Trans Visibility Conference in 2021.

> A trans woman was killed in the early hours of Monday (4) in the Dom Jaime Câmara neighborhood, in Mossoró, in the western region of Rio Grande do Norte. The victim was identified as Emanuelle Samira Fernandes Neta, 27 years old. According to the police, the crime happened in the early hours of the morning, when five men broke into the house where Samira was sleeping, on Rua Vivaldo Dantas, and executed her inside the property.
> 
> The body was found by military police officers during a routine patrol. As they passed by the street, the officers noticed the door of the residence was open and decided to investigate. Inside the house, they found Samira already lifeless. During the investigation, police identified suspects attempting to flee immediately after the crime. Four men escaped on foot towards a wooded area. A fifth suspect tried to leave the scene in a car and was intercepted by police. There was an exchange of gunfire during the chase. The getaway vehicle was left with bullet holes and damage to its rear. The driver was arrested, and police seized a pistol from him.
> 
> After being tken to the police station the man was questioned and then transferred to the prison system. According to investigators he is suspected of providing logistical support to the group, assisting the transportation and escape of those involved. Police are investigating his involvement in the murder. The suspect was charged with discharging a firearm and armed criminal association.
> 
> On social media, ATTRANSPARÊNCIA/RN mourned Samira's death and offered condolences. In a post, the organization highlighted the victim's artistic career and recalled her participation in actions aimed at trans visibility in the state.
> 
> The organization also recalled that Samira was honored during the III Potiguar Trans Visibility Conference, held in Mossoró in 2021, where she presented a repertoire of her own compositions. ""We bid farewell to this trans artist with immense sadness and sorrow,"" the organization wrote.

https://www.esquerdadiario.com.br/Justica-por-Emanuelle-Samira-que-a-revolta-contra-a-transfobia-pare-escolas-universidades-e-locais

https://saibamais.jor.br/2026/05/mulher-trans-e-assassinada-dentro-de-casa-em-mossoro-cinco-sao-suspeitos/

https://pontanegranews.com.br/2026/05/04/mulher-trans-e-encontrada-morta-com-sinais-de-violencia-dentro-de-casa-em-mossoro/

https://x.com/IcemCaraubas/status/2051317124858097906

https://www.youtube.com/watch?v=xzHRJOMaqNM","Emanuelle Samira Fernandes Neta was killed while asleep by five unidentified assilants who broke into her home n Mossoró, Rio Grande do Norte (Brazil) on 4 May 2026.
 
She was 27, and an artist who had presented her work at the III Potiguar Trans Visibility Conference in Mossoró ",https://tdor.translivesmatter.info/reports/2026/05/04/emanuelle-samira-fernandes-neta_mossoro-rio-grande-do-norte-brazil_24ad5909,qrcodes/24ad5909.png
Sherazade,,,,,trans_flag.jpg,4 May 2026,,"Posorja, Guayas",Ecuador,EC,-2.70986474,-80.25186545,violence,shot,"Sherazade was reportedly shot in the La Poza area of Posorja. No other information is known.

> Asociación Silueta X has registered, via Observatorio Runa Sipiy, the murder of a trans woman in Posorja, Guayas province. The victim has been identified as Sherazade, a transgender woman from Ecuador. She was murdered in a high-crime area known locally as ""La Poza"" within Posorja. Local activist groups, who preferred to remain anonymous, stated that she was shot in the head. There is no information indicating that the Attorney General's Office has opened an investigation or that any suspects have been arrested.
> 
> According to the Runa Sipiy Observatory's analysis, the Posorja/""La Poza"" sector in the Playas canton represents a new area of risk, adding to the critical zones already identified on the national map of violence against transgender people. The lack of active judicial investigation, its location in an area difficult for institutional control, and the limited media coverage of the incident constitute what the Observatory calls a new area of risk.

https://siluetax.org/2026/05/04/transfemicidio-mujer-trans-asesinada-de-un-disparo-en-la-cabeza-en-posorja-guayas-ecuador/

https://www.facebook.com/SiluetaX/posts/transfemicidio-mujer-trans-asesinada-de-un-disparo-en-la-cabeza-en-posorja-guaya/1444606117711019/","Sherazade was reportedly shot in the La Poza area of Posorja, Guayas (Ecuador) on 4 May 2026. #SayHerName #TTransLivesMatter #TDoR",https://tdor.translivesmatter.info/reports/2026/05/04/sherazade_posorja-guayas-ecuador_8ac1333c,qrcodes/8ac1333c.png
Hailie ""Spot"" Singleton,29,,photos/2026_05_05_Hailie-Spot-Singleton.jpg,https://www.them.us/story/trans-victim-homicide-central-florida-mommie-spotsy-king,thumbnails/2026_05_05_Hailie-Spot-Singleton.jpg,5 May 2026,,"Dunnellon, Florida",USA,US,29.05390079,-82.45694596,violence,shot,"Hailie's body was found on a dirt road. Media reporting of their murder was almost nonexistant and failed to recognise the reality of their nuanced and complex trans identity.

> Hailey Singleton had multiple names. Their trans identity was nuanced and complex. In fact, all identities are, a reality that terrifies some people.
> 
> On May 5, 2026, Hailey’s body was found along again a dirt road in Dunnellon, Florida. A call was made to 911 around 4 PM. They died from gunshot injuries. No suspect has been identified.
> 
> Initial reporting misgendered and deadnamed Hailey. This was not a nuanced response to complex identity. It was the typical binary lens law enforcement clings to in spite of the facts. The media follows suit.
> 
> They were born in Tucson, Arizona. Hailey attended Palo Verde High School in a career and technical education program. They moved to Florida around 2020. Some social media posts indicate they were considering moving to another city.
> 
> According to their socials, Hailey was a fan of cars and art.  They followed several social media influencers.
> 
> They are described in loving terms by friends and family as someone who would give the shirt off their back to help someone.
> 
> Hailey used the name Mommie Spotsie King. Several media outlets have published their assigned name, but we have chosen not to do so.
> 
> Hailey’s whole identity should be celebrated and acknowledged.

https://www.pghlesbian.com/2026/05/the-media-failed-when-reporting-the-shooting-death-of-trans-person-hailey-singleton/

https://www.them.us/story/trans-victim-homicide-central-florida-mommie-spotsy-king

https://www.ocala-news.com/2026/05/06/homicide-of-transgender-29-year-old-being-investigated-by-marion-detectives/

https://www.gofundme.com/f/memorial-funeral-for-spot-hailey

https://www.instagram.com/p/DYC8_mymudD/

https://www.instagram.com/p/DYFWkNDjg4B/

https://www.facebook.com/mcsoflorida/posts/updatecurrently-this-case-is-being-investigated-as-a-homicide-detectives-identif/1440681278103163/","The body of Hailie ""Spot"" Singleton was found on a dirt road in Dunnellon, Florida (USA) on 5 May 2026.

They were 29. Media reporting of their murder was almost nonexistant and failed to recognise the reality of their nuanced and complex trans identity. #SayTheirName #TransLives",https://tdor.translivesmatter.info/reports/2026/05/05/hailie-spot-singleton_dunnellon-florida-usa_232f2228,qrcodes/232f2228.png
Mariana Ballesteros Restrepo,19,,photos/2026_05_07_Mariana-Ballesteros-Restrepo.jpg,https://www.elcolombiano.com/antioquia/homicidio-mujer-trans-en-bello-despues-de-rumba-en-su-casa-BA36278180,thumbnails/2026_05_07_Mariana-Ballesteros-Restrepo.jpg,7 May 2026,,"Bello, Antioquia",Colombia,CO,6.35501131,-75.56928915,violence,shot,"Mariana died on the way to hospital after being shot as she left a residence where she had been meeting friends and family.

> A gunshot left Mariana Ballesteros Restrepo, a 19-year-old trans woman, seriously injured as she had just left a house where a meeting between friends and family had been taking place since the previous night.
> 
> The attack occurred around 3:00 am this Thursday, in the vicinity of Carrera 66 with Calle 79, an area close to the road that connects the urban area of Bello with the township of San Félix, in Antioquia.
> 
> According to authorities, two men traveling on a motorcycle approached the young woman and one of them fired a gun before fleeing the scene.
> 
> Witnesses reported that Mariana fell injured in the middle of the street while bystanders tried to help her and desperately called for assistance. Officers from the Valadares Police Station arrived minutes later after receiving an alert from the community.
> 
> When the police arrived at the scene, the young woman still had vital signs, so she was rushed to Marco Fidel Suárez Hospital. However, the severity of her injuries prevented her from receiving specialized medical attention. Sources close to the case indicated that Mariana died during the journey to the medical center due to the large amount of blood she lost after the gunshot wound.
> 
> Mariana's death sparked outrage among human rights organizations and LGBTIQ+ groups, who called for swift investigations and for the case to be addressed with a gender perspective.

Authorities offered a reward of 30 million pesos for information leading  to the arrest of those responsible for the murders of Mariana and the social leader Sandra Cecilia Nogales.

https://caracol.com.co/2026/05/10/bello-reforzo-seguridad-y-ofrecio-recompensa-tras-asesinatos-de-lideresa-y-mujer-trans/

https://www.teleantioquia.co/noticias/ofrecen-recompensa-de-30-millones-para-esclarecer-los-homicidios-de-una-lider-social-y-una-mujer-trans-en-bello-571142

https://paisa.alerta.com.co/judiciales/antioquia-recompensa-por-asesinos-trans-lideresa-social-241690

https://www.bluradio.com/regiones/antioquia/hasta-30-millones-de-pesos-ofrecen-para-esclarecer-asinato-de-dos-mujeres-en-bello-antioquia-rg10

https://www.infobae.com/colombia/2026/05/10/alcaldia-de-bello-ofrece-recompensa-tras-asesinatos-de-lideresa-social-y-mujer-trans-seguiremos-redoblando-esfuerzos-para-fortalecer-las-estrategias-de-seguridad/

https://www.infobae.com/colombia/2026/05/10/alcaldia-de-bello-ofrece-recompensa-tras-asesinatos-de-lideresa-social-y-mujer-trans-seguiremos-redoblando-esfuerzos-para-fortalecer-las-estrategias-de-seguridad/

https://www.bluradio.com/regiones/antioquia/ofrecen-30-millones-para-esclarecer-crimen-de-lideresa-social-y-mujer-trans-en-bello-rg10

https://kesedice.com/pais/sicarios-acabaron-con-la-vida-de-mariana-ballesteros-una-joven-trans-de-19-anos-7U4MM8B0

https://qhubomedellin.com/actualidad/judicial/mariana-ballesteros-mujer-trans-de-19-anos-la-mataron-en-bello-GP36284057

https://www.diarioadn.co/noticias/alcaldia-de-bello-rechaza-asesinato-de-mariana-ballesteros-mujer-trans-de-19-anos-atacada+articulo+73891

https://caracol.com.co/2026/05/07/no-queremos-mas-hermanas-asesinadas-activistas-de-la-comunidad-lgbtiq-tras-crimen-en-bello/

https://www.vanguardia.com/judicial/2026/05/07/joven-trans-fue-baleada-al-salir-de-su-casa-en-bello-investigan-que-paso/

https://www.eluniversal.com.co/sucesos/2026/05/07/mariana-ballesteros-la-joven-trans-que-le-quitaron-la-vida-cuando-salia-de-su-casa/

https://www.elcolombiano.com/antioquia/homicidio-mujer-trans-en-bello-despues-de-rumba-en-su-casa-BA36278180

https://paisa.alerta.com.co/judiciales/asesinan-a-mujer-trans-en-bello-a-un-ano-del-caso-sara-millerey-241429

https://h13n.com/asesinaron-a-mariana-en-bello-mujer-trans-de-19-anos/

https://caracol.com.co/2026/05/07/investigan-asesinato-de-mariana-ballesteros-mujer-trans-de-19-anos-en-bello/

https://www.elcolombiano.com/antioquia/homicidio-mujer-trans-en-bello-despues-de-rumba-en-su-casa-BA36278180

https://www.teleantioquia.co/noticias/asesinaron-a-otra-mujer-trans-en-bello-joven-de-19-anos-fue-atacada-con-arma-de-fuego-a-la-salida-de-su-casa-570167

https://www.bluradio.com/regiones/antioquia/asesinan-a-una-mujer-trans-en-el-municipio-de-bello-antioquia-en-un-ataque-sicarial-rg10

https://www.facebook.com/caribeafirmativo/posts/pfbid021ak7fbv7JRfr9aJhT7Daaeahyhino8tjWNNVtm4ick9twWhGQSj43YNtjjK56onwl

https://www.instagram.com/p/DYGIez7iJH5/","Mariana Ballesteros Restrepo died on the way to hospital after being shot as she left a residence in Bello, Antioquia (Colombia) on 7 May 2026.

She was 19. #SayHerName #TransLivesMatter #TDoR",https://tdor.translivesmatter.info/reports/2026/05/07/mariana-ballesteros-restrepo_bello-antioquia-colombia_21223ea1,qrcodes/21223ea1.png
Radhika Jadhav,35,,,,trans_flag.jpg,7 May 2026,,"Nagpur, Maharashtra",India,IN,21.128142,79.09697725,suicide,suicide,"Radhika died by suicide in hospital. Reportedly she was suffering severe pain after a double leg amputation following a severe injury two weeks earlier.

> Nagpur: A 35-year-old transperson, Radhika Jadhav, died by suicide inside ward no. 17 of Government Medical College and Hospital (GMCH) on Thursday morning.
> 
> Police said Radhika, a resident of Nandgaon Peth in Amravati, was a train beggar. On April 23, she accidentally fell off a moving train near Badnera railway station, suffering severe injuries that led to the amputation of both her legs. She was initially admitted to a local hospital and later shifted to GMCH Nagpur. According to hospital sources,
> 
> Radhika had been suffering severe pain and complications following the double amputation. In the early hours of Thursday, she recorded a poignant voice note on her mobile phone expressing her distress.
> 
> Investigators said she was believed to have died around 1.10am. The body was noticed around 7am after hospital staff found Radhika missing from the bed. Doctors later declared her dead. A companion had been staying with her in the ward during recovery.
> 
> Ajni Police have registered an accidental death report and begun an inquiry. Officers said no foul play is suspected so far. The voice recording is being examined, and statements are being taken from the companion and hospital staff. The body has been sent for post-mortem.

https://timesofindia.indiatimes.com/city/nagpur/transperson-loses-legs-dies-by-suicide/articleshow/130921532.cms

https://thelivenagpur.com/2026/05/07/transgender-person-dies-by-suicide-at-gmch-nagpur/","Radhika Jadhav died by suicide in hospital in Ngpur, Maharashtra (India) on 7 May 2026. Reportedly she was suffering severe pain after a double leg amputation following a severe injury two weeks earlier.

She was 35. #SayHerName #TransLivesMatter #TDoR",https://tdor.translivesmatter.info/reports/2026/05/07/radhika-jadhav_nagpur-maharashtra-india_63ff0cbc,qrcodes/63ff0cbc.png
Daniela Rave Rico,23,,photos/2026_05_07_Daniela-Rave-Rico.jpg,https://www.elcolombiano.com/antioquia/asesinato-daniela-rave-mujer-trans-angelopolis-AC36348932,thumbnails/2026_05_07_Daniela-Rave-Rico.jpg,7 May 2026,,"Angelópolis, Antioquia",Colombia,CO,6.11123836,-75.71007491,violence,shot,"Daniela's body was found after she had been reported missing.

> Authorities are investigating the murder of Daniela Rave Rico, a 23-year-old trans woman, whose body was found lifeless on the night of Thursday, May 7, about ten minutes from the urban center of the Santa Rita village in the municipality of Angelópolis to the southwest of Antioquia, after her family reported her missing.
>
> The case is related to an incident that occurred hours earlier in the same location. According to the testimony of Jojan David Sosa Cardona - who was treated for a gunshot wound at 5:55 p.m. on Wednesday— he and Daniela, his partner, were in the area when an unknown man approached them, told them they couldn't be there, and, without saying another word, shot them. Sosa Cardona was taken to a medical center; hours later, authorities found Daniela's body. Daniela's family and friends have posted farewell messages on social media and are demanding that the case not go unpunished.
>
> The murder comes amid a worrying increase in violence against transgender women in Colombia. It is the second murder of a transgender woman in Antioquia this week. The first was that of [Mariana Ballesteros](https://tdor.translivesmatter.info/reports/2026/05/07/mariana-ballesteros-restrepo_bello-antioquia-colombia_21223ea1) who was shot outside her home in the municipality of Bello.

https://noticaribe.co/hallaron-muerta-a-daniela-rave-mujer-trans-reportada-como-desaparecida-en-antioquia/

https://paisa.alerta.com.co/judiciales/antioquia-segunda-mujer-trans-asesinada-en-una-semana-241611

https://kesedice.com/pais/hallan-sin-vida-a-una-mujer-trans-que-habia-sido-reportada-como-desaparecida-URL97NLG

https://www.pulzo.com/nacion/asesinato-de-daniela-rave-rico-segundo-transfeminicidio-en-antioquia-alerta-sobre-violencia-lgbtiq-PP5173856A

https://www.elcolombiano.com/antioquia/asesinato-daniela-rave-mujer-trans-angelopolis-AC36348932

https://h13n.com/asesinaron-a-daniela-una-mujer-trans-de-23-anos-en-angelopolis-llevaban-varios-dias-buscandola/

https://www.minuto30.com/conmocion-en-angelopolis-hallan-sin-vida-a-daniela-joven-trans-de-23-anos-reportada-como-desaparecida/1706547/

https://x.com/elcolombiano/status/2052937750366593365","The body of Daniela Rave Rico was found in Angelópolis, Antioquia (Colombia) on 7 May 2026.

She was 23. #SayHerName #TransLivesMatter #TDoR",https://tdor.translivesmatter.info/reports/2026/05/07/daniela-rave-rico_angelopolis-antioquia-colombia_00c7cef0,qrcodes/00c7cef0.png
Esthefanía Delgado (""Fanny""),27,,photos/2026_05_07_Esthefania-Delgado.jpg,https://www.milenio.com/comunidad/localizan-a-mujer-trans-en-domicilio-de-mexicaltzingo-edomex,thumbnails/2026_05_07_Esthefania-Delgado.jpg,7 May 2026,,"Mexicaltzingo, Estado de México",Mexico,MX,19.21385553,-99.58835432,violence,stabbed,"Esthefanía was found dead in her home. She was a Tiktok influencer and dancer known as 'The girl with the bluuu hair'.

> A transgender woman identified as Fanny 'N', known on social media as 'The girl with the bluuu hair', was found dead inside  her home located in the municipality of Mexicaltzingo, State of Mexico, on Thursday afternoon.
> 
> According to initial reports, the 27-year-old victim was found in a building located on calle Josefa Ortiz de Domínguez. The body showed signs of violence apparently caused by a bladed weapon.
> 
> Paramedics arrived at the scene to provide first aid but confirmed that the young woman no longer had vital signs. No arrests have been reported so far. Authorities have already begun investigating to determine the motive for the crime, which could be investigated under the transfeminicide protocol.
> 
> 'The girl with the blue hair' was known for her characteristic blue hair, as she presented herself in videos she uploaded to the TikTok platform, where she can be seen as a dancer at events and sound system dances. She also gave dance classes and choreographed dances for various social events in the municipality of Mexicaltzingo.
> 
> Following the confirmation of her death, several sonidero dance groups mourned her passing and expressed their condolences to her family.
> 
> “Sound Dancers at Heart, we join in mourning the passing of a great dancer, who today joins the Creator on another dance floor. Our prayers and affection are with her family and with all of us who remember her with love and admiration,” they posted.
>
> They said that Fanny will be remembered for her great charisma and skill. ""Her passing leaves a great void among family, friends, and the entire community that knew her and shared moments with her. She will always be remembered for her charisma, joy, and presence within the sound system scene.""

https://www.eluniversal.com.mx/metropoli/suman-dos-muertes-de-mujeres-trans-en-una-semana/

https://oem.com.mx/elsoldetoluca/local/entre-musica-y-banderas-trans-despiden-a-fanny-en-mexicaltzingo-exigen-justicia-29899250

https://pulsoslp.com.mx/nacional/despedida-de-fanny-mujer-transexual-asesinada-en-mexicaltzingo/2046058

https://www.eluniversal.com.mx/metropoli/entre-aplausos-y-porras-familia-y-amigos-despiden-a-fanny-mujer-trans-asesinada-en-edomex-exigen-esclarecer-el-caso/

https://www.msn.com/es-mx/noticias/mexico/hallan-muerta-a-mujer-trans-conocida-como-la-chica-del-pelo-bluuu-en-mexicaltzingo/ar-AA22EdHY

https://www.sdpnoticias.com/estados/edomex/hallan-sin-vida-a-fanny-delgado-la-chica-del-pelo-bluuu-y-activista-trans/

https://netnoticias.mx/espectaculos/asesinan-a-la-chica-del-pelo-bluuu-influencer-y-activista-trans-en-el-edomex

https://netnoticias.mx/espectaculos/asesinan-a-la-chica-del-pelo-bluuu-influencer-y-activista-trans-en-el-edomex

https://www.zocalo.com.mx/exigen-justicia-por-el-transfeminicidio-de-fanny-la-chica-del-pelo-blue-en-edomex/

https://elvalle.com.mx/2026/05/08/le-arrebatan-la-vida-a-mujer-transexual-en-mexicaltzingo/

https://www.milenio.com/comunidad/exigen-justicia-por-el-asesinato-de-fanny-mujer-trans-en-mexicaltzingo

https://puebla.contrareplica.mx/nota-Investigan-posible-transfeminicidio-tras-hallazgo-de-joven-en-Mexicaltzingo20268525

https://diariobasta.com/2026/05/08/acuchillan-a-chica-trans-en-mexicaltzingo/

https://entornoinformativo.com.mx/investigan-muerte-de-la-chica-del-pelo-bluuu-influencer-y-activista-trans-del-edomex/

https://edomex.quadratin.com.mx/indagan-deceso-de-influencer-trans-hallada-en-vivienda-de-mexicaltzingo/

https://yucatanalamano.com/encuentran-muerta-a-la-influencer-la-chica-del-pelo-bluuu/

https://fm105.com.mx/hallan-muerta-a-la-influencer-la-chica-del-pelo-bluuu-en-el-estado-de-mexico/

https://losnoticieristas.com/nacional/2026/05/herida-de-arma-blanca-encuentran-sin-vida-a-mujer-transexual-conocida-como-la-chica-del-pelo-bluuu-en-edomex-1050024/

https://oem.com.mx/la-prensa/policiaca/mujer-transexual-encontrada-muerta-con-golpes-y-punaladas-en-mexicaltzingo-29869697

https://sintesis.yoporlajusticia.gob.mx/2026/05/08/encuentran-asesinada-a-la-chica-del-pelo-blu-tiktoker-trans-dentro-de-su-vivienda-en-mexicaltzingo/

https://lopezdoriga.com/nacional/encuentran-muerta-a-la-influencer-la-chica-del-pelo-bluuu/

https://quierotv.mx/2026/05/07/la-chica-del-pelo-blue-hallan-muerta-a-influencer-trans

https://comunicacionxxi.com/mexicaltzingo-sacudido-por-asesinato-de-influencer-trans/

https://comunicadores.mx/2026/05/07/reportan-feminicidio-de-chica-trans-en-mexicaltzingo/

https://www.milenio.com/comunidad/localizan-a-mujer-trans-en-domicilio-de-mexicaltzingo-edomex

https://seunonoticias.mx/2026/05/07/mujer-trans-asesinada-mexicaltzingo-fanny/

https://afondoedomex.com/urgente-matan-en-su-departamento-a-una-mujer-trans-conocida-como-la-chica-del-pelo-blue/

https://www.digitalmex.mx/seguridad/story/67158/encuentran-asesinada-tiktoker-trans-vivienda-mexicaltzingo

https://oem.com.mx/elsoldetoluca/local/localizan-a-una-mujer-trans-muerta-en-una-vivienda-de-mexicaltzingo-29865057

https://www.facebook.com/MilenioDiario/posts/exigen-justicia-por-asesinatos-de-dos-personas-lgbtttiq-en-edomexhttpsmileio4dlp/1470592631764870/

https://www.facebook.com/MilenioDiario/posts/-hallan-muerta-a-mujer-trans-conocida-como-la-chica-del-pelo-bluuu-en-mexicaltzi/1463050695852397/

https://www.facebook.com/MilenioDiario/photos/-hallan-muerta-a-mujer-trans-conocida-como-la-chica-del-pelo-bluuu-en-mexicaltzi/1463050689185731/

https://www.facebook.com/mileniotelevision/posts/-hallan-muerta-a-mujer-trans-conocida-como-la-chica-del-pelo-bluuu-en-mexicaltzi/1419042046918836/

https://www.facebook.com/watch/?v=2046956769192006","Esthefanía Delgado was found dead in her home in Mexicaltzingo, Estado de México (Mexico) on 7 May 2026.

She was 27, and a Tiktok influencer and dancer known as 'The girl with the bluuu hair'. #SayHerName #TransLivesMatter #TDoR",https://tdor.translivesmatter.info/reports/2026/05/07/esthefania-delgado-fanny_mexicaltzingo-estado-de-mexico-mexico_6aa0bbcc,qrcodes/6aa0bbcc.png
Luana Faria da Silva Oliveira,29,,photos/2026_05_09_Luana-Faria-da-Silva-Oliveira.jpg,https://hojediario.com/2026/05/11/luana-faria-mulher-transexual-e-morta-por-estrangulamento-em-mogi-das-cruzes-apos-discussao-com-o-namorado/,thumbnails/2026_05_09_Luana-Faria-da-Silva-Oliveira.jpg,9 May 2026,,"Mogi das Cruzes, São Paulo",Brazil,BR,-23.54871855,-46.25462984,violence,strangled,"Luana died in hospital after being strangled by her boyfriend during an argument.

David Julio da Silva, 26, was arrested and is being held in preventative detention.

> A 29-year-old transgender woman died after being strangled during a fight with her boyfriend in the Jundiapeba district of Mogi das Cruzes. According to the police report, the victim was identified as Luana Faria da Silva Oliveira, 29 years old.
> 
> The incident happened on Saturday (9) and she was taken to the Emergency Care Unit (UPA) in Jundiapeba, but she did not survive. The record indicates that the death occurred after a cardiorespiratory arrest caused by strangulation.
> 
> The suspect is David Julio da Silva, 26 years old. According to the Military Police, he was detained near the UPA (Emergency Care Unit) after being assaulted by members of the public when he went there to check on the victim's health.
> 
> According to the police report, David told officers that he had been in a relationship with Luana for nine months. He stated that the two had consumed alcoholic beverages and began to argue. According to the suspect, at some point, the victim passed out.
> 
> Luana's aunt told police that she heard the victim screaming ""stop, stop, stop"" during the argument. She stated that Luana's mother went to the scene and saw the suspect on top of the victim, attempting to strangle and suffocate her.
> 
> The witness also said that, after that, Luana was found unconscious. Family members tried to help until a car passed by and took the victim to the UPA (Emergency Care Unit).
> 
> The case was registered at the Mogi das Cruzes Central Police Station as femicide and domestic violence. David Julio da Silva was arrested on the spot and taken to the Mogi das Cruzes Public Jail, where he remains at the disposal of the Justice system.

https://www.maisnovela.com.br/famosos/caso-luana-faria-mulher-trans-morre-estrangulada-pelo-namorado-em-mogi.phtml

https://hojediario.com/2026/05/11/luana-faria-mulher-transexual-e-morta-por-estrangulamento-em-mogi-das-cruzes-apos-discussao-com-o-namorado/

https://g1.globo.com/sp/mogi-das-cruzes-suzano/noticia/2026/05/11/mulher-transexual-morre-apos-ser-estrangulada-em-mogi-das-cruzes-namorado-e-preso.ghtml

https://www.facebook.com/HojeDiario/posts/lutoluana-faria-da-silva-oliveira-uma-mulher-transexual-de-29-anos-morreu-ap%C3%B3s-s/1608432134619260/","Luana Faria da Silva Oliveira died after being strangled by her boyfriend during an argument in Mogi das Cruzes, São Paulo (Brazil) on 9 May 2026.

She was 29. #SayHerName #TransLivesMatter #TDoR",https://tdor.translivesmatter.info/reports/2026/05/09/luana-faria-da-silva-oliveira_mogi-das-cruzes-sao-paulo-brazil_a379eb1d,qrcodes/a379eb1d.png
Angélica,25,,,,trans_flag.jpg,10 May 2026,,"São Luís, Maranhão",Brazil,BR,-2.75007136,-44.32279284,violence,shot,"Angélica's death is being treated as a homicide.

> A trans woman identified as “Angélica”, 25 years old, was shot dead on Sunday night (10), on Estrada de Igaraú, in the Estiva region, rural area of São Luís.
> 
> According to information from the Military Police, teams were dispatched to respond to the incident and cordoned off the area until the arrival of the forensic team. The victim's body was removed by the Institute of Legal Medicine (IML).
> 
> In a statement, the Civil Police of Maranhão reported that the case is being investigated by the State Superintendency of Homicides and Protection of Persons (SHPP). Initially, the incident is being treated as a homicide.
> 
> According to the police, investigations are still underway to clarify the circumstances of the crime, as well as to identify the motive and the perpetrators of the shooting.

https://maismaranhao.com.br/artigo/mulher-trans-e-morta-a-tiros-na-zona-rural-de-sao-luis

https://esperanca.fm.br/2026/05/11/grande-ilha-registra-fim-de-semana-violento-com-tres-homicidios-e-duas-tentativas-de-assassinato

https://imirante.com/mirantenews/noticias/sao-luis/2026/05/11/policia-registra-mortes-e-ataques-na-grande-sao-luis

https://www.facebook.com/watch/?v=1678072059881261

https://www.instagram.com/reels/DYM9WBbDw7F/

https://www.instagram.com/reels/DYLs7vPRgTw/","Angélica was shot in São Luís, Maranhão (Brazil) on 10 May 2026.

She was 25. #SayHerName #TransLivesMatter #TDoR",https://tdor.translivesmatter.info/reports/2026/05/10/angelica_sao-luis-maranhao-brazil_95b59402,qrcodes/95b59402.png
Juniper Blessing,19,,photos/2026_05_10_Juniper-Blessing.jpg,https://www.them.us/story/slain-trans-uw-student-identified-juniper-blessing-family-statement,thumbnails/2026_05_10_Juniper-Blessing.jpg,10 May 2026,,"Seattle, Washington",USA,US,47.66516266,-122.2991675,violence,stabbed,"Juniper was killed in the laundry room of a housing complex near the University of Washington. She used she/they pronouns and was a recent graduate of the New Mexico School for the Arts in Santa Fe. 

Christopher Leahy, 31, was arrested on suspicion of first-degree murder.

> SEATTLE -- A student at the University of Washington in Seattle was found stabbed to death in a campus housing building, Seattle police said, and now authorities are searching for the killer.
> 
> The victim -- a 19-year-old transgender woman -- was found in a laundry room at about 10:10 p.m. Sunday, according to Seattle police.
 
> Police said ""officers are actively searching for the suspect"" and they described him as a ""black male with a beard, 5'6-8"" tall, wearing a vest with button up shirt, and blue jeans."" The university added the suspect is believed to be between the ages of 25 and 30 with a slim build and black hair.
> 
> The University of Washington issued an alert about the homicide at the Nordheim Court Apartments at 10:40 p.m. Sunday, saying, ""If you are at Nordheim Court, stay indoors and lock doors and windows."" Around 1 a.m., the university said that the residents no longer needed to stay inside.
> 
> The university called the crime ""deeply distressing"" and said counseling is available.

Juniper was a major in the school’s Department of Atmospheric and Climate Science, and used she/they pronouns. A friend remembered her as someone who “only wished the best for everyone in her life.” Hr hobbies included meteorology, music, singing, and video games like Hollow Knight.

After she was identified Juniper's family issued the following statement:

> “Juniper was simply the most amazing human being we have ever known — highly intelligent, extremely talented, and deeply sensitive to the needs of others,” the family wrote via the Santa Fe Human Rights Alliance. “Juniper’s loss not only devastates us but diminishes the world.”
 
After her murder the University of Washington Trans Collective organised an on-campus event for those who wish to mourn her loss.

https://www.santafenewmexican.com/news/local_news/family-of-slain-transgender-teen-from-santa-fe-loss-diminishes-the-world/article_89821a7b-3efd-4e01-8db0-072f255d269d.html

https://www.them.us/story/suspect-in-fatal-stabbing-of-trans-university-of-washington-student-turns-himself-in

https://www.kuow.org/stories/university-of-washington-student-killed-sunday-king-county-medical-examiner-identified

https://www.sgn.org/story/166298

https://www.waff.com/2026/05/14/transgender-student-19-stabbed-death-laundry-room-off-campus-housing-police-say/

https://www.goodmorningamerica.com/amp/news/story/man-arrested-murder-transgender-university-washington-student-police-132965009

https://komonews.com/news/local/seattle-police-detectives-seek-suspect-in-homicide-of-university-of-washington-student-stabbing-crime-wanted-photos

https://abcnews.com/US/man-arrested-murder-transgender-university-washington-student-police/story?id=132965009

https://www.fox13seattle.com/news/police-arrest-suspect-uw-stabbing

https://komonews.com/news/local/suspect-arrested-in-stabbing-murder-of-university-of-washington-student-man-turned-himself-in-bellevue-police-booked-investigation-of-murder-nordheim-court-apartments-off-campus-housing

https://lavendermagazine.com/big-gay-news/bgn-topheadlines/transgender-college-student-stabbed-to-death-in-seattle/

https://www.fox13seattle.com/news/photos-uw-stabbing-suspect

https://mynorthwest.com/crime-blotter/suspect-killed-uw-student/4238021

https://www.spokesman.com/stories/2026/may/13/turning-point-usa-postpones-uw-event-following-dea/

https://www.fox13seattle.com/news/tpusa-rally-uw-murder-transgender-student

https://www.dailyuw.com/article/uw-community-lgbtqia-organizations-rally-around-student-killed-in-university-housing-20260513

https://www.aol.com/news/memorial-grows-outside-apartment-complex-035338814.html

https://laopinion.com/2026/05/12/estudiante-transgenero-fue-asesinada-en-residencia-de-la-universidad-de-washington/

https://www.fox13seattle.com/news/reak-in-suspect-matches-description

https://www.advocate.com/news/19-year-old-transgender-university-of-washington-student-fatally-stabbed

https://www.them.us/story/19-year-old-transgender-university-of-washington-student-fatally-stabbed

https://eu.usatoday.com/story/news/nation/2026/05/12/university-of-washington-student-fatal-stabbing-authorities-officials/90036766007/

https://www.seattletimes.com/seattle-news/law-justice/uw-student-killed-in-stabbing-at-off-campus-apartment/

https://eu.kitsapsun.com/story/news/2026/05/14/suspect-arrested-in-university-of-washington-student-homicide/90050229007/

https://abc7news.com/post/seattle-homicide-news-suspect-large-transgender-university-washington-student-stabbed-death-laundry-room/19082407/

https://www.ksro.com/2026/05/11/transgender-university-of-washington-student-stabbed-to-death-in-laundry-room-suspect-at-large-police/

https://komonews.com/news/local/uw-police-department-searching-for-suspect-in-homicide-at-off-campus-apartments

https://www.dailyuw.com/article/police-confirm-student-killed-in-stabbing-at-nordheim-court-investigation-ongoing-20260511

https://www.kptv.com/2026/05/11/transgender-university-washington-student-stabbed-death-laundry-room-suspect-still-large/

https://people.com/university-washington-student-fatally-stabbed-off-campus-housing-11972182

https://www.fox13seattle.com/news/suspect-fatal-stabbing-uw-student

https://www.yahoo.com/news/articles/19-old-transgender-university-washington-220432700.html

https://www.fox13seattle.com/news/19-year-old-uw-student-stabbed-death-laundry-room

https://www.dailyuw.com/article/president-jones-addresses-nordheim-court-homicide-of-transgender-student-recognizes-disproportionate-impact-of-violence-on-lgbtqia-community-20260511

https://www.newsweek.com/uw-student-killed-seattle-police-search-suspect-nordheim-court-11938388

https://www.yahoo.com/news/articles/homicide-investigation-uw-off-campus-070628241.html

https://sandhillsexpress.com/abc_national/transgender-university-of-washington-student-stabbed-to-death-in-laundry-room-suspect-at-large-police-abcid5c939e83/

https://mynorthwest.com/crime-blotter/19-year-old-woman-dead-uw/4236416

https://www.kptv.com/video/2026/05/12/transgender-university-washington-student-stabbed-death/

https://mynorthwest.com/kiro/watch/trans-woman-found-dead-near-uw-suspect-missing/019e196b-8b78-8008-c935-1e48da555081

https://x.com/BvuePD/status/2054932226459279643

https://www.youtube.com/watch?v=PEnbu6R3XE4

https://www.youtube.com/watch?v=fGdax3cqig0

https://www.youtube.com/watch?v=TLbxR6P8GqI

https://www.youtube.com/watch?v=VGFwxdd4Wvc

https://www.youtube.com/watch?v=aUMmh8Wbs20

https://www.youtube.com/watch?v=TALylIauPFA

https://www.youtube.com/watch?v=5rPqVu4Robs

https://www.youtube.com/watch?v=7A8--OqUyd4

https://www.youtube.com/watch?v=bdYnOAmk9Dc

https://www.youtube.com/watch?v=9A-p05F4xd8

https://www.instagram.com/p/DYWALztMOYM/

https://www.instagram.com/p/DYVz8WADTUC/

https://www.instagram.com/reels/DYWPTtdE_Xk/","Juniper Blessing was stabbed in the laundry room of a housing complex near the University of Washington on 10 May 2026.

She was 19, used she/they pronouns and was a recent graduate of the New Mexico School for the Arts in Santa Fe. #SayHerName #TransLivesMatter #TDoR",https://tdor.translivesmatter.info/reports/2026/05/10/juniper-blessing_seattle-washington-usa_94886db0,qrcodes/94886db0.png
João,,,,,trans_flag.jpg,11 May 2026,,"Recife, Pernambuco",Brazil,BR,-8.11158093,-34.94927575,violence,shot,"João died after being shot multiple times by unidentified assailants.

> A transgender man identified as João was brutally murdered on Rua São Mateus, in Recife, on Monday night (11).
> 
> According to residents, armed men arrived in two cars and fired several rifle shots at the victim. At the scene, police found rifle casings, .40 caliber pistol casings, drugs and R$ 570 in cash. Audio shared by residents report between 15 and 20 shots during the execution.
> 
> The case is being investigated by the Department of Homicides and Protection of Persons (DHPP), which is investigating whether the crime is related to a possible settling of accounts linked to drug trafficking.

https://jc.uol.com.br/tv-jornal/videos/2026/05/11/homem-trans-e-executado-a-tiros-de-fuzil-no-recife-moradores-relatam-rajada-de-disparos.html","João died after being shot multiple times by unidentified assailants in Recife, Pernambuco (Brazil) on 11 May 2026. #SayHisName #TransLivesMatter #TDoR",https://tdor.translivesmatter.info/reports/2026/05/11/joao_recife-pernambuco-brazil_1e4faa43,qrcodes/1e4faa43.png
Celine Ribeiro Gois,39,,,,trans_flag.jpg,11 May 2026,,"Fortaleza, Ceará",Brazil,BR,-3.77617087,-38.4908734,violence,shot,"Celine was shot in the street. A suspect has been arrested.

> A 31-year-old man was arrested this Wednesday, the 13th, suspected of involvement in the murder of a trans woman, a crime that occurred last Monday, the 11th, in the Engenheiro Luciano Cavalcante neighborhood of Fortaleza.
> 
> Felipe Costa de Lima is identified as the mastermind and supplier of the firearm used in the murder of Celine Ribeiro Gois, 39. The crime was motivated by a conflict the victim allegedly had with the accused's wife, according to an investigation by the 10th Precinct of the Department of Homicide and Protection of Persons (DHPP).
> 
> According to the Arrest Report (APF), at approximately 2:34 AM on Monday morning, Celine was shot near the intersection of João Nonato Costa and Thompson Bulcão streets. She died at the scene of the crime. Surveillance camera footage shows the perpetrators traveling on a bicycle, with a car as a backup.
> 
> The images also show that, moments before the crime, the shooter received an object — supposedly a firearm — from someone in the vehicle. The Civil Police of Ceará (PC-CE) identified that the car belonged to Felipe. 
> 
> Felipe was arrested while still in the act of committing the crime, having been located in Luciano Cavalcante's own residence. ""During the investigations, the PCCE also seized three cell phones, a quantity of cocaine, and a silver Fiat Mobi car that was allegedly used in the crime,"" the Secretariat of Public Security and Social Defense (SSPDS) informed in a statement.
> 
> According to the APF, there is information that Felipe was allegedly ""judged"" by members of the criminal organization operating in the region for not having asked for ""permission"" to commit the murder.
> 
> ""There is also the possibility that the weapon used in the crime was confiscated by a superior officer of the faction,"" said Judge Tadeu Trindade de Ávila at a custody hearing held this Thursday, the 14th. 
> 
> In the Luciano Cavalcante neighborhood, the Comando Vermelho (CV) gang operates.  Felipe's preventive detention was ordered.

https://www.opovo.com.br/noticias/seguranca-publica/2026/05/14/amp/homem-e-preso-suspeito-de-matar-mulher-trans-em-fortaleza.html

https://g1.globo.com/google/amp/ce/ceara/noticia/2026/05/15/homem-e-preso-por-ordenar-assassinato-de-mulher-trans-em-fortaleza.ghtml

https://www.facebook.com/sertoesfm/posts/um-homem-foi-preso-nesta-quarta-feira-13-por-envolvimento-no-assassinato-de-uma-/1415642067227249/

https://www.instagram.com/p/DYXRItWD1Q_/

https://www.instagram.com/reels/DYW1qPJuwCO/","Celine Ribeiro Gois was shot in the street in Fortaleza, Ceará (Brazil) on 11 May 2026.

She was 39. #SayHerName #TransLivesMatter #TDoR",https://tdor.translivesmatter.info/reports/2026/05/11/celine-ribeiro-gois_fortaleza-ceara-brazil_4de0db38,qrcodes/4de0db38.png
Doloresse,about 35,,photos/2026_05_12_Doloresse.jpg,https://www.africanhrc.org/single-post/transgender-pioneer-doloresse-brutally-murdered?fbclid=IwY2xjawSFmXFleHRuA2FlbQIxMQBicmlkETFUYmJZRUFlVHd0NVBCT2cxc3J0YwZhcHBfaWQQMjIyMDM5MTc4ODIwMDg5MgABHuk4tl1VNiH523Xtr6l1LA-DREpAAr5NF27F68Bwks1ipsYCrPT17JnxJXen_ae,thumbnails/2026_05_12_Doloresse.jpg,12 May 2026,,"Yaoundé, Mfoundi",Cameroon,CM,3.8535691,11.51732588,violence,throat cut,"Doloresse's body was found wth unmistakeable signs of violence on the morning of 12th May. She made a living as a hairdresser and sex worker and had been one of the first in Cameroon to come out publicly as trans.

> The Cameroonian transgender community is in mourning. Doloresse, an emblematic figure of trans visibility in Cameroon, was found with her throat slit on the morning of May 12 in Yaoundé.
> 
> According to initial reports, the perpetrator remains unidentified, and the exact circumstances of the murder are still unclear. Authorities have not yet released any official details, while the LGBTQI+ community expresses shock, anger, fear, and profound sadness.
> 
> Doloresse was not a trans woman like any other: she was among the first in Cameroon to come out publicly, at a time when simply expressing one’s gender identity exposed one to extreme violence. Her courage inspired an entire generation of activists, trans youth, and human rights defenders.
> 
> Doloresse’s life has been a long journey of suffering and resistance. She has experienced:
> 
> - Repeated physical violence, often committed with complete impunity;
> - Arbitrary arrests, motivated by institutional transphobia;
> - Abusive detentions, the most striking of which was her incarceration about 10 years ago in Yaoundé’s Kondengui Central Prison;
> - Family rejection, which forced her to survive alone in a hostile environment; and
> - Constant social stigmatization, which followed her in the streets, in public services, and in the neighborhoods where she tried to live.
>
> Her time in Kondengui deeply shocked human rights organizations. She was defended there by Alice Nkom, a leading figure in the fight for the rights of sexual and gender minorities in Cameroon.
> 
> Her case brought to light the brutal treatment inflicted on transgender people within the Cameroonian penal system.
> 
> Despite the humiliations, beatings, arrests, and rejections, Doloresse continued to live with dignity, affirming her identity and supporting other trans people younger than herself.
> 
> She had become, despite herself, a symbol of resilience, a familiar face in community circles, a living memory of the trans struggles in Cameroon.
> 
> Her brutal murder serves as a stark reminder of the extreme vulnerability of trans people in the country, exposed to social, police, institutional, and now deadly violence.

https://76crimes.com/2026/06/05/trans-woman-abused/

https://www.africanhrc.org/single-post/transgender-pioneer-doloresse-brutally-murdered

https://76crimes.com/2026/05/13/cameroons-lgbtqi-community-mourns-the-loss-of-transgender-pioneer-doloresse/

https://www.facebook.com/melanie.nathan1/posts/african-human-rights-coalition-statementwe-extend-our-deepest-condolences-to-our/10241595082149224/

https://www.facebook.com/groups/1570448163283501/posts/4406433123018310/

https://www.instagram.com/p/DYhyXg7iN5t/

https://www.instagram.com/p/DYirklzk25r/","Doloresse's body was found wth signs of violence in Yaoundé, Mfoundi (Cameroon) on 12 May 2026.

She made a living as a hairdresser and sex worker and had been one of the first in Cameroon to come out publicly as trans. #SayHerName #TransLivesMatter #TDoR",https://tdor.translivesmatter.info/reports/2026/05/12/doloresse_yaounde-mfoundi-cameroon_52203a17,qrcodes/52203a17.png
Tatiana Cerrato Pineda,29,,photos/2026_05_12_Tatiana-Cerrato-Pineda.jpg,https://web.archive.org/web/20260519071326/https://www.elheraldo.hn/fotogalerias/sucesos/enfermera-trabajaba-call-center-quien-era-profesion-axel-cerrato-mujer-trans-carbonizada-el-cimarron-IE30707197,thumbnails/2026_05_12_Tatiana-Cerrato-Pineda.jpg,12 May 2026,,"Tegucigalpa, Distrito Central",Honduras,HN,14.03792445,-87.24451979,violence,burned,"Tatiana's body was one of three (the other two victims being those of cisgender men) found by firefighters in a burning property. The deaths are thought to be gang related.

> The DPI reported that new arrest warrants could be issued for the triple murder in El Cimarrón, where two men and a trans woman were found burned to death in a freezer.
> 
> The official indicated that the Public Prosecutor's Office is already identifying more suspects and that, at the latest by Wednesday, there could be new developments in the case.
> 
> The statements come after the capture of Víctor Javier Rivas Castro (37 years old), an alleged member of Pandilla 18, accused of the murder of three people found burned in the village of El Cimarrón, in the Central District.
> 
> The victims were identified as Alejandro José Marcia Reyes, Bowey Burke Midence, and [deadname] Cerrato Pineda. Their bodies were found inside and near a freezer in a mountainous area of the region.
> 
> According to the investigation, the victims had been reported missing on Monday, May 11. The following day, members of the Fire Department responded to an alert about a forest fire in a mountainous area of the village of El Cimarrón.
> 
> Upon arriving at the scene, rescuers found two completely charred bodies inside a freezer, while a third body was located a few meters from the scene.

https://web.archive.org/web/20260518124716/https://www.laprensa.hn/sucesos/honduras-nuevas-capturas-el-cimarron-tegucigalpa-AM30690132

https://www.infobae.com/honduras/2026/05/16/honduras-arrestan-al-primer-implicado-en-triple-crimen-de-el-cimarron-e-identifican-a-victimas-encontradas-calcinadas/

https://web.archive.org/web/20260519071326/https://www.elheraldo.hn/fotogalerias/sucesos/enfermera-trabajaba-call-center-quien-era-profesion-axel-cerrato-mujer-trans-carbonizada-el-cimarron-IE30707197

https://web.archive.org/web/2/https://www.elheraldo.hn/fotogalerias/sucesos/enfermera-trabajaba-call-center-quien-era-profesion-axel-cerrato-mujer-trans-carbonizada-el-cimarron-IE30707197

https://web.archive.org/web/20260519071329/https://www.laprensa.hn/fotogalerias/sucesos/hallazgo-contenido-celular-axel-cerrato-mujer-trans-calcinada-el-cimarron-AM30694501

https://www.facebook.com/diarioelheraldo/posts/sus-rostros-qui%C3%A9nes-son-las-tres-v%C3%ADctimas-asesinadas-y-carbonizadas-en-el-cimarr/1426530399507022/

https://www.facebook.com/mey.duarte/posts/pfbid0MU1mzy2WfcGyxrgzj9UHzimXj6geb5Pg9UXiHTpW7Dbf8Q2nxwLRzLMrdBk6vpj4l

https://www.facebook.com/watch/?v=4338525463105059

https://www.facebook.com/reel/977219698379919/

https://x.com/diarioelheraldo/status/2056381978165842409

https://www.youtube.com/shorts/amPSGYTKyZI","Tatiana Cerrato Pineda was one of three people (the other two victims being cisgender men) whose bodies found by firefighters in a burning property in Tegucigalpa, Distrito Central (Honduras) on 12 May 2026.

She was 29. #SayHerName #TransLivesMatter #TDoR",https://tdor.translivesmatter.info/reports/2026/05/12/tatiana-cerrato-pineda_tegucigalpa-distrito-central-honduras_48c39945,qrcodes/48c39945.png
Ashley Bernal García,,,photos/2026_05_13_Ashley-Bernal-Garcia.jpg,https://www.trespm.mx/seguridad/localizan-sin-vida-a-joven-trans-desaparecida-en-tenango-del-valle,thumbnails/2026_05_13_Ashley-Bernal-Garcia.jpg,13 May 2026,,"Texcalyacac, Estado de México",Mexico,MX,19.126525,-99.501142,violence,burned,"Ashley's body was found with signs of violence in a wooded area four days after she had gone missing.

> Ashly, a trans woman who had been reported missing for four days, was found dead in a wooded area of Santa Cecilia, in the municipality of Texcalyacac . The young woman's body was located beside the road leading to the sports complex .
> 
> The victim was last seen on Saturday in Tenango del Valle. Since then, family and friends began searching for her until they located her this Wednesday; however, she was found dead.
> 
> Paramedics arrived at the scene after the discovery was reported; however, they only confirmed that the young woman no longer had vital signs and that her body had multiple burns.
> 
> Municipal public safety officers cordoned off the area while awaiting the arrival of forensic personnel from the Attorney General's Office of the State of Mexico to carry out the necessary procedures and begin the investigations to determine the motive for the crime and identify those responsible .

Ashley's Facebook profile is https://www.facebook.com/profile.php?id=100093134895954 [CN: deadname]

https://diariobasta.com/2026/05/14/hallan-calcinada-a-mujer-trans-en-tenango-del-valle/

https://www.milenio.com/policia/asesinato-ashley-fernando-comunidad-lgbt-edomex-exigen-justicia

https://elmanana.com.mx/nacional/2026/5/15/hallan-calcinada-ashly-mujer-transgenero-habia-asistido-al-el-paseo-de-las-locas-176291.html

https://www.milenio.com/politica/en-una-semana-asesinan-a-dos-personas-de-la-comunidad-lgbt-en-edomex

https://oem.com.mx/elsoldetoluca/policiaca/hallan-calcinada-a-mujer-trans-desaparecida-en-tenango-del-valle-29970835

https://edomex.quadratin.com.mx/hallan-calcinada-a-mujer-trans-desaparecida-en-texcalyacac/

https://www.eluniversal.com.mx/metropoli/suman-dos-muertes-de-mujeres-trans-en-una-semana/

https://www.trespm.mx/seguridad/localizan-sin-vida-a-joven-trans-desaparecida-en-tenango-del-valle

https://afondoedomex.com/macabro-fer-era-una-mujer-trans-que-desaparecio-el-fin-de-semana-hoy-la-encontraron-calcinada/

https://www.digitalmex.mx/seguridad/story/67354/otra-mujer-trans-asesinada-en-menos-de-una-semana

https://www.instagram.com/asambleantnb/p/DYTEsL0s6f4/

https://www.facebook.com/MilenioDiario/posts/exigen-justicia-por-ashley-fernando-integrante-de-la-comunidad-lgbt-clcind-en-el/1474317558059044/

https://www.facebook.com/MilenioDiario/posts/exigen-justicia-por-asesinatos-de-dos-personas-lgbtttiq-en-edomexhttpsmileio4dlp/1470592631764870/

https://www.facebook.com/fueradelclosetradio/posts/el-equipo-de-esta-organizaci%C3%B3n-civil-condena-de-forma-en%C3%A9rgica-el-asesinato-de-a/1313074954261505/

https://www.facebook.com/share/p/18oDXcz6MD/

https://www.facebook.com/share/p/1CeMAC19De/

https://www.facebook.com/share/p/1As9ukmQtx/","The body of Ashley Bernal García was found with signs of violence in a wooded area in Texcalyacac, Estado de México (Mexico) on 13 May 2026 - four days after she had gone missing. #SayHerName #TransLivesMatter #TDoR",https://tdor.translivesmatter.info/reports/2026/05/13/ashley-bernal-garcia_texcalyacac-estado-de-mexico-mexico_f10de27d,qrcodes/f10de27d.png
Yulixa Consuelo Toloza,52,,photos/2026_05_13_Yulixa-Toloza.jpg,https://web.archive.org/web/20260520064627/https://www.laprensa.hn/mundo/hallan-cuerpo-yulixa-toloza-realizarse-procedimiento-estetico-NG30725019,thumbnails/2026_05_13_Yulixa-Toloza.jpg,13 May 2026,,"Bogotá, Distrito Capital",Colombia,CO,4.59247714,-74.13859917,violence,not reported,"Yulixa's body was found dumped on a road six days after she had gone missing from an unlicenced cosmetic clinic.

> MEXICO CITY (apro) — The disappearance and death of 52-year-old Yulixa Consuelo Toloza is being investigated by Colombian authorities as a possible homicide related to a cosmetic procedure performed at an unlicensed establishment in southern Bogotá. The victim was reported missing on May 13, 2026, and her body was found on May 19 on a road in the municipality of Apulo, in the department of Cundinamarca, according to reports from the Attorney General's Office cited by local media.
> 
> On May 13, Yulixa Toloza went to an establishment identified as “Beauty Láser”, located in the Venecia neighborhood, in the town of Tunjuelito, where she was allegedly going to undergo a lipolysis or fat reduction procedure with sedation.
> 
> According to testimonies published in Colombian media, the procedure lasted several hours, and afterward, the woman showed signs of weakness, disorientation, and difficulty standing. Videos recorded by bystanders show the victim in a delicate state as she left the scene. Family members indicated that a friend was with her and left the premises to look for personal belongings; upon returning, the establishment was closed and there was no information about Yulixa's whereabouts.
> 
> The investigation included reviewing security camera footage from the area. The recordings show that on the night of May 13, two men took Yulixa from the building, apparently unconscious, and put her in a vehicle.
> 
> The body of Yulixa Toloza was found on May 19, 2026, beside a road between Apulo and Anapoima, in Cundinamarca. The Prosecutor's Office reported that the body had characteristics consistent with the victim, which was later confirmed through forensic procedures. The mayor of Bogotá announced that the case is being investigated as a homicide and called for the facts to be clarified and sanctions imposed on those responsible.
> 
> Health authorities in Bogotá indicated that the establishment where she was treated operated as a beauty salon and hairdressing center, but did not have permits to perform invasive medical procedures nor the conditions required for patient care.
> 
> The investigation led to the identification of several individuals allegedly involved in the procedure and the victim's transfer. Colombian media reported that some have been arrested, while others are being sought by authorities, including with the support of international mechanisms.
> 
> The case has reignited concerns in Colombia about the proliferation of clandestine clinics offering low-cost procedures without certified medical supervision. Authorities have reiterated that these types of services pose a risk to the health and lives of patients.

https://www.proceso.com.mx/internacional/2026/5/20/hallan-sin-vida-yulixa-toloza-tras-desaparecer-despues-de-una-cirugia-estetica-374414.html

https://www.rtvcnoticias.com/actualidad/hallan-sin-vida-yulixa-toloza-tras-desaparecer-luego-de-someterse-un-procedimiento

https://citytv.eltiempo.com/noticias/salud/le-prometieron-una-cirugia-segura-la-tragedia-de-yulixa-toloza_92022

https://oncenoticias.hn/internacional/yulixa-toloza-hallada-muerta-estetica-bogota-caso-hondurena-floridalma-roque-guatemala/

https://web.archive.org/web/20260520064627/https://www.laprensa.hn/mundo/hallan-cuerpo-yulixa-toloza-realizarse-procedimiento-estetico-NG30725019

https://web.archive.org/web/20260521061931/https://www.laprensa.hn/video/entre-la-vida-y-la-muerte-el-ultimo-video-de-yulixa-toloza-en-colombia-AH30735849

https://www.youtube.com/watch?v=DKLXrx4dlQU

https://www.youtube.com/watch?v=DKLXrx4dlQU

https://www.youtube.com/watch?v=4h9pmNnBfTU","The body of Yulixa Consuelo Toloza was found dumped on a road six days after she had gone missing from an unlicenced cosmetic clinic in Bogotá, Distrito Capital (Colombia) on 13 May 2026.

She was 52. #SayHerName #TransLivesMatter #TDoR",https://tdor.translivesmatter.info/reports/2026/05/13/yulixa-consuelo-toloza_bogota-distrito-capital-colombia_019dddd7,qrcodes/019dddd7.png
Kelly Laura,,,photos/2026_05_16_Kelly-Laura.jpg,https://jornaldanova.com.br/noticia/471562/travesti-kelly-laura-morre-apos-ser-baleada-em-nova-andradina,thumbnails/2026_05_16_Kelly-Laura.jpg,16 May 2026,,"Nova Andradina, Mato Grosso do Sul",Brazil,BR,-22.25753882,-53.35659722,violence,shot,"Kelly was shot by a disgruntled customer in the nightclub she managed. She died in hospital the following day.

>  Erik Lacerda Chagas, 32, the man responsible for shooting and killing a nightclub manager in Nova Andradina, turned himself in to police on Sunday afternoon (17). The crime occurred in the early hours of Friday (15). 
> 
> According to delegate Caio Bicalho, the perpetrator went to the establishment, accompanied by two friends, around 10 pm on Thursday (14). Four hours later, in the early hours of Friday morning, the man decided to leave. 
> 
> “At the time the decision was made, there was a disagreement between the perpetrator and the victim, who is the manager of the establishment, regarding the amounts owed. Witnesses interviewed by the police stated that the perpetrator had paid the bill indicated by the victim and left the premises without any animosity between them. However, a few minutes after leaving, the perpetrator allegedly returned alone, already carrying a firearm, and fired several shots at the victim,” the police chief pointed out. 
> 
> The victim managed to run and hide at the back of the nightclub, where she was rescued by teams from the Fire Department. However, due to the severity of her injuries, she died on Saturday afternoon (16). 
> 
> The case will remain under investigation and the perpetrator remains at the disposal of the Judiciary.

https://www.diariodigital.com.br/suspeito-de-assassinar-travesti-em-bar-de-nova-andradina-tem-prisao-preventiva-decretada

https://www.regiaonews.com.br/policial/suspeito-de-matar-travesti-se-apresenta-a-policia

https://www.douradosnews.com.br/policia/suspeito-de-matar-travesti-se-apresenta-a-policia/1280576/

https://www.diariodigital.com.br/policia-2/suspeito-de-matar-travesti-se-apresenta-a-policia-e-acaba-preso-em-nova-andradina

https://www.campograndenews.com.br/cidades/interior/homem-suspeito-de-matar-travesti-em-bar-se-apresenta-a-policia-e-acaba-preso

https://primeirapagina.com.br/seguranca/homem-que-matou-travesti-a-tiros-em-boate-se-entrega-a-policia/

https://www.campograndenews.com.br/cidades/interior/travesti-era-gerente-de-bar-e-foi-morta-em-discussao-por-pagamento-de-conta

https://www.diariodigital.com.br/policia-2/policia-investiga-assassinato-a-tiros-de-travesti-em-cidade-de-ms

https://jornaldanova.com.br/noticia/471562/travesti-kelly-laura-morre-apos-ser-baleada-em-nova-andradina

https://www.campograndenews.com.br/cidades/interior/travesti-baleada-em-bar-morre-no-hospital-e-policia-busca-suspeito","Kelly Laura was shot by a disgruntled customer in the nightclub she managed in Nova Andradina, Mato Grosso do Sul ((Brazil). She died in hospital the following day, 16 May 2026. #SayHerName #TransLivesMatter #TDoR",https://tdor.translivesmatter.info/reports/2026/05/16/kelly-laura_nova-andradina-mato-grosso-do-sul-brazil_3442ef4f,qrcodes/3442ef4f.png
Mahi,,,,,trans_flag.jpg,17 May 2026,,"Cumilla, Chittagong",Bangladesh,BD,23.45708053,91.17895103,violence,burned,"Mahi died in hospital after being burnt alive outside of a hijra common house. One of her killers was arrested while trying to flee to India.

> Rab has arrested Guruma Zahir, the prime accused in the murder case of Mahi, 27, while they were allegedly trying to flee to India through the Satkhira border.
> 
> Mithun Kumar Kundu, assistant director of Rab-11 Cumilla, at a press briefing today said, Zahir was held during a raid in the Bhomra Land Port area of Satkhira on Monday night.
> 
> Burichang Police Station Officer-in-Charge Lutfor Rahman said Zahir had fled to Geneva Camp in Dhaka’s Mohammadpur after the case was filed. Zahir later attempted to cross into India through the Satkhira border area.
> 
> According to the first information report, Zahir, 46, and their associates allegedly tied Mahi’s hands and feet in front of their akhra (common house) in Cumilla’s Burichang Uttar Bazar on May 13. They then allegedly poured kerosene on Mahi and set them on fire.
> 
> Local residents rescued Mahi and first took them to Cumilla Medical College Hospital. Mahi was later transferred to the National Institute of Burn and Plastic Surgery in Dhaka for advanced treatment.
> 
> Mahi died on May 17 while undergoing treatment in the intensive care unit.
> 
> The same afternoon, the victim’s father, Kamrul Haque Sohag, filed a murder case with Burichang Police Station. The case named three accused -- Guruma Zahir, Dhopa Dola Hijra and Kamal -- along with seven to eight unidentified individuals. Police have already arrested Dola Hijra in connection with the incident.
> 
> Human rights activists, local residents, and family members have alleged that police were initially reluctant to register the case.

https://www.thedailystar.net/news/crime-justice/news/mahi-murder-prime-accused-arrested-while-allegedly-trying-flee-india-4179456

https://www.thedailystar.net/news/crime-justice/news/murder-case-filed-after-hijra-individual-dies-burn-injuries-4177891

https://www.tbsnews.net/bangladesh/third-gender-person-burned-death-cumilla-1-arrested-1442116

https://www.instagram.com/p/DYepI9HmMfH/","Mahi died in hospital after being burnt alive in Cumilla, Chittagong (Bangladesh) on 17 May 2026. #SayHerName #TransLivesMatter #TDoR",https://tdor.translivesmatter.info/reports/2026/05/17/mahi_cumilla-chittagong-bangladesh_34039b3f,qrcodes/34039b3f.png
Erykah Caldwell,41,,photos/2026_05_17_Erykah-Caldwell.jpg,https://www.them.us/story/eryka-caldwell-sister-domestic-violence-jonathan-fernandez,thumbnails/2026_05_17_Erykah-Caldwell.jpg,17 May 2026,,New York City,USA,US,40.68800895,-73.90718506,violence,throat cut,"Erykah was killed in her apartment by her abusive ex-partner.

Jonathan Fernandez, 38, was arrested at the scene after being found by police sitting next to Erykah's body.

> Police are investigating after a 41-year-old woman was stabbed to death inside an apartment on Cooper Street in Bushwick around 9 a.m. Sunday morning. Residents in the building say they saw police arrive and gain entry to the unit, where the woman was found with multiple stab wounds to the torso and pronounced dead at Brookdale Hospital.
> 
> Police say a knife was recovered from the scene, and a person of interest is in custody. Residents there are telling News 12 it was not the first time they had seen police called to that unit.

> The sister of slain Brooklyn transgender woman Eryka Caldwell shared further details about the relationship between Caldwell and her alleged killer, Jonathan Fernandez, saying that their relationship had previously led Caldwell to seek help in domestic violence shelters.
> 
> Contessa said her sister never confided in her family about the abuse, which she noted led Caldwell to stay in a shelter this January.
> 
> “When it came to her relationships, if it was abusive or anything, she didn’t allow me to know,” Contessa said. “I just wish she would have reached out for help or told somebody in code or something. Like, what was going on, so she could have gotten the help or somebody could have come down there.”
> 
> Police arrested Fernandez, 38, on the scene. He was arraigned on charges of murder and criminal possession of a weapon on Tuesday.
> 
> Caldwell had moved into her Bushwick apartment in March, but had been unable to keep Fernandez out of her home. Upon news of Caldwell’s death, notable LGBTQ+ celebrities and organizations paid remembrance to her and spoke about the violence that trans women of color often face in their romantic relationships.
> 
> “Sending our condolences, prayers, and love to her family and to everyone impacted by this devastating tragedy,” the Human Rights Campaign wrote in a comment underneath Them’s original Instagram post about Caldwell’s death. “Holding space for all those grieving during such an incredibly difficult time.”
> 
> Contessa told the Post that her sister always saw the good in people. “If there was just a monster or evil, she still tried to find the smallest good in that person,” she said. “And this time, [there] just was no good for her to find or her to fix.”
> 
> Caldwell described herself as a “lover of everything sappy & mushy” in her Instagram bio and frequently shared upbeat captions on her social media.
> 
> “To whoever I am important to,” she wrote in December 2023, “I love you.”

Erykah's Facebook profile is https://www.facebook.com/eryka.caldwell.5.

https://www.them.us/story/eryka-caldwell-sister-domestic-violence-jonathan-fernandez

https://www.them.us/story/eryka-caldwell-vigil-bushwick-brooklyn-killing

https://nypost.com/2026/05/18/us-news/proud-trans-woman-41-murdered-inside-nyc-home-by-deranged-boyfriend-you-didnt-deserve-this/

https://www.them.us/story/eryka-caldwell-taylor-brown-lgbtqia-affairs-comment-trans-killing-brooklyn

https://www.them.us/story/trans-woman-eryka-caldwell-fatally-stabbed-in-bushwick-brooklyn

https://www.lgbtqnation.com/2026/05/he-slit-his-trans-fiancees-throat-now-hes-claiming-self-defense/

https://www.aol.com/news/proud-trans-woman-41-murdered-174710305.html

https://brooklyn.news12.com/2026/05/17/woman-stabbed-to-death-in-bushwick-attack/6XphO81JllyPiYwOAO85Ri

https://www.facebook.com/Touch.Breaking/posts/pfbid028kQNiaFWdTwTsqWi4DoALaSGFm8dfU5eSDbaFLS5trPUpN1aBHL8XCADF9SswxuKl

https://www.facebook.com/crimewatchnewyorkcity/posts/pfbid02PE1bigeqwMpryCmX3gSp7nvSJubjaQVJtJxs2ak9ewawVpw9sv9Cj8wfuW5DUhX7l

https://www.facebook.com/KingCleeTrell/posts/pfbid02PBic7fSgHEEGVeXQFK6YZBFdukZzfE57bfPwTgpLF2LqRwUHT6XuqTJ9Cq4mbVw2l

https://www.facebook.com/mark.anthony.235555/posts/pfbid02a7MZ9YR4gN4W8h9ySKAzAXaWgA7RppCWM2wAu7QNuLKxPjWKznun3wPKT3PTUCWNl

https://www.instagram.com/p/DYh94r4kxa4/","Erykah Caldwell was killed in her apartment in Brooklyn, New York City (USA) by her abusive ex-partner on 17 May 2026.

She was 41. #SayHerName #TransLivesMatter #TDoR",https://tdor.translivesmatter.info/reports/2026/05/17/erykah-caldwell_new-york-city-usa_61359b16,qrcodes/61359b16.png
Name Unknown,,,,,trans_flag.jpg,17 May 2026,,"João Pessoa, Paraíba",Brazil,BR,-7.11633083,-34.8890456,violence,beaten,"The victim's body was found with signs of violence. Her identity is unknown.

> The body of a trans woman was found on Sunday morning (17) in the central region of João Pessoa. The victim showed signs of beating and was found by locals in an area close to a popular restaurant in the Varadouro neighborhood.
> 
> According to initial information gathered at the scene, the victim had not yet been officially identified at the time of the latest update. The body was found in an area known for the frequent presence of drug users.
> 
> Initial suspicions suggest the woman was killed after suffering blows to the head and neck. The case will be investigated by the Civil Police of Paraíba.
> 
> Teams from the Military Police of Paraíba, forensics, and the Institute of Scientific Police were at the scene conducting initial investigations and collected the body for forensic examination.
> 
> So far, there is no information about suspects or the motive for the crime. The police will use camera footage and witness statements to try to clarify the case.

https://seligapb.com.br/corpo-de-mulher-trans-e-encontrado-com-marcas-de-espancamento-no-centro-de-joao-pessoa/

https://www.reporterpb.com.br/noticia/policial/2026/05/18/mulher-trans-e-encontrada-morta-com-sinais-de-espancamento-na-paraiba/187371.html

https://www.pbagora.com.br/noticia/policial/corpo-de-mulher-trans-e-encontrado-com-marcas-de-espancamento-no-centro-de-joao-pessoa/

https://www.maispb.com.br/831643/mulher-trans-e-encontrada-morta-a-pauladas-no-varadouro-em-joao-pessoa.html

https://180graus.com/plantao-policial/mulher-trans-e-encontrada-morta-com-sinais-de-espancamento-proximo-ao-restaurante-popular/","The body of an unidentified #trans woman was found with signs of violence in João Pessoa, Paraíba (Brazil) on 17 May 2026. #SayHerName #TransLivesMatter #TDoR",https://tdor.translivesmatter.info/reports/2026/05/17/name-unknown_joao-pessoa-paraiba-brazil_a933936d,qrcodes/a933936d.png
Riana,23,,,,trans_flag.jpg,17 May 2026,,"Uberaba, Minas Gerais",Brazil,BR,-19.77276269,-47.94155603,violence,shot,"Riana died in hospital after being shot in the street. Her killer may have been a disgruntled client.

> A 23-year-old trans woman died after being shot on Sunday (17), in the Vila Estado Novo neighborhood, in Uberaba. The suspect of the shooting had not been located by the time the incident was closed.
> 
> According to the Military Police, the force was called after the victim was admitted to the São Benedito Emergency Care Unit (UPA) around 12:40 pm, injured by gunshot wounds.
> 
> According to the police report, the victim had three gunshot wounds, affecting her arms and chest, in addition to a superficial wound. Despite medical attention, she did not survive her injuries. The victim was taken to the health unit by a man, who left the scene after providing assistance. He told police that he was at home when he heard noises similar to gunshots. When he went outside to check what had happened, he saw a white pickup truck leaving the scene at high speed and found the victim lying on the ground, asking for help.
> 
> During the investigation, witnesses interviewed by the police recognized the suspect as the man who allegedly shot the victim. A witness further reported that she and the victim had previously been hired by the suspect. Later, according to the testimony, the man returned to the location claiming he couldn't find a cell phone. Upon being told he couldn't find it, he apparently fired the shots and then fled in a white pickup truck.
> 
> The Civil Police forensics team was called in, but did not go to the scene because, according to the report, the scene was already deemed unsuitable. The Military Police conducted searches to try to locate the suspect, but he had not been found by the time the incident report was closed.

https://g1.globo.com/mg/triangulo-mineiro/noticia/2026/05/19/cliente-suspeita-de-furto-apos-encontro-sexual-e-mata-garota-de-programa-em-uberaba.ghtml

https://pordentrodetudo.com.br/mulher-trans-e-morta-a-tiros-apos-discussao-por-celular-em-mg/

https://www.otempo.com.br/cidades/2026/5/18/mulher-trans-e-assassinada-apos-sumico-de-celular-durante-programa

https://jmonline.com.br/policia/mulher-trans-e-morta-a-tiros-em-uberaba-suspeito-foge-e-segue-procurado-1.625271","Riana died in hospital after being shot in the street in Uberaba, Minas Gerais (Brazil) on 17 May 2026.

She was 23. #SayHerName #TransLivesMatter #TDoR",https://tdor.translivesmatter.info/reports/2026/05/17/riana_uberaba-minas-gerais-brazil_768f6985,qrcodes/768f6985.png
Kimberli Durán García,33,,photos/2026_05_19_Kimberli-Duran-Garcia.jpg,https://web.archive.org/web/20260520062551/https://www.laprensa.hn/mundo/matan-hondurena-parque-de-figueres-girona-espana-AG30724370,thumbnails/2026_05_19_Kimberli-Duran-Garcia.jpg,19 May 2026,,"Figueres, Girona",Spain,ES,42.2691322,2.96631672,violence,stabbed,"Kimberli was stabbed in the street by her ex-partner. Her murder caused widespread outrage in Spain.

> A new case of violence has shocked Spain, after a 33-year-old transgender woman was brutally murdered by her ex-partner in the middle of a public street, in an incident that occurred this Tuesday, May 19, in the city of Figueres, province of Girona.
> 
> The victim was attacked with a knife in plaza Josep Tarradellas in the capital of Alt Empordà, a busy area close to commercial establishments and spaces frequented by families and students. The attacker was her ex-partner, a 48-year-old Spanish man with a history of violence and a current restraining order. Despite these court restrictions, the man allegedly approached the woman several times in recent days.
> 
> According to information known so far, this crime occurred in the afternoon, when the woman was in a public place and in a matter of seconds was intercepted by Andrés RC, who attacked her repeatedly with a knife.
> 
> Videos posted on social media show the woman lying on the grass next to a bench, where she said she had been before the horrific attack. Despite the rapid arrival of medical and police teams, several people alerted the Emergency Medical System (SEM). The victim died at the scene due to the severity of her injuries, which were reportedly to her chest, arms, and neck.
> 
> This incident sparked outrage among residents of the area, especially because the assailant acted with complete coldness after attacking the woman, as can be seen in the videos. After committing the crime, he tried to walk away and wiped the blood from his arms and hands in a nearby fountain before being detained by bystanders and subsequently arrested by the Mossos d'Esquadra (Catalan Police) and the Figueres Municipal Police.
> 
> The man arrested today was reportedly recently arrested for violating a restraining order and for new episodes of violence related to the same victim.
> 
> According to the High Court of Justice of Catalonia (TSJC), the man had faced a fast-track trial in which he received a six-month prison sentence for domestic abuse and a restraining order against the woman. Even so, he ended up being released again.
> 
> This case reopened the debate in Spain about the effectiveness of protection measures for victims of assault and gender violence. Following the murder, local authorities called for moments of silence in memory of the victim, while social organizations demanded greater protection and prevention mechanisms in the face of such cases.

https://www.eltriangle.eu/es/2026/05/24/un-centenar-de-personas-condenan-el-crimen-de-figueres-y-reivindican-que-las-mujeres-trans-son-mujeres/

https://es.ara.cat/sociedad/violencia-machista/despedida-mujer-asesinada-ex-figueres-mujeres-trans-son-mujeres_25_5747066.html

https://elpais.com/espana/catalunya/2026-05-22/los-mossos-no-apreciaron-riesgo-de-sufrir-una-agresion-fisica-grave-en-el-caso-de-la-mujer-asesinada-en-figueres.html

https://www.lavanguardia.com/local/girona/20260524/11546459/concentracion-reivindicativa-condenar-crimen-figueres.html

https://www.cnnbrasil.com.br/internacional/homem-esfaqueia-e-mata-ex-companheira-em-rua-na-espanha-diz-jornal/

https://laciutat.cat/es/laciutatdegirona/dolor-rabia-por-crimen-figueres-girona-sale-calle-por-kim_892552_102.html

https://tiempo.hn/mundo/2026/05/21/grabaciones-antecedentes-claves-asesinato-kimberli-duran-trans-hondurena/

https://tiempo.hn/mundo/2026/05/20/crimen-hondurena-trans-en-espana-nuevos-detalles/

https://www.lavanguardia.com/vida/20260520/11543282/incognitas-e-incomprension-muerte-evitable-kimberli-mujer-apunalada-figueres-expareja.html

https://elpais.com/sociedad/2026-05-20/indignacion-en-figueres-por-el-asesinato-de-una-mujer-en-una-plaza-a-plena-luz-del-dia-por-su-agresor-reincidente.html

https://tnh.gob.hn/nacionales/identifican-kimberli-duran-garcia-mujer-trans-asesinada-girona-espana/

https://oncenoticias.hn/nacionales/mujer-trans-hondurena-caso-crimen-calle-figueres-girona-espana-asesinada-expareja-orden-alejamiento/

https://hch.tv/mujer-trans-hondurena-fue-asesinada-en-un-parque-de-girona-espana-su-asesino-tenia-orden-de-alejamiento/

https://www.lavanguardia.com/vida/20260520/11542576/hombre-asesino-expareja-figueres-condenado-lunes-agredirla.html

https://www.tunota.com/mundo/video-espanol-hondurena-trans-figueres-girona-espana-2026-05-19

https://elpais.com/sociedad/2026-05-19/detenido-por-matar-a-su-expareja-en-plena-calle-en-figueres-girona.html

https://www.eluniversal.com.co/sucesos/2026/05/19/conmocion-en-espana-hombre-le-quito-la-vida-a-su-ex-pareja-en-plaza-publica/

https://tiempo.hn/sucesos/2026/05/19/hondurena-trans-asesinada-espana-brutal-ataque-pareja/

https://web.archive.org/web/20260520064029/https://www.elheraldo.hn/fotogalerias/mundo/como-kimberli-duran-garcia-identifican-hondurena-asesinada-girona-comunidad-lgtbq-BG30726667

https://web.archive.org/web/20260520062551/https://www.laprensa.hn/mundo/matan-hondurena-parque-de-figueres-girona-espana-AG30724370","Kimberli Durán García was stabbed in the street in Figueres, Girona (Spain) on 19 May 2026 by her ex-partner. Her murder caused widespread outrage in Spain.

She was 33. #SayHerName #TransLivesMatter #TDoR",https://tdor.translivesmatter.info/reports/2026/05/19/kimberli-duran-garcia_figueres-girona-spain_1623d526,qrcodes/1623d526.png
Nathaniel Potts,16,20 Nov 2009,photos/2026_05_20_Nathaniel-Potts.jpg,https://www.pghlesbian.com/2026/06/16-year-old-unarmed-gender-nonconforming-teen-nathaniel-potts-shot-to-death-in-the-back/,thumbnails/2026_05_20_Nathaniel-Potts.jpg,20 May 2026,,"Raleigh, Illinois",USA,US,37.82699032,-88.53233052,violence,shot,"Nathaniel was gender nonconforming and a student at El Dorado High School. He was shot in the back while running away from his killer.

The shooter (the grandson of the homeowner) claimed he as responding to a break-in, but there are reports that the owner of the home had allowed Nathaniel (and possibly his mother) to stay there.

> A 16 year old teen died from gunshot injuries on Wednesday, May 20, 2026 in Raleigh, Illinois. Nathaniel Potts was an unarmed gender nonconforming teenager running away from the shooter during a domestic encounter. The shooter fired two shots, the second of which took Nathaniel’s life.
> 
> On the night in question, Nathaniel was in the home of 87-year-old Charles Maloney, the paternal grandfather of the shooter. The younger Maloney claimed he was responding to a break-in to protect his grandfather according to WPSD.
> 
> Illinois State Police were asked to take over the investigation because of a conflict involving local authorities. Investigators found two broken windows. They recovered spent shotgun shell casings outside the home. They determined Maloney had fired two shots after first claiming he fired one warning shot. Some reports indicate Nathaniel was on a phone call that recorded his shout that he was an unarmed 16 year old from WIFI Radio.
> 
> Maloney’s decision to take matters into his own hands, shooting an unarmed teenager running away from him, buttressed the prosecutor’s charge of three counts of First Degree Murder. He remains in custody. Media reports indicated Nathaniel was transported to the hospital where he was pronounced dead.
> 
> Nathaniel’s family and friends have alleged that grandfather Chuck Maloney allowed Nathaniel to stay in the home, possibly treating him badly, and this was source of [the] shooters anger. It is difficult to confirm those allegations, especially before a trial, but the number one thing people are asking is “Why was Nathaniel in the house?” – assuming he was there to steal something. If Nathaniel had previously been invited and/or resided in the house, that presents at least one alternate explanation. If Chuck Maloney was mistreating Nathaniel, that presents another explanation. Others allege Nathaniel stayed in the house with his mother.
> 
> It is easy to sidestep community feedback, but with the vulnerability of LGBTQ+ kids to neglect and abuse – we have to keep raising these questions. I find we tend to sweep them under the rug, all of us. All of these questions matter, but not in this order and not as a priority. Regardless of the reason he was there, he was an unarmed teenager running away from the adult wielding a gun. Justin Maloney could have announced his presence, state that he was armed, and police were on the way.

> Nathaniel was born in November 2009 in Marion, Illinois. He was a student at El Dorado High School. Friends describe him as respectful, kind, and helpful. Others talk about the fun they had with Nathaniel while arranging their hair, trying on clothes, and experimenting with makeup. His obituary provides more information.
> 
> Friends and family confirm Nathaniel was part of the LGBTQ+ community, but there is no specificity about his identity. Nathaniel’s presentation was gender nonconforming which is a broad term. Some have said Nathaniel was nonbinary, but there is no confirmation of that. So I am using gender nonconforming and the he/him pronouns others use to describe Nathaniel.
> 
> After all, Nathaniel was denied the opportunity to explore and expand his identity in every way. That’s the price everyone pays.
> 
> One need only read a few comments excoriating Nathaniel for his perceived identity – comments around his murder – to understand why visibility matters and how it could have been a factor in any aspect of his life. I think it is also important to note that for younger folx, the fluidity of gender identity and sexual orientation is more accepted and less threatening therefore requires fewer labels. Or sometimes more labels.
> 
> It doesn’t matter if Nathaniel was gay or straight, trans or cisgender, nonbinary or otherwise. It doesn’t matter why he was in the house. None of those things justify shooting an unarmed teenager in the back. Nothing does. We want to know and celebrate Nathaniel’s life, perhaps address specific issues that could help other youth. We want to see justice served. But learning those facts to know his life is different than using them to assign blame.

https://www.pghlesbian.com/2026/06/16-year-old-unarmed-gender-nonconforming-teen-nathaniel-potts-shot-to-death-in-the-back/

https://www.wpsdlocal6.com/news/judge-orders-suspect-held-in-jail-pending-trial-for-teens-shooting-death/article_d46bb2a9-90d8-4062-8b9e-912e8d264a5c.html

https://www.wpsdlocal6.com/news/family-friends-demand-justice-for-eldorado-teens-death/article_724954ff-e637-4760-bc91-e95f17395270.html

https://www.facebook.com/WPSDLocal6/posts/nathaniel-potts-16-of-eldorado-was-killed-on-may-20-in-raleigh-and-loved-ones-wa/1434046352091884/

https://www.watsonfuneralhome.net/obituaries/Nathaniel-Joseph-Potts?obId=48519282","Nathaniel Potts was shot in the back while running away from his killer in Raleigh, Illinois (USA) on 20 May 2026.

He was 16, was gender nonconforming and a student at El Dorado High School. #SayHisName #TransLivesMatter #TDoR",https://tdor.translivesmatter.info/reports/2026/05/20/nathaniel-potts_raleigh-illinois-usa_ce32418b,qrcodes/ce32418b.png
Tutu Santos Barbosa,,,photos/2026_05_21_Tutu.jpg,https://www.instagram.com/p/DYuXuhZFjiz/,thumbnails/2026_05_21_Tutu.jpg,21 May 2026,,"Itapororoca, Paraíba",Brazil,BR,-6.86070296,-35.25386035,violence,beaten,"Tutu's body was found with signs of violence under a bridge.

>  A transgender woman known as Tutu was found dead on Thursday morning, the 21st, in Itapororoca, in the interior of Paraíba. Her body was under a bridge over the Mamanguape River, in an area connecting the municipality to Cuité de Mamanguape.
> 
> According to information based on data from the Civil Police, the main suspicion is that Tutu was murdered by being beaten with a stick.
> 
> The police reported that the victim lived in the region.
> 
> The Legal Medicine and Dentistry Center of Guarabira was called to carry out the forensic examination. Investigations are ongoing to identify and locate the suspects.

https://www.otempo.com.br/comportamento/2026/5/22/mulher-trans-e-encontrada-morta-embaixo-de-ponte-no-interior-da-paraiba

https://paraibaonline.com.br/policial/2026/05/21/corpo-de-mulher-trans-e-encontrado-embaixo-de-ponte-no-vale-do-mamanguape/

https://g1.globo.com/pb/paraiba/noticia/2026/05/21/corpo-mulher-trans-encontrado-embaixo-de-ponte-vale-do-mamanguape-pb.ghtml

https://www.instagram.com/p/DYmhf98Nn__/

https://www.instagram.com/p/DYuXuhZFjiz/

https://www.instagram.com/reels/DYqKFi2R9T0/

https://www.facebook.com/100070532162012/posts/uma-mulher-trans-identifica-pelo-vulgo-de-tutu-foi-assass1nada-desta-quinta-feir/1017934017234328/

https://x.com/otempo/status/2057806469408473552","The body of Tutu Santos Barbosa was found with signs of violence under a bridge in Itapororoca, Paraíba (Brazil) on 21-May-2026. #SayHerName #TransLivesMatter #TDoR",https://tdor.translivesmatter.info/reports/2026/05/21/tutu-santos-barbosa_itapororoca-paraiba-brazil_d2e5ce61,qrcodes/d2e5ce61.png
Dominik Jastrzębski,21,,photos/2026_05_21_Dominik-Jastrzebski.jpg,https://www.facebook.com/photo?fbid=1579830264144734&set=a.465263462268092,thumbnails/2026_05_21_Dominik-Jastrzebski.jpg,21 May 2026,,"Lewin Kłodzki, Kłodzko County",Poland,PL,50.40544916,16.29051385,suicide,suicide,"Dominik was a volunteer firefighter. When his body was found his colleagues were among the few to write about his death without using his deadname.

> As reported by Telewizja Klodzka, on May 21, 2026, the body of 21-year-old Dominik Jastrzebski was found in a forest complex in the Lewin Klodzki commune. This concluded an intensive 21-day search, which involved numerous resources from the Fire Department and the Police.
> 
> Dominik was also a member of the Kudowa-Zdrój Volunteer Fire Department and an active volunteer firefighter, participating in numerous rescue operations and missions throughout the region. We extend our sincerest condolences to his family, loved ones, friends, and all his comrades.

https://www.facebook.com/photo?fbid=1579830264144734&set=a.465263462268092

https://www.facebook.com/strazacy/posts/-odszed%C5%82-druh-dominik-jastrz%C4%99bski-21-maja-2026-roku-zako%C5%84czono-trwaj%C4%85ce-od-wielu/1281178897535817/

https://gazetawroclawska.pl/tragiczny-final-3-tygodniowych-poszukiwan-cialo-21-letniej-julii-znalezli-w-lesie-pod-klodzkiem/ar/c1p2-29022837","The body of Dominik Jastrzebski was found in a forested area in Lewin Klodzki, Klodzko County (Poland) on 21 May 2026.

He was 21, and a volunteer firefighter. #SayHisName #TransLivesMatter #TDoR",https://tdor.translivesmatter.info/reports/2026/05/21/dominik-jastrzbski_lewin-kodzki-kodzko-county-poland_56613d84,qrcodes/56613d84.png
Taing Simeng (""Leilei""),35,,photos/2026_05_23_Taing-Simeng.jpg,https://x.com/pponthegrounds/status/2061752540547723391,thumbnails/2026_05_23_Taing-Simeng.jpg,23 May 2026,,"Chbar Ampov, Phnom Penh",Cambodia,KH,11.51535538,104.9678358,violence,stabbed,"Tiang worked in a karaoke bar. She and a taxi driver were both murdered by a group of men who attempted to conceal the bodies by burying them in a sewer pit and concreting it over.

*[Editor's Note: The only photos we could find of Tiang have her face blurred out. If you have better ones, please share them].*

> This tragedy occurred on May 23. That evening, 36-year-old transgender woman Tang Ximeng (transliterated as Taing Simeng, stage name ""Leilei""), who worked at a KTV, received a call from a customer and went out to meet him at a guesthouse in the Tieqiao district, where he had already rented a room in advance.
>
> About two hours later, taxi driver Ai Jinshun *[Editor's Note: other sources say Em Kim Srun]* received a message from Tang Ximeng asking him to pick her up.
>
> After Ai Jinshun arrived at the guesthouse, he disappeared along with Tang Ximeng.

Phnom Penh police arrested four suspects on suspicion of kidnapping and premeditated murder.

> A June 3 post on Phnom Penh Police’s Facebook page, named the suspects, who were arrested on June 1, as Sokha Dani, 27, Yun Kimhorn, 40, Wong Yenlong, 31, and Yu Weiming, 26. On the same day as their arrest, the suspects confessed to the crimes during questioning, leading investigators to a site where the bodies of the two victims were recovered that day.?
> 
> The victims have been identified as Taing Simeng, 35, a transgender woman who worked at a karaoke venue, and 36-year-old taxi driver, Em Kim Srun. The crime took place in Koh Krabey village, Prek Thmey commune, Chbar Ampov district, on May 23, 2026 at 23.30pm.
> 
> Police said the victims' hands and feet had been bound before they were beaten and killed. The suspects buried the bodies together in a pit and poured concrete over them on a plot of land in Prek Leap commune. The taxi driver's vehicle was later found abandoned at a landfill site in Prek Ek, Chbar Ampov district.
> 
> An autopsy concluded that Kim Srun died from a severe wound cut to his left leg, while Simeng died from knife attacks. Authorities classified both deaths as murder. Police said they seized several items linked to the crime, including a wooden stick, an axe, electrical wires and an iPhone. Currently police are investigating any remaining accomplices in the case.

https://kiripost.com/stories/four-arrested-over-brutal-murder-of-bodies-poured-in-concrete-in-phnom-penh

https://www.khmertimeskh.com/501911380/four-arrested-over-murders-of-transgender-woman-taxi-driver/

https://kohsantepheapdaily.com.kh/article/2244263.html

https://www.facebook.com/groups/1570448163283501/permalink/4435135513481404/

https://x.com/pponthegrounds/status/2061752604594692158

https://x.com/pponthegrounds/status/2061752540547723391","Taing Simeng and a taxi driver were both killed by a group of men in Prek Thmey, Chbar Ampov (Cambodia).

Taing was 35 and worked in a karaoke bar. #SayHerName #TransLivesMatter #TDoR",https://tdor.translivesmatter.info/reports/2026/05/23/taing-simeng-leilei_chbar-ampov-phnom-penh-cambodia_7fde9553,qrcodes/7fde9553.png
Jasmine,,,photos/2026_05_23_Jasmine.jpg,https://www.cp24.com/local/toronto/2026/05/29/toronto-homicide-victim-remains-unidentified-police-are-asking-the-public-for-help/,thumbnails/2026_05_23_Jasmine.jpg,23 May 2026,,"Toronto, Ontario",Canada,CA,43.65869231,-79.36952789,violence,murdered,"Jasmine was found unresponsive inside a garage. Boubacar Dembele, 30, was arrested on second degree murder charges.

> Toronto police are seeking the public’s help in identifying an unknown homicide victim who was found inside a private garage last weekend in Cabbagetown.
> 
> Officers say they discovered the victim following a medical complaint in the area of Dundas and Seaton streets shortly after 9 a.m. on May 23.
> 
> In a news release, police say they were initially “flagged down regarding an unresponsive person located inside a private garage in a laneway.”
> 
> The victim was found with obvious signs of trauma and pronounced dead at the scene, police say.
> 
> Their cause of death was not disclosed.
> 
> On Tuesday, investigators announced they had charged 30-year-old Toronto resident Boubacar Dembele with second-degree murder. Investigators told CTV News at the time that Dembele has “no connection” to the private garage where the body was discovered.
> 
> The victim, who was initially described as a woman “in error,” was wearing a silver necklace with a heart-shaped pendant featuring wings and a single clear stone in the centre. The victim also had on a black jacket bearing the words “Vision Youth Leaders Program.”
> 
> Now police are hoping that new photos along with a digital restoration and approximation image can help with their investigation.

*[Editor's Note: The name given on this page is taken from a comment on a social media post. Initial media reports reported that they were female, but subsequent ones stated that they were male. This pattern of reporting suggests that the victim was indeed a trans woman.]*
 
https://www.cp24.com/local/toronto/2026/05/29/toronto-homicide-victim-remains-unidentified-police-are-asking-the-public-for-help/

https://toronto.citynews.ca/2026/05/29/toronto-police-homicide-victim-cabbagetown-images/

https://www.facebook.com/ricarte.encabo/posts/pfbid02rxU1oWpfbRxdEf47DLduqNRAqwu3389mgbka6anCNSkB9YX8j1do9vPdmC3M2uC5l

https://www.facebook.com/groups/1570448163283501/posts/4419981058330183","Jasmine was found unresponsive inside a garage in the Cabbagetown area of Toronto, Ontario (Canada) on 23 May 2026. #SayHerName #TransLivesMatter #TDoR",https://tdor.translivesmatter.info/reports/2026/05/23/jasmine_toronto-ontario-canada_ddeba5bb,qrcodes/ddeba5bb.png
Chandini,35,,,,trans_flag.jpg,24 May 2026,,"Greater Noida, Uttar Pradesh",India,IN,28.46465241,77.50500872,violence,beaten,"Chandini's body was found in her room. Subsequently a 26 year-old was arrested on murder charges.

*[Editor's Note: The spelling of the victim's name differs between sources as Chandini or Chandni. It is not known which is correct]*

> A 32-year-old man was found hanging in a park while a transgender person was found dead with head injuries in a rented room in two separate incidents in Greater Noida, police said on Monday.
> 
> In the first incident, police received information about a man allegedly dying by suicide inside a park under the Knowledge Park police station limits.
> 
> In another incident, a 35-year-old trans person, identified as [deadname] alias Chandini, was found dead in a rented room in Tugalpur village on Sunday, police said.
> 
> According to police, injury marks were found on the head of the deceased. A Forensic Science Laboratory (FSL) team inspected the spot before the body was sent for post-mortem examination.
> 
> Local residents claimed that Chandini had been living in the village for a long time and suspected she was murdered, police added.

https://timesofindia.indiatimes.com/city/noida/youth-accused-of-killing-trans-woman-over-affair-arrested/articleshow/131336414.cms

https://www.devdiscourse.com/article/headlines/3921421-electrician-trans-person-found-dead-in-separate-incidents-in-greater-noida-probe-underway?amp

https://www.millenniumpost.in/delhi/electrician-trans-person-found-dead-in-separate-incidents-661551

https://theprint.in/india/electrician-trans-person-found-dead-in-separate-incidents-in-greater-noida-probe-underway/2941275/","Chandini's body was found in her room in Tugalpur Village in Greater Noida, Uttar Pradesh (India) on 24 May 2026. Her partner was arrested on murder charges.

She was 35. #SayHerName #TransLivesMatter #TDoR",https://tdor.translivesmatter.info/reports/2026/05/24/chandini_greater-noida-uttar-pradesh-india_1d68ce0e,qrcodes/1d68ce0e.png
Murry Foust,,,photos/2026_05_24_Murry-Foust.jpg,https://myemail.constantcontact.com/MISSING-UPDATE---Death-Investigation---1-Steel-Plant-Rd--Wilder--KY.html?soid=1102712869604&aid=o6ncmXpPbX4,thumbnails/2026_05_24_Murry-Foust.jpg,24 May 2026,,"Wilder, Kentucky",USA,US,39.02335261,-84.48252975,suicide,possible suicide,"Murry's body was found just under a month after he had gone missing from his apartment, leaving his phone behind.

An art scholarship is being established in his name.

> Friends, loved ones, and community members are mourning after the body of Murry Foust, a 22-year-old trans man and student at Northern Kentucky University, was found on Sunday night.
> 
> “While our hearts are broken and this is not the outcome we were hoping for, we can only pray that finding them provides closure and comfort to everyone who is hurting,” Foust’s family wrote in a statement posted to Facebook on Monday.
> 
> Foust was last seen alive on April 27, captured on security footage in Covington, Kentucky’s Latonia neighborhood. Friends told local ABC affiliate WCPO that he was heading to class but left his phone at his apartment in the same neighborhood. After nearly a month, an independent search party found his body on May 24 near 1 Steel Plant Road, an industrial area in Wilder, Kentucky, across the Licking River from Latonia. The Covington Police Department said that they did not currently suspect foul play, but a coroner’s report has yet to be released.
> 
> Foust, who used he/they pronouns according to friends, was a senior majoring in fine arts at NKU. He would have graduated May 8. His art is scheduled to be shown at the Cincinnati Art Museum’s “Art After Dark” series on May 29. In the post from his family, which often uses his deadname with “Murry” in quotation marks, they state that an art scholarship will also be established in Foust’s memory. There will also be a pottery fundraiser held at NKU in the future, the family said.
> 
> In the comments of the post, friends of Foust have begun posting their favorite memories of him, honoring how he showed up as a friend, artist, and student.
> 
> “Murry was one of my first friends I made in college, and helped me feel so much comfortable about myself, especially where I had came up to northern Kentucky knowing zero people,” Serenity Newell wrote. “I saw them a day or two before they had went missing and they were so sweet. I had dressed extra nice that day and they went and complimented me in detail for about 5 minutes straight […] I was going through our messages between each other today and was in disbelief that any of this was real. They were a big inspiration in my art and I strived to be more like them and try to poor more of my soul into each of my creations as they did.”

https://www.newsweek.com/murry-foust-mom-speaks-out-transgender-student-dead-11993921

https://www.them.us/story/murry-foust-scholarship-fund-northern-kentucky-university-student-found-dead

https://www.thepinknews.com/2026/06/09/university-awards-trans-student-murry-foust-posthumous-arts-degree-at-memorial/

https://www.lgbtqnation.com/2026/06/missing-trans-art-student-found-after-weeks-of-searching/

https://www.them.us/story/murry-foust-posthumous-degree-awarded-northern-kentucky-university

https://www.msn.com/en-us/news/crime/mom-shares-heartbreaking-post-as-transgender-student-found-dead/ar-AA246cCY

https://www.advocate.com/news/transgender-kentucky-student-dead

https://www.attitude.co.uk/news/world/missing-trans-student-murry-foust-found-dead-kentucky-523378/

https://www.thepinknews.com/2026/05/26/murry-foust-trans-student-art-scholarship/

https://www.them.us/story/murry-foust-body-found-northern-kentucky-university

https://www.them.us/story/search-for-trans-student-murry-foust-enters-week-two-search-radius

https://eu.cincinnati.com/story/news/2026/05/13/murry-foust-search-update-nku-student-missing/90031397007/

https://www.them.us/story/murry-foust-northern-kentucky-university-missing-person-search

https://myemail.constantcontact.com/MISSING-UPDATE---Death-Investigation---1-Steel-Plant-Rd--Wilder--KY.html?soid=1102712869604&aid=o6ncmXpPbX4

https://www.instagram.com/p/DYxMIIChjQ6/","The body of Murry Foust was found in Wilder, Kentucky on 24 May 2026, just under a month after he had gone missing from his apartment. #SayHisName #TransLivesMatter #TDoR",https://tdor.translivesmatter.info/reports/2026/05/24/murry-foust_wilder-kentucky-usa_b2e4282e,qrcodes/b2e4282e.png
Michelle Jiménez,,,photos/2026_05_25_Michelle-Jimenez.jpg,https://www.facebook.com/canal31sanvicente/posts/nota-%C3%B3scar-ventura-jim%C3%A9nez-mejor-conocido-en-el-trabajo-sexual-por-su-faceta-de-/975009195379674/,thumbnails/2026_05_25_Michelle-Jimenez.jpg,25 May 2026,,"Armenia, Sonsonate",El Salvador,SV,13.74618296,-89.50739623,suicide,suicide,"Michelle died by suicide.

> [Deadname] Jimenez, known as the [trans woman] Michelle Jimenez, was found dead inide her residence located in colonia San Fernando 1, near the former train station in the district of Armenia, Sonsonate East.
>
> Preliminarily, the version that Jimenez would have removed the v1da is handled, for unknown reasons. The body was located [suicide method redacted].
>
> Elements of the relevant institutions arrived at the site to carry out the procedure of inspection and lifting of the body.

https://www.facebook.com/canal31sanvicente/posts/nota-%C3%B3scar-ventura-jim%C3%A9nez-mejor-conocido-en-el-trabajo-sexual-por-su-faceta-de-/975009195379674/

https://www.facebook.com/cojutenoticias/photos/%C3%B3scar-ventura-jim%C3%A9nez-un-hombre-trans-conocido-como-michel-mi-cuerpo-decidi%C3%B3-pon/1461504195990040/

https://www.instagram.com/p/DYyCS17ljUI/

https://x.com/croniosv/status/2059071717893456169","Michelle Jiménez died by suicide in Armenia, Sonsonate (El Salvador) on 25 May 2026.v#SayHerName #TransLivesMatter #TDoR",https://tdor.translivesmatter.info/reports/2026/05/25/michelle-jimenez_armenia-sonsonate-el-salvador_e07977fb,qrcodes/e07977fb.png
Persia Amarra Conway,33,31 Mar 1993,photos/2026_05_26_Persia-Amarra-Conway.jpg,https://www.them.us/story/transgender-victim-houston-bayou-body-found,thumbnails/2026_05_26_Persia-Amarra-Conway.jpg,25 May 2026,,"Houston, Texas",USA,US,29.68186115,-95.54770983,violence,murdered,"Persia's body was found next to Brays Bayou in southwest Houston. Police suspect that her body was dumped there.

> HOUSTON, Texas (KTRK) -- Detectives say the body of a transgender person was discovered near Brays Bayou in southwest Houston on Monday morning.
> 
> According to the Houston Police Department, at about 8:15 a.m. in the 8900 block of Country Creek, walkers found the nude body next to the bayou. Authorities said the Houston Fire Department initially responded to the scene, where officials pronounced the person dead.
> 
> Investigators said they are referring to the victim as transgender because of the person's outward appearance. Police said this appears to be a murder and are investigating whether the body was dumped near the bayou, stating that ""it's not going to be an accident.""

> Update 5/30/26: The previously unidentified transgender woman whose body was found near the Brays Bayou waterway earlier this week has now been named as Persia Amarra Conway, a 33-year-old described in a post by her family as “kind-hearted,” “funny,” and “headstrong like her mama.”
> 
> The news was first confirmed by the Instagram account for Blaque Out magazine, which focuses on Black queer culture, citing social media posts by Conway’s family.
> 
> “Most people may not know this, but I am the proud mother of a beautiful transgender daughter, Persia Amarra Conway,” Michelle P. Simmons wrote in a Facebook post on Friday. “A few days ago, my world changed forever. A monster in Houston, Texas, took my baby’s life.”
> 
> “Persia was not just my daughter. She was a light. She was a force. She was the kind of person who could walk into a room and leave it brighter than she found it. To know her was to love her.”
> 
> Her post ended with an expression of gratitude “to the transgender community, to our family, to friends, and to complete strangers who have reached out with prayers, love, support, and compassion.”
> 
> “Your messages, calls, and kind words are carrying us through some of the darkest moments of our lives,” Simmons wrote.

On 10th June 2026 Daniel Arnulfo Ceron, 22, was arrested and charged with murder.

https://www.them.us/story/man-arrested-for-murder-of-persia-amarra-conway-houston-trans-woman

https://cw39.com/crime/suspect-confesses-transgender-murder/

https://www.thepinknews.com/2026/06/12/man-charged-with-murder-over-death-of-transgender-woman-persia-amarra-conway-in-houston/

https://www.telemundohouston.com/video/local/ante-un-juez-acusado-por-muerte-de-mujer-transgenero/2564428/

https://www.click2houston.com/news/local/2026/06/11/man-arrested-charged-in-death-of-transgender-woman-whose-body-was-found-in-brays-bayou-in-may/

https://www.chron.com/news/houston-texas/article/persia-conway-trans-woman-houston-22301066.php

https://www.houstonchronicle.com/news/houston-texas/article/brays-bayou-murder-22300715.php

https://abc13.com/story/man-arrested-charged-murder-connection-transgender-womans-death-records-show/19275611/

https://www.fox26houston.com/news/persia-conway-murder-update-arrest-houston-bayou-body-death-brays-2026

https://www.chron.com/culture/article/persia-amarra-conway-vigil-transgender-22289353.php

https://www.them.us/story/persia-amarra-conway-vigil-houston

https://www.advocate.com/news/houstons-lgbtq-community-will-hold-a-vigil-for-persia-amarra-conway-your-death-will-not-be-in-vain

https://www.click2houston.com/news/local/2026/06/02/vigil-planned-for-transgender-woman-whose-body-was-found-in-brays-bayou/

https://abc13.com/post/questions-remain-death-transgender-woman-body-was-found-brays-bayou/19222498/

https://www.fox26houston.com/news/family-advocates-gather-vigil-honoring-persia-amara-conway-call-answers-death-investigation

https://abc13.com/post/questions-remain-death-transgender-woman-body-was-found-brays-bayou/19222498/

https://www.them.us/story/transgender-victim-houston-bayou-body-found

https://www.thepinknews.com/2026/06/01/trans-woman-found-dead-near-houston-bayou-identified-as-persia-amarra-conway/

https://www.houstonchronicle.com/news/houston-texas/crime/article/memorial-day-beechnut-body-found-22275507.php

https://abc13.com/post/body-discovered-brays-bayou-southwest-houston-according-hpd-homicide-detectives/19168710/

https://www.aol.com/news/body-discovered-near-brays-bayou-235301265.html

https://www.facebook.com/abc13Houston/posts/pfbid02aPdbY6GVQPqm9dbunDTtMSrSJm4NvggJaX1D5QqymDtuAmFWnS4MyExoh8h16GmTl

https://www.facebook.com/KPRC2/posts/developing-a-body-was-discovered-monday-morning-near-brays-bayou-in-southwest-ho/1476625407833016/

https://www.facebook.com/watch/?v=1997783930825606

https://www.instagram.com/blaqueoutmagazine/p/DY7r0ASFMgl/

https://www.youtube.com/watch?v=IHKRI0PwFdk

https://www.youtube.com/shorts/IHyr5t9NOvQ

https://www.youtube.com/watch?v=QRwNGu5f9u0","The body of Persia Amarra Conway was found next to Brays Bayou in southwest Houston, Texas (USA) on 26 May 2026. Police suspect that her body was dumped there.

She was 33. #SayHerName #TransLivesMatter #TDoR",https://tdor.translivesmatter.info/reports/2026/05/25/persia-amarra-conway_houston-texas-usa_7815a5ea,qrcodes/7815a5ea.png
Reina Mengueña,26,,photos/2026_05_25_Reina-Menguena.jpg,https://www.laprensani.com/2026/05/25/sucesos/3704301-asesinan-mujer-trans-reina-menguena-chontales,thumbnails/2026_05_25_Reina-Menguena.jpg,25 May 2026,,"Santo Domingo, Chontales",Nicaragua,NI,12.26552953,-85.08061405,violence,stabbed,"Reina was stabbed in the street by unidentified assailant(s).

> A 26-year-old transgender woman known as la Reina Mengueña was brutally stabbed to death early Monday morning in Santo Domingo, Chontales department. The case is under investigation by the National Police.
> 
> Authorities have launched an operation to identify those responsible for the crime, which is already being investigated as a possible hate crime. According to the news site Punto Noticioso TV, the victim was stabbed in the left side of the chest, a wound that proved fatal.
> 
> A video posted on the Facebook page Santo Domingo Activo shows the last moments of Reina Mengueña's life. The footage shows her walking along one of the streets of the municipality, visibly injured and covered in blood. According to preliminary information, her body was found hours later on a street in downtown Santo Domingo.
> 
> There are still no clear clues about the perpetrator of the attack or the motives that triggered the tragedy.
> 
> The incident has caused consternation in the town where she grew up. Known as the Queen of Mengueña, she was a well-known figure within the LGBT community for her charisma and her constant participation in equestrian events and festivities.
> 
> Among the first reactions after her death was that of the Toros de Chontales baseball team, which last year became runner-up in the Germán Pomares 2025 National Championship. The Queen of Mengueña was a prominent fan of this team, which deeply mourned her passing.

https://www.articulo66.com/2026/05/25/asesinato-hernaldo-hernandez-reina-menguena-chontales/

https://www.laprensani.com/2026/05/25/sucesos/3704301-asesinan-mujer-trans-reina-menguena-chontales

https://www.facebook.com/reel/979713578319233","Reina Mengueña was stabbed in the street by unidentified assailant(s) in Santo Domingo, Chontales (Nicaragua) on 25 May 2026.

She was 26. #SayHerName #TransLivesMatter #TDoR",https://tdor.translivesmatter.info/reports/2026/05/25/reina-menguena_santo-domingo-chontales-nicaragua_8ce9261a,qrcodes/8ce9261a.png
Yasmin,26,,,,trans_flag.jpg,25 May 2026,,"Raipura Upzilla, Narsingdi",Bangladesh,BD,23.99330691,90.85497302,violence,throat cut,"Yasmin was one of two trans people attacked by unidentified assailant(s) at a poultry farm. The other victim was taken to hospital in critical condition.

> The police recovered the throat slit body of a third gender and rescued another in critical condition in Raipura upazila of Narsingdi on Monday.
> 
> The deceased is Yasmin, 26, also known as Suman, from Pirijkandi village in the upazila.
> 
> The injured, identified as Chandni, 26, also known as Babu, is from the same area, and was sent to Dhaka Medical College Hospital in critical condition.
> 
> Raipura police station officer-in-charge Mujibur Rahman said that the incident occurred around midnight at a poultry farm in the Pirijkandi railgate area of Mirzapur union.
> 
> On information, the police went to the scene and recovered the body, he said, adding that multiple injury marks were found on the victim’s body.
> 
> ‘It was primarily suspected that the murder may have stemmed from previous enmity. However, the exact reason of the murder will be known after an investigation,’ Mujibur said.
> 
> The police were trying to identify those involved and determine the motive behind the killing, he said, adding that no case was filed as of Monday evening.

https://www.newagebd.net/post/country/300906/transgender-killed-another-injured-in-narsingdi","Yasmin was one of two #trans people attacked by unidentified assailant(s) at a poultry farm in Raipura Upzilla, Narsingdi (Bangladesh) on 25 May 2026. The other victim was taken to hospital in critical condition.

She was 26. #SayHerName #TransLivesMatter #TDoR",https://tdor.translivesmatter.info/reports/2026/05/25/yasmin_raipura-upzilla-narsingdi-bangladesh_b2d004d7,qrcodes/b2d004d7.png
Maria Vanúbia,,,photos/2026_05_27_Maria-Vanubia.jpg,https://www.instagram.com/reels/DY5ZWrtArTR/,thumbnails/2026_05_27_Maria-Vanubia.jpg,27 May 2026,,"Franco da Rocha, São Paulo",Brazil,BR,-23.30330612,-46.76795189,violence,not reported,"Maria's body was found in undergrowth with signs of violence.

> The body of a trans woman was found lifeless and with marks of violence in a forest area of Franco da Rocha, in the metropolitan region of São Paulo. She was only in her underwear.
> 
> The discovery happened after an employee of a farm located the body and called the Municipal Guard. The day before, there was a party at the site that ended around 7 am. The owner of the farm could not say if the woman was present at the celebration.
> 
> The suspicion is that she fell from a slab after the party. However, the police are investigating whether she died on the spot or had her body taken to the woods. The area has been cordoned off and no suspects have been located so far.

https://record.r7.com/balanco-geral-manha/video/corpo-de-mulher-trans-e-encontrado-com-marcas-de-violencia-em-area-de-mata-de-franco-da-rocha-sp-29052026/

https://www.facebook.com/redenewsjornalismo/posts/mulher-trans-encontrada-morta-em-franco-da-rocha-%EF%B8%8Fcorpo-de-mulher-trans-%C3%A9-encont/1425909039564311/

https://www.facebook.com/watch/?v=1299100435536050

https://www.facebook.com/watch/?v=2238793739990779

https://www.instagram.com/p/DY5RCkpFkl5/

https://www.instagram.com/reels/DY5ZWrtArTR/

https://www.instagram.com/reels/DY4sBMCOF09/

https://www.instagram.com/reels/DY4SecGiSWM/

https://www.youtube.com/watch?v=XQPpOYpyddY","The body of Maria Vanúbia was found with signs of violence in Franco da Rocha, São Paulo (Brazil) on 27 May 2026. #SayHerName #TransLivesMatter #TDoR",https://tdor.translivesmatter.info/reports/2026/05/27/maria-vanubia_franco-da-rocha-sao-paulo-brazil_2e98a20d,qrcodes/2e98a20d.png
Maât,25,,photos/2026_05_28_Maat.jpg,https://www.gofundme.com/f/pqrbax-maat,thumbnails/2026_05_28_Maat.jpg,28 May 2026,,Paris,France,FR,48.85789215,2.34771879,suicide,suicide,"Maât died by suicide.

> Her name was Maât, she [suicide method redacted] in Paris on the 28th May, she loved sewing (and studied it).
>
> She was a trans woman of 25 yo. I'm going to her cremation ceremony the 17th june so i will give you more information then.
>
> She lives.

https://www.gofundme.com/f/pqrbax-maat","Maât died by suicide in Paris (France) on 28 May 2026.

She was 25. #SayHerName #TransLivesMatter #TDoR",https://tdor.translivesmatter.info/reports/2026/05/28/maat_paris-france_79c4cfa7,qrcodes/79c4cfa7.png
Deniz Soydam,,,photos/2026_06_02_Deniz-Soydam.jpg,https://kaosgl1.org/gokkusagi-forumu-kose-yazisi/deniz-soydam-in-ardindan,thumbnails/2026_06_02_Deniz-Soydam.jpg,2 Jun 2026,,"Mersin, Akdeniz",Turkey,TR,36.80068854,34.60808842,suicide,suicide,"Deniz was a trans woman who felt transphobic pressure in every aspect of her life and struggled to survive despite all the difficulties she faced.

> I first heard Deniz Soydam's name through a solidarity message that appeared in a WhatsApp group.
> 
> We now have various WhatsApp groups, big and small. We created them solely to share messages of solidarity and organize support for LGBTQ+ individuals in need. These needs can sometimes be a bed, sometimes a sofa, a refrigerator, money for hospital expenses, or support for those who have to move… None of us are wealthy. In short, we take from the poor and give to the poor. And almost every day we receive a new call for solidarity.
> 
> Deniz was someone whose name I heard after her house in Mersin was targeted in an arson attack. Thanks to our friends in Mersin, they organized us all very quickly. We showed solidarity, without hesitation. A new house was found. The move was organized. We were able to breathe a little easier, even if only for a short time.
> 
> Another journalist might have pursued that arson incident. But for a long time now, I've been guided by a different reflex than journalistic reflexes: solidarity, even if it means saving the moment. Prioritizing the safety of LGBTQ+ people over news and articles. There's a name for that in the literature, too. But frankly, I don't really care.
> 
> There was no follow-up, it couldn't be. It wasn't enough to bandage the wounds left by years of unemployment and violence. Deniz left us. She ended her life. Another case has been added to the already pressing issue of transgender suicides.
> 
> Umut Derin from Muamma LGBTI+ shared the news. I was stunned. No matter how many suicides I see or hear about, this feeling of being stunned never goes away. And it shouldn't. Because trans people aren't like water jugs that will break on the way to the well.
> 
> It shouldn't be like that.
> 
> Suicide and murder shouldn't be the fate of trans people. We know there's another way. To broaden that path, we need more than just a handful of LGBTQ+ people who can afford temporary fixes.
> 
> To prevent new Denizs, Aryas, and Esras from emerging, we need to return to their lives and give them the dignity they deserve. We need to move beyond treating dignity as merely an emotion and build a life lived with human dignity.
> 
> There is much to be done, and as long as there are only a handful of people willing to do it, this list will grow longer.

https://kaosgl1.org/gokkusagi-forumu-kose-yazisi/deniz-soydam-in-ardindan

https://umutgazetesi45.org/arsivler/146226

https://kaosgl1.org/haber/lgbti-derneklerinden-deniz-soydam-icin-aciklama-34-nefretinizle-yasamdan-kopardiginiz-her-bir-arkadasimizin-hesabini-sormaya-devam-edecegiz-34

https://www.instagram.com/p/DZDZR4woLAM/

https://www.instagram.com/pembehayatlgbti/p/DZIMPrmDQUm/",Deniz Soydam died by suicide in Mersin in Akdeniz (Turkey) on 2 Jun 2026. #SayHerName #TransLivesMatter #TDoR,https://tdor.translivesmatter.info/reports/2026/06/02/deniz-soydam_mersin-akdeniz-turkey_d70356ff,qrcodes/d70356ff.png
Natália dos Anjos Molina,33,,photos/2026_06_05_Natalia-dos-Anjos-Molina.jpg,https://capivaranews.com/homem-mata-mulher-trans-e-marido-no-taquarussu-para-defender-esposa-de-agressoes,thumbnails/2026_06_05_Natalia-dos-Anjos-Molina.jpg,5 Jun 2026,,"Campo Grande, Mato Grosso do Sul",Brazil,BR,-20.4805976,-54.63299285,violence,shot,"Natália and her husband Ademar Spacino Júnior were both shot dead by a neighbour. He was arrested on charges of homicide, threats, and illegal possession of a firearm.

> Nathalia dos Anjos Molina, a 33-year-old trans woman, and her husband Ademar Spacino Júnior, 38, were shot dead in the early hours of Friday (5), in Vila Taquarussu, in Campo Grande. The suspect in the murder was arrested and claimed he killed them because they assaulted his wife.
> 
> Nathalia's mother disagrees with this version of events, saying the motive was that the couple was same-sex. Family and friends of the victims also said that the suspect was considered problematic and caused trouble with everyone in the village.
> 
> Nathalia was known for helping her mother with her bar and snack business, and she didn't deserve to ""die like that.""
> 
> According to the police report, the perpetrator's wife stated that the victim couple spent the night consuming alcohol and drugs and that there was a history of threats, including a police report filed in March of this year. She reported that, upon leaving for work around 5:30 a.m., she was approached aggressively by the victims.
> 
> According to the woman, Nathalia delas tried to hit her with a piece of wood, while Ademar allegedly threatened to get a knife to kill her.
> 
> The suspect, identified as Deivison, told police that he went out to defend his wife and that Nathalia had tried to attack him with a piece of wood. He stated that he fired shots at the victim and then shot Ademar after seeing him with a knife in his hands. After the crime, he fled the scene and was located at his mother-in-law's house.
> 
> However, evidence gathered by forensics could be crucial in clarifying the sequence of events. According to the police report, Nathalia had three entry wounds in her back, while Ademar was hit by two shots in the chest area. A revolver and ammunition were seized at the suspect's residence.
> 
> The case was registered as simple homicide, threats, and illegal possession of a firearm. The Civil Police are investigating the circumstances of the double homicide and will determine if there was a transphobic motive, as claimed by the victims' families, or if the crime occurred after a series of threats and conflicts described by the suspects.

https://midiamax.com.br/policia/2026/mae-vai-atuar-assistente-acusacao-caso-mulher-trans-morta-vizinho/

https://www.campograndenews.com.br/cidades/capital/mae-de-mulher-trans-assassinada-se-habilita-como-assistente-de-acusacao

https://www.jd1noticias.com/justica/2026/06/14/mae-de-travesti-assassinada-entra-no-processo-e-pede-prisao-de-autor-confesso.html

https://www.campograndenews.com.br/cidades/capital/ou-era-eu-ou-era-eles-diz-homem-que-matou-trans-e-marido-em-depoimento

https://www.jd1noticias.com/justica/2026/06/07/mp-recorre-e-quer-prisao-de-homem-que-matou-travesti-e-marido-no-taquarussu.html

https://www.campograndenews.com.br/cidades/capital/autor-de-duplo-homicidio-ganha-liberdade-e-pode-ter-agido-em-legitima-defesa

https://capivaranews.com/homem-mata-mulher-trans-e-marido-no-taquarussu-para-defender-esposa-de-agressoes","Natália dos Anjos Molina and her husband Ademar Spacino Júnior were both shot dead by a neighbour in Campo Grande, Mato Grosso do Sul (Brazil) on 5 Jun 2026.

She was 33. #SayHerName #TransLivesMatter #TDoR",https://tdor.translivesmatter.info/reports/2026/06/05/natalia-dos-anjos-molina_campo-grande-mato-grosso-do-sul-brazil_c6fceb48,qrcodes/c6fceb48.png
Abi Bexo,31-32,,photos/2026_06_07_Abi-Bexo.jpg,https://www.facebook.com/soydiarionoticiasdospuntos21/posts/-dosquebradas-amaneci%C3%B3-con-una-tragedia-identifican-a-abi-bexo-la-mujer-trans-qu/122203416080522998/,thumbnails/2026_06_07_Abi-Bexo.jpg,7 Jun 2026,,"Dosquebradas, Risaralda",Colombia,CO,4.83768413,-75.66828403,violence,stabbed,"Abi was stabbed in the street by a woman who had argued with her. Her attacker was arrested.

> RISARALDA, COLOMBIA (JUNE 9, 2026) – A judge ordered the detention of Mariana Mejía Sánchez, 33, in a prison facility. Authorities have identified her as the alleged perpetrator of the murder of [deadname] Benavides Álvarez, 32, in events that occurred in the municipality of Dosquebradas.
> 
> According to the investigation, the case was registered at around 3:10 a.m. on June 7th at Carrera 16 with Calle 47 in the Los Naranjos neighborhood.
> 
> According to the Prosecutor's Office, Mariana Mejía Sánchez allegedly had an altercation with [Abi], a member of the LGBTQ+ community, and during the confrontation she allegedly used a bladed weapon, possibly a knife, to attack her. The victim suffered multiple injuries.
> 
> Upon arriving at the scene, uniformed police officers found a woman lying on the ground and several people present pointed to Mariana Mejía Sánchez as the alleged aggressor.
> 
> [Abi] was transported by ambulance to Santa Monica Hospital, where she was admitted with severe injuries to her chest, torso, arms, and legs. Despite resuscitation efforts by medical personnel, she died due to the severity of her injuries.
> 
> Since the victim was not carrying identification documents upon arrival, her body was initially taken to the Forensic Medicine Institute as an unidentified body. Later, through forensic procedures and fingerprint verification, her identity was fully established.
> 
> The 17th Local Prosecutor's Office (URI) of Pereira charged Mariana Mejía Sánchez with homicide.

https://analisisurbano.org/a-la-carcel-senalada-de-causar-la-muerte-de-una-mujer-trans-en-dosquebradas/

https://www.lapatria.com/sucesos/en-una-rina-asesinan-mujer-trans-la-apunalaron-varias-veces-en-avenida-de-esta-ciudad-del

https://www.facebook.com/lapatria.manizales/posts/en-la-madrugada-del-domingo-7-de-junio-una-mujer-trans-fue-asesinada-en-medio-de/1468005668686948/

https://www.facebook.com/soydiarionoticiasdospuntos21/posts/-dosquebradas-amaneci%C3%B3-con-una-tragedia-identifican-a-abi-bexo-la-mujer-trans-qu/122203416080522998/

https://www.instagram.com/reel/DZY02qsDlD7/","Abi Bexo was stabbed in the street in Dosquebradas, Risaralda (Colombia) on 7 Jun 2026. #SayHerName #TransLivesMatter #TDoR",https://tdor.translivesmatter.info/reports/2026/06/07/abi-bexo_dosquebradas-risaralda-colombia_a1fc79ce,qrcodes/a1fc79ce.png
Alexa Álvarez Ríos,29,,photos/2026_06_07_Alexa-Alvarez-Rios.jpg,https://www.facebook.com/reel/993628873588143/,thumbnails/2026_06_07_Alexa-Alvarez-Rios.jpg,7 Jun 2026,,"Ezeiza, Buenos Aires",Argentina,AR,-34.84656663,-58.54043928,custodial,suicide,"Alexa died by suicide in a prison cell after officials denied her access to mental health care.

> It has been reported that Alexa Álvarez Ríos, 29, a trans woman and inmate of Penitenciario Federal de Ezeiza, committed suicide because prison authorities denied her access to mental health care. The Federal Court of Lomas de Zamora is investigating.  
> 
> ""Alexa was unwell and everyone knew it; it could have been prevented if she had received help from mental health professionals,"" the CUE told Tiempo. They added, ""She was very depressed; we know she had a very hard and painful life.""
> 
> Alexa's body was found lifeless in the early hours of June 7th inside a cell in Pavilion 5, designated for the LGBTQ+ community. The woman was going through a very difficult time and [suicide method redacted], her fellow inmates say; ""she never saw a psychologist.""
> 
> ""We have been denouncing for some time that detainees are dying due to a lack of medical attention and mental health professionals. We are talking about deaths that occur in state custody and that could be prevented ,"" they emphasized.
> 
> Students denounced her death, saying ""We consider it a slow-motion genocide, something very ugly that expresses a great contempt for human life.""

https://www.tiempoar.com.ar/ta_article/penal-de-ezeiza-denuncian-que-una-detenida-trans-se-suicido-porque-no-le-brindaron-asistencia/

https://www.facebook.com/DiarioTiempoArgentino/posts/pfbid02sNcKEY8fsjL3p48TkayW8jTKLU964fgNG2uzibm9hXhKMif4fBstYSTTvpUmPmUZl","Alexa Álvarez Ríos died by suicide in a prison cell in Ezeiza, Buenos Aires (Argentina) on 7 Jun 2026 after officials denied her access to mental health care.

She was 29. #SayHerName #TransLivesMatter #TDoR",https://tdor.translivesmatter.info/reports/2026/06/07/alexa-alvarez-rios_ezeiza-buenos-aires-argentina_ea88feba,qrcodes/ea88feba.png
Marlow Trottie,35,,photos/2026_06_08_Marlow-Trottie.jpg,https://www.them.us/story/marlow-trottie-trans-woman-and-sweetest-person-killed-in-louisiana,thumbnails/2026_06_08_Marlow-Trottie.jpg,8 Jun 2026,,"Alexandria, Louisiana",USA,US,31.28481327,-92.45706054,violence,murdered,"Marlow was murdered. No other information is known.

> Family, friends, and the LGBTQ+ community are mourning Marlow Trottie, a 35-year-old Black trans woman who was found dead in Alexandria, Louisiana, on 8 June.
>
> Police have confirmed in an Alexandria Police Department press release that her death is being investigated as a homicide, though authorities have not yet released details about how she was killed or whether any suspects have been identified.
>
> Friends, family members and former classmates have remembered Trottie as a kind-hearted person who could make anyone laugh. One classmate described her in a Facebook comment as “literally the sweetest person I’ve ever met,” while others recalled her constant smile and positive spirit.
>
> While some people who knew Trottie refer to her with “he/him” pronouns online, across several of her social media profiles, Trottie publicly identified as female and frequently shared uplifting messages about resilience, authenticity, and self-acceptance.
>
> “I am me,” one post read. “I don’t pretend to be everyone else. I don’t want to be like everyone else. And I will not change who I am just to fit in.”

<iframe src=""https://www.facebook.com/plugins/post.php?href=https%3A%2F%2Fwww.facebook.com%2Frevkelleyfinch%2Fposts%2Fpfbid0Qjk3Fw4Hh8qi4PSvEeFdaLWMUMS7CSjm2FviSHv2QEt7aGyT9pVdh5q8gcFTfaPyl&show_text=true&width=500"" width=""500"" height=""668"" style=""border:none;overflow:hidden"" scrolling=""no"" frameborder=""0"" allowfullscreen=""true"" allow=""autoplay; clipboard-write; encrypted-media; picture-in-picture; web-share""></iframe>

https://www.pghlesbian.com/2026/06/marlow-trottie-35-is-the-latest-black-trans-woman-victim-of-homicide/

https://www.thepinknews.com/2026/06/12/marlow-trottie-homicide/

https://eu.shreveporttimes.com/story/news/2026/06/12/was-a-transgender-woman-killed-in-alexandria-louisiana-identified-as-marlow-trottie-homicide-case/90526578007/

https://www.sentidog.com/2026/06/12/la-policia-investiga-el-asesinato-de-la-mujer-trans-marlow-trottie-en-luisiana/

https://www.them.us/story/marlow-trottie-trans-woman-and-sweetest-person-killed-in-louisiana

https://www.kalb.com/2026/06/08/apd-investigating-homicide-cummins-street/

https://alexandrialapolice.org/homicide-in-the-2400-block-of-cummins-street/

https://www.facebook.com/revkelleyfinch/posts/pfbid0Qs9TEFUdKvVmndYakXfwwWoAyZmLYJ1ataBNi61JJNdrwJ3GhtdXvdbqbRwTxV5Al

https://x.com/Kaylara0wl/status/2064172235951161461

https://x.com/GouineTestoPupp/status/2064260261733621786","Marlow Trottie was murdered in Alexandria, Louisiana (USA) on 8 Jun 2026.

She was 35. #SayHerName #TransLivesMatter #TDoR",https://tdor.translivesmatter.info/reports/2026/06/08/marlow-trottie_alexandria-louisiana-usa_dfbeb40a,qrcodes/dfbeb40a.png
Paulina Blandón Villada (""La Chapola""),,,photos/2026_06_08_Paulina-Blandon-Villada-La-Chapola.jpg,https://mioriente.com/altiplano/la-ceja-del-tambo/investigan-tres-muertes-la-ceja.html,thumbnails/2026_06_08_Paulina-Blandon-Villada-La-Chapola.jpg,8 Jun 2026,,"La Ceja, Antioquia",Colombia,CO,6.04403376,-75.40786632,uncategorised,not reported,"Paulina's body was found in a ravine. Although initial investigations indicated that her body showed no signs of violence, the circumstances are suspicious.

> Authorities are investigating the death of Paulina Blandón Villada, a trans woman known in eastern Antioquia as 'La Chapola'. The discovery of her body has shocked family, friends, and members of the LGBTQ+ community. Authorities found the body in the La Pereira ravine, in the San Sebastián sector of La Ceja , on the road leading to the municipality of Rionegro.
> 
> Following the discovery, the La Ceja Mayor's Office activated the corresponding protocols to clarify what happened. The municipal Secretary of Government, Geovanny Henao, reported that the body showed no signs of violence at the time of the inspection.
> 
> ""The body showed no signs of violence,"" the official said, adding that authorities are conducting investigations to determine the circumstances of the incident. Authorities have not yet determined the cause of death. The National Institute of Legal Medicine will conduct forensic analyses to establish what happened.
> 
> The mayor of La Ceja, María Ilbed Santa, publicly lamented her departure and recalled that she had recently become involved as a collaborator in the restaurants of the School Feeding Program, PAE.
> 
> The news has caused sadness among residents of La Ceja and other municipalities in eastern Antioquia , where Paulina Blandón was widely known. Through social media, many people expressed their condolences and requested that the authorities clarify the case.

https://caracol.com.co/2026/06/13/investigan-la-muerte-de-lider-trans-hallada-en-un-rio-de-la-ceja-antioquia/

https://www.semana.com/nacion/articulo/que-paso-con-la-chapola-investigan-la-muerte-de-reconocida-lider-trans-hallada-sin-vida-en-un-rio-de-antioquia/202627/

https://www.infobae.com/colombia/2026/06/13/hallan-muerta-a-la-chapola-referente-de-la-poblacion-trans-en-antioquia-su-cuerpo-aparecio-en-un-rio-en-extranas-circunstancias/

https://www.pulzo.com/nacion/investigan-extrana-muerte-la-chapola-mujer-trans-hallada-muerta-rio-PP5213916A

https://www.eltiempo.com/colombia/medellin/la-chapola-reconocida-mujer-trans-en-antioquia-aparecio-muerta-en-un-rio-de-la-ceja-investigan-extrano-deceso-3563894

https://www.bluradio.com/regiones/antioquia/investigan-extrana-muerte-de-la-chapola-mujer-trans-hallada-muerta-en-un-rio-en-la-ceja-rg10

https://diarioriente.com/altiplano/conmocion-en-la.html

https://qhubomedellin.com/actualidad/local/muerte-de-paulina-blandon-villada-la-chapola-mujer-trans-en-la-ceja-LA37513989

https://www.teleantioquia.co/noticias/investigan-muerte-de-mujer-trans-conocida-como-la-chapola-hallaron-su-cuerpo-en-una-quebrada-de-la-ceja-579911

https://mioriente.com/altiplano/la-ceja-del-tambo/investigan-tres-muertes-la-ceja.html

https://www.facebook.com/infobaecolombia/posts/paulina-bland%C3%B3n-villada-era-una-reconocida-lideresa-social-y-defensora-de-los-de/1452986150177476/

https://www.facebook.com/hazloposibleconilbed/posts/970595065978394

https://x.com/BluRadioCo/status/2065675534286168098

https://x.com/BLUAntioquia/status/2065477390365532507","The body of Paulina Blandón Villada was found in a ravine in La Ceja (Antioquia) Colombia on 8 JUn 2026.

Although initial investigations indicated that her body showed no signs of violence, the circumstances are suspicious. #SayHerName #TransLivesMatter #TDoR",https://tdor.translivesmatter.info/reports/2026/06/08/paulina-blandon-villada-la-chapola_la-ceja-antioquia-colombia_b72ae035,qrcodes/b72ae035.png
Kalena ""Peaches"" Croskey,32,,photos/2026_06_11_Kalena-Peaches-Croskey.jpg,"https://www.facebook.com/daroneshia.duncan/posts/pfbid037jgA1qXF9ZiVKPB5GdRmJgkUmBWe5CAZGMZyLagksE9kWTyrNvwekH2PpZWQTQY1l

https://www.facebook.com/daroneshia.duncan/posts/pfbid037jgA1qXF9ZiVKPB5GdRmJgkUmBWe5CAZGMZyLagksE9kWTyrNvwekH2PpZWQTQY1l",thumbnails/2026_06_11_Kalena-Peaches-Croskey.jpg,11 Jun 2026,,"Birmingham, Alabama",USA,US,33.49642846,-86.82203112,custodial,suicide,"Peaches passed away after being found unresponsive in a prison cell following what authorities described as a ""self harm incident"".

> The transgender community in Birmingham, Alabama is mourning the loss of Kalena “Peaches” Croskey, a 32-year-old Black trans woman who died last Thursday while being held in city jail.
> 
> Initially misgendered in local media reports, the nonprofit TAKE Resource Center wrote on Substack this week that Croskey was “more than a community member.”
> 
> “She was family,” the organization, which focuses on providing social services to trans people of color, wrote in a June 15 post. “She brought light, laughter, and joy into every space she entered. Despite the many challenges she faced throughout her life, she never allowed those struggles to define her. Whether she was singing her favorite Beyoncé songs, voguing to the beat, creating glamorous makeup looks, or simply making others smile, Peaches found ways to experience joy and share it with those around her.”
> 
> Early coverage of Croskey’s death only identified her using her birth name and referred to her as a man. Local NBC affiliate WVTM cited information provided by the Jefferson County Coroner’s Office stating that Croskey was found unresponsive during a routine check at Birmingham City Jail and could not be resuscitated. Per WVTM, Croskey had been in the jail since April 21 on charges of disorderly conduct, public intoxication, criminal mischief, and third-degree assault.
> 
> Three days after Croskey’s death, another person died in Birmingham City Jail shortly after being evaluated for a self-harm attempt. Both deaths are under investigation by the Birmingham Police Department, according to WVTM, which cited its own reporting on deteriorating conditions inside the facility over the last several years.
> 
> “This loss is not accidental. It is a tragic reminder of the failures within the carceral system. The lack of adequate mental health resources, combined with negligence and systemic shortcomings in our system, continues to cost lives,” TAKE Resource Center wrote in its Substack post. “Far too many people are dying at the hands of systems that cause harm rather than healing. Incarceration should never lead to dehumanization. Peaches was a human being. She deserved dignity, respect, compassion, and access to the care she needed.”
> 
> TAKE Resource Center is planning a short memorial and a balloon release for Croskey at its forthcoming Juneteenth event on the 20th.
> 
> “Rest peacefully, Peaches,” the nonprofit wrote. “Your life mattered, your presence was felt, and your memory will forever remain with us.”

https://www.them.us/story/kalena-peaches-croskey-birmingham-city-jail-death

https://www.al.com/news/birmingham/2026/06/juneteenth-memorial-planned-for-transgender-woman-who-died-in-the-birmingham-city-jail.html

https://www.thepinknews.com/2026/06/17/birmingham-alabama-trans-woman-dead-jail/

https://www.al.com/news/2026/06/32-year-old-inmate-dies-at-birmingham-city-jail.html

https://www.facebook.com/daroneshia.duncan/posts/pfbid037jgA1qXF9ZiVKPB5GdRmJgkUmBWe5CAZGMZyLagksE9kWTyrNvwekH2PpZWQTQY1l","Peaches Croskey passed away after being found unresponsive in a prison cell in Birmingham, Alabama (USA) on 11 Jun 2026 following what authorities described as a ""self harm incident.

She was 32. #SayHerName #TransLivesMatter #TDoR",https://tdor.translivesmatter.info/reports/2026/06/11/kalena-peaches-croskey_birmingham-alabama-usa_fcfaba37,qrcodes/fcfaba37.png
Fabíola,31,,,,trans_flag.jpg,12 Jun 2026,,"Campinas, São Paulo",Brazil,BR,-22.91279703,-47.06604611,violence,beaten,"Fabiola was beaten to death. Her man was arrested on suspicion of her murder.

> The first case of a transgender woman's murder registered as femicide in Campinas may become the subject of a legal debate. Fabíola, 31, was beaten to death on the 12th of this month. The accused perpetrator is Danilo Lopes Borges, 32, who was arrested in the act and is currently in custody.
>
> The victim did not have a legally registered name reflecting her social name or gender transition. This document does not preclude her from being considered a transgender woman. However, she is identified in the police report, the arrest documents, and the death certificate with her birth name, [deadname] Dias. 
> 
> So, Correio Popular asked criminal lawyers, psychologists, and legal experts living in Campinas whether, ""strictly speaking,"" the perpetrator should be brought to trial as the perpetrator of a femicide (maximum sentence of 40 years) or a homicide (maximum sentence of 30 years).
> 
> “State courts have differing interpretations. The problem becomes more delicate when the victim is a transgender woman, since article 121-A of the Penal Code, which defines the crime of femicide, refers to sex and not gender,” explains law professor Carlos Alberto Marchi de Queiroz.
>
> Professor and criminal lawyer Haroldo Cardella believes that the fact that the victim is identified by her birth name will be central to the debates in this case. “However, regarding the 'rigor of the law,' the widely consolidated trend in Brazilian jurisprudence, especially in the Supreme Federal Court (STF) and the Superior Court of Justice (STJ), is that the application of the femicide provision does not depend on a formal change of name or gender at the registry office.”

https://correio.rac.com.br/seguranca/classificac-o-como-feminicidio-de-morte-de-mulher-trans-em-campinas-motiva-debate-juridico-1.1821015","Fabíola was beaten to death in Campinas, São Paulo (Brazil) on 12 Jun 2026.

She was 31. #SayHerName #TransLivesMatter #TDoR",https://tdor.translivesmatter.info/reports/2026/06/12/fabiola_campinas-sao-paulo-brazil_728ab4d7,qrcodes/728ab4d7.png
Laura Fülöp,19,,photos/2026_06_12_Laura-Fulop.jpg,https://szuloklapja.hu/szomoru-hir-megtalaltak-a-19-eves-eltunt-fiut-fulop-istvant,thumbnails/2026_06_12_Laura-Fulop.jpg,12 Jun 2026,,Budapest,Hungary,HU,47.49684209,19.05066611,suicide,suicide,"Laura died by suicide.

> Fülöp Laura (she/her) a hungarian trans woman disappeared from her apartment on 2026/06/09 and was later found having committed suicide.
>
> She was misgendered and deadnamed multiple times by media outlets and police reports.
>
> Her suicide is likely linked to the rising levels of transphobia and her not being accepted by most of her relatives.


Laura's death triggered widespread condemnation of online harassment and sparked a broader public conversation in Hungary about cyberbullying, mental health awareness, and the treatment of gender-nonconforming individuals.

> I won't be nice today, because you don't deserve it.
> 
> This 19-year-old kid got to the point where she felt that suicide was the only way out of her life. She could have been a student, a university student, in love, happy, she could have had her own family, children, a good job, adulthood and old age, but she decided it wasn't worth it. She could have realized that the problem wasn't with he, but with those who can't stand it when someone doesn't look exactly the way they think they ""should"".
> 
> I don't know her, and I don't know exactly what led to her death. But I know for sure that what surrounded the news about her disappearance, the comments that came under her poster, clearly shows what one of the darkest sides of her life must have been. It really shows what the environment is like where being different is not a simple gift, but a target for firing. Where it is enough for someone to stand out a little, to be more sensitive, more colorful, more soft-spoken, more strange, to not fit in with the crowd, to simply want to be themselves.
> 
> And what is your response to this? Laughter, name-calling, mockery, disgusting comments, “jokes”, humiliation, online lynching. The sneaky little jabs, which of course everyone calls a joke afterwards.
>
> No, it’s not!
> 
> Being different doesn’t take anything away from you, doesn’t infringe on your rights, doesn’t threaten your life, doesn’t make your air, money, family, faith, or country any less. They simply want to live their lives in a way that’s tolerable to them, that’s fine, and you have absolutely nothing to do with it!
> 
> But it seems that in this country, identity is still a red flag, just as happiness is suspicious, the desire for freedom is irritating, acceptance is a sign of weakness, and those who have not received any of these would rather erase them from others.
> 
> To what level have we reached that the appearance of a young child is such a social prey? That people sit behind their phones and calmly write sentences that contribute to the extinction of a human life? That children, adolescents, young people can be kicked and humiliated until they see no other way out than taking their own lives? I ask you seriously: how do you look in the mirror? Has it never been difficult for you? Have you never had a moment when you just needed one normal sentence, a little understanding? To stop someone from kicking you in the back again? Or are you really as tough as three-day-old dog shit? Don't you have feelings, fears, shame, unresolved pain? Don't you have a soul? Well, I can answer that. No.

Source: email

https://szuloklapja.hu/szomoru-hir-megtalaltak-a-19-eves-eltunt-fiut-fulop-istvant

https://www.baon.hu/helyi-kek-hirek/2026/06/fulop-istvan-eltunt-fiatal-elhunyt-dunaujvaros

https://www.police.hu/hu/hirek-es-informaciok/legfrissebb-hireink/felhivasok/eltunes-miatt-keressuk-fulop-istvant-0

https://www.facebook.com/isti.hidegfoldi/posts/pfbid0D7TfF5YDA7V6RfoKt6apgTwuYSt1tvrd5uhmZp5cDyZ9oWW9dX1o1QFfLTnojBB4l

https://www.facebook.com/sajtoszabadsagert/posts/nos-pont-ez%C3%A9rt-kell-az-%C3%A9rz%C3%A9keny%C3%ADt%C5%91-oktat%C3%A1s-az-iskol%C3%A1kba-hogy-ne-vessen-egy-gyere/1441950067977362/","Laura Fülöp died by suicide in Budapest (Hungary) on 12 Jun 2026.

She was 19. #SayHerName #TransLivesMatter #TDoR",https://tdor.translivesmatter.info/reports/2026/06/12/laura-fulop_budapest-hungary_abaf4d12,qrcodes/abaf4d12.png
Kayleigh,20,17 Aug 2005,,,trans_flag.jpg,13 Jun 2026,,"Nashville, Tennessee",USA,US,36.16355771,-86.7825004,suicide,suicide,"Kayleigh died by suicide. It appears that her birth family did not affirm her trans identity.

> My son just told me of a friend of his friend who has died by suicide on the 13th June, the obituary is linked below, it uses her deadname and wrong pronouns. S[he] was known as Kayleigh, with she/her pronouns.

The obituary published by Kayleigh's birth family makes no mention of her chosen name, gender or trans identity.

https://www.legacy.com/us/obituaries/name/inman-cluff-obituary?id=61732462","Kayleigh died by suicide in Nashville, Tennessee (USA) on 13 Jun 2026.

She was 20. It appears that her birth family did not affirm her trans identity. #SayHerName #TransLivesMatter #TDoR",https://tdor.translivesmatter.info/reports/2026/06/13/kayleigh_nashville-tennessee-usa_3a7cd882,qrcodes/3a7cd882.png
Name Unknown,,,,,trans_flag.jpg,17 Jun 2026,,"Manaus, Amazonas",Brazil,BR,-3.09714757,-60.02863827,violence,strangled,"The victim's body was found dumped in a stream with signs of torture. Her identity is not known.

> The body of a trans woman with signs of torture was found this Wednesday morning (17) in a stream located behind the Bosque Grill restaurant, on Avenida Constantino Nery, in the Chapada neighborhood in the Central-South zone of Manaus.
> 
> Initially, employees in the area found the body floating in the stream and alerted the police. One of the workers even held onto the victim to prevent her from being swept away by the current until the emergency services arrived.
> 
> The transgender woman had her hair shaved and showed signs of violence. The initial suspicion is that she was strangled to death, a hypothesis that will be analyzed during the investigations and forensic examinations.
> 
> Teams from the Institute of Forensic Medicine (IML) removed the body after the on-site investigation. The victim's identity has not yet been released by authorities.
> 
> The case has been registered as a homicide and will be investigated by the Civil Police of Amazonas, who are seeking to identify the victim, clarify the motive for the crime, and locate those responsible for the death.

https://www.portalmarcossantos.com.br/2026/06/17/corpo-e-encontrado-em-igarape-na-constantino-nery-e-segundo-pericia-e-de-mulher-trans-torturada/

https://radaramazonico.com.br/mulher-trans-e-encontrada-morta-com-sinais-de-tortura-em-igarape-na-constantino-nery-video/

https://ampost.com.br/policia/corpo-de-travesti-e-encontrado-com-sinais-de-tortura-dentro-de-igarape-em-manaus/

https://www.portaldoholanda.com.br/policial/funcionarios-encontram-corpo-boiando-em-igarape-na-avenida-constantino-nery

https://www.portaldoholanda.com.br/policial/corpo-encontrado-em-igarape-na-av-constantino-nery-e-de-mulher-trans-torturada-e-esganada

https://amazonasatual.com.br/corpo-e-encontrado-em-igarape-de-manaus-e-identificado-como-mulher-trans/

https://www.cm7brasil.com/noticias/policia/urgente-mulher-trans-e-ssinada-e-jogada-em-igarape-atras-do-bosque-grill-em-manaus-veja-video/

https://diariodacapital.com/materias/corpo-de-mulher-trans-e-encontrado-em-igarape-na-zona-centro-sul-de-manaus/

https://www.portalmarcossantos.com.br/2026/06/17/corpo-e-encontrado-em-igarape-na-constantino-nery-e-segundo-pericia-e-de-mulher-trans-torturada/

https://d24am.com/policia/video-corpo-em-igarape-na-constatino-nery-e-de-mulher-trans-torturada/

https://www.gazetaweb.com/noticias/brasil/mulher-trans-e-encontrada-morta-boiando-em-corrego-com-sinais-de-tortura-906725

https://www.metropoles.com/distrito-federal/na-mira/mulher-trans-e-encontrada-morta-boiando-em-corrego-com-sinais-de-tortura

https://segundoasegundo.com.br/2026/06/mulher-trans-e-encontrada-morta/

https://francesnews.com.br/post/2026/06/26/28280-mulher-trans-e-encontrada-morta-em-corrego-em-manaus-com-sinais-de-violencia

https://www.redetv.uol.com.br/jornalismo/cidades/mulher-trans-e-encontrada-morta-com-sinais-de-tortura-em-corrego-de-manaus

https://www.instagram.com/p/DZx64XKRWu1/?igsh=eWQzaTVhZmNxY2h2

https://www.youtube.com/watch?v=xw3pzFr96s4","The body of an unidentified #trans woman was found dumped in a stream in Manaus, Amazonas (Brazil) on 17 Jun 2026.

She had been tortured and strangled. #SayHerName #TransLivesMatter #TDoR",https://tdor.translivesmatter.info/reports/2026/06/17/name-unknown_manaus-amazonas-brazil_3df0db44,qrcodes/3df0db44.png
Sasha Dayanara Troya Ramos,40,,photos/2026_06_17_Sasha-Dayanara-Troya-Ramos.jpg,https://www.facebook.com/24HORASVINCES/posts/pfbid0WMdJRATydNAMabY8ZgNFCtyA5KqurFcvYWcfaC461MCjMABQf8nDPMhcnvBodiWRl,thumbnails/2026_06_17_Sasha-Dayanara-Troya-Ramos.jpg,17 Jun 2026,,"Palenque, Los Ríos",Ecuador,EC,-1.4325365,-79.75314615,violence,shot,"Sasha was shot in the hair salon she ran with her partner.

> Sasha Dayanara Troya Ramos, a 40-year-old transgender woman, was about to take money from a cash register to give to her partner, Byron Jiménez, when an armed stranger entered the store and shot her at point-blank range, killing her. A 60-year-old employee of the establishment was also injured in the attack.
> 
> Jiménez, who was at the site waiting for the cash to process his driver's license, witnessed the crime. Jasmany Troya, the victim's brother, traveled from the island of Bejucal and stated that he did not know if his relative was suffering any kind of threat or conflict.
> 
> Following the alert, members of the National Directorate of Investigation of Crimes against Life (Dinased) and Criminalistics went to the business to collect the body and gather evidence at the scene, including cell phones, spent shell casings and projectiles.
> 
> The injured woman was initially taken to the Palenque health subcenter and later transferred to the Nicolás Infante Hospital in Vinces. The attending physician reported that the patient had a gunshot wound to her right thigh, resulting in a fractured femur. Although her condition was stable, her family decided to transfer her to a medical facility in Guayaquil for further treatment.

https://www.extra.ec/noticia/ecuador/tiroteo-palenque-rios-sicarios-atacaron-trans-peluqueria-156368.html","Sasha Dayanara Troya Ramos was shot in the hair salon she ran with her partner in Palenque, Los Ríos (Ecuador) on 17 Jun 2026.

She was 40. #SayHerName #TransLivesMatter #TDoR",https://tdor.translivesmatter.info/reports/2026/06/17/sasha-dayanara-troya-ramos_palenque-los-rios-ecuador_53af3ea6,qrcodes/53af3ea6.png
Patti Wilson,31,,photos/2026_06_19_Patti-Wilson.jpg,https://coloradotimesrecorder.com/2026/07/questions-transphobia-linger-as-new-information-comes-to-light-in-grand-junction-police-shooting-of-trans-person/80282/,thumbnails/2026_06_19_Patti-Wilson.jpg,19 Jun 2026,,"Grand Junction, Colorado",USA,US,39.07743133,-108.5610258,violence,shot,"Patti died after being shot multiple times by police while she was apparently attempting to flee in her vehicle while experiencing a mental health crisis.

> GRAND JUNCTION — As more information continues to come to light, questions remain about the June 19 Grand Junction Police killing of Patti Wilson. 
> 
> Around 6:30 p.m on June 19, police responded to initial reports of someone with a knife going “crazy and yelling” in the Dairy Queen at 7th St. and North Ave. After a brief confrontation in the parking lot between police on foot and Wilson in her vehicle, eleven shots rang out. She was hit twice as she was apparently fleeing, crashing into three other vehicles as she succumbed to her wounds seven blocks to the east. 
> 
> Initial police scanner traffic and media reports misgendered Wilson as a male. It has since come to light that Wilson identified as a woman. In compliance with Colorado law, the Mesa County Coroner and local law enforcement have since referred to Wilson by her preferred gender.
> 
> Local comment sections, on the other hand, have become a cesspool of transphobia and hate. 
> 
> “Patti Wilson’s death has brought out the lowest underbelly of hatred in the Grand Valley,” said local LGBTQ+ activist Heidi Jeanne Hess. “Rampant transphobia is on display for all to see in the extremely violent comments on social media.”
> 
> Wilson’s killing has been picked up and spun by reactionary social-media accounts like Libs of TikTok, talk radio, and national right-wing websites, which “promote a false narrative that trans individuals are inherently dangerous and are prone to violence,” said Hess. 
> 
> KREX TV’s initial Facebook post about the incident, which accurately reported Wilson’s preferred gender, received more laugh reactions than all other reactions combined, and many of the comments are unquotable. At least one was made by a mental health counselor employed by the local public school district.
> 
> Wilson, according to those who knew her, has long struggled with mental health. According to friends, Wilson had recently left an abusive relationship. Additionally, like too many young trans people, Wilson struggled through bouts of homelessness. 
> 
> The videos from inside the Dairy Queen don’t tell a complete story, but they look very much like the dangerous mental health crisis described by eyewitnesses in initial media accounts.

Patti's Bandcamp page is https://pattidracula.bandcamp.com/.

https://www.pghlesbian.com/2026/08/the-tragic-death-of-trans-woman-patti-wilson/

https://coloradotimesrecorder.com/2026/07/questions-transphobia-linger-as-new-information-comes-to-light-in-grand-junction-police-shooting-of-trans-person/80282/

https://www.gjsentinel.com/news/western_colorado/video-of-dairy-queen-shooting-appears-to-show-officers-firing-at-moving-car/article_2a4c4771-4fee-4b75-9f0b-b8eca5ea9d2b.html

https://share.spotfund.com/story/0e312294-85ae-4e3e-9b9c-39639265307c","Patti Wilson was shot multiple times by police while apparently experiencing a mental health crisis in Grand Junction, Colorado (USA) on 19 Jun 2026.

She was 31. #SayHerName #TransLivesMatter #TDoR",https://tdor.translivesmatter.info/reports/2026/06/19/patti-wilson_grand-junction-colorado-usa_faff4bd4,qrcodes/faff4bd4.png
Bella Lutap,20,,photos/2026_06_19_Bella-Lutap.jpg,https://www.bulatlat.com/2026/06/25/justice-sought-for-trans-woman-killed-in-nueva-ecija/,thumbnails/2026_06_19_Bella-Lutap.jpg,19 Jun 2026,,"Zaragoza, Nueva Ecija",Philippines,PH,15.45187757,120.7936562,violence,strangled,"Bella's body was found in an irrigation canal 10 days after being reported missing. Her ex-boyfriend was arrested and charged with murder.

> MANILA — A 20-year-old trans woman who had been reported missing for two days was found dead in an irrigation canal in Zaragoza, Nueva Ecija.
>
> The body of the victim, Bella Lutap, was discovered in Sitio Burnao, Barangay Del Pilar at around 3:40 p.m. Friday by a farmer who is also the father of her ex-boyfriend.
>
> “They own this land so when he visited the rice fields he saw the floating body and immediately reported it to the police,” said PMaj. Nelson Sarmiento, chief of the Zaragoza Municipal Police Station. A Scene of the Crime Operatives (SOCO) examination revealed that stones had been tied to the victim’s body in an apparent attempt to keep it submerged in the canal. Forensic investigators also found that Lutap died of manual strangulation.
>
> Lutap had been missing since Wednesday. Police backtracked the victim’s movements through CCTV footage, which showed that at around 12:00 a.m. on Wednesday, Lutap was picked up from her home in Barangay Cama Juan, San Antonio, Nueva Ecija, by her 25-year-old ex-boyfriend, identified only as “Calvin.”
>
> Another CCTV camera in Barangay Macarse captured Lutap riding on the back of Calvin’s motorcycle at around 12:07 a.m. Calvin admitted picking up Lutap but claimed he later dropped her off at a street corner. However, he could not explain why he left her there.
> 
> According to investigators, Calvin had invited Lutap to discuss their relationship after they broke up nearly two weeks earlier. The meeting was supposed to take place in the presence of their friends.

https://www.bulatlat.com/2026/06/25/justice-sought-for-trans-woman-killed-in-nueva-ecija/

https://www.abs-cbn.com/news/regions/2026/6/21/missing-trans-woman-found-dead-in-nueva-ecija-irrigation-canal-ex-boyfriend-charged-with-murder-0853

https://www.youtube.com/watch?v=o_c12e2t22c","The body of Bella Lutap was found in an irrigation canal in Zaragoza, Nueva Ecija (Philippines) on 25 Jun 2026, 10 days after being reported missing. Her ex-boyfriend was arrested and charged with murder.

Bella was 20. #SayHerName #TransLivesMatter #TDoR",https://tdor.translivesmatter.info/reports/2026/06/19/bella-lutap_zaragoza-nueva-ecija-philippines_5b496dea,qrcodes/5b496dea.png
Bianca Narrara de Morais,21,,photos/2026_06_21_Bianca-Narrara-de-Morais.jpg,https://www.instagram.com/p/DZ5ty_Li4av/,thumbnails/2026_06_21_Bianca-Narrara-de-Morais.jpg,21 Jun 2026,,"Piracema, Minas Gerais",Brazil,BR,-20.50944769,-44.47842902,violence,stabbed,"Bianca was stabbed to death in a bar. A 34 year-old cisgender man who tried to defend her was also stabbed but survived the attack.

> A 31-year-old transgender woman, identified as Bianca Narrara de Morais, was stabbed to death in the early hours of Sunday (June 21) in a bar in the city of Piracema, in the Central region of Minas Gerais. A 34-year-old man was also stabbed when he tried to intervene in the attack and was rescued alive.
> 
> According to the Military Police (PMMG), when authorities arrived at the establishment, they found the two victims lying on the ground, both with stab wounds. Near them, the police located the weapon used in the crime, which was seized.
> 
> According to information gathered at the scene, a 28-year-old man allegedly started a verbal argument with one of the victims and, during the altercation, stabbed him. The 34-year-old man tried to stop the attack but was also injured.
> 
> Bianca succumbed to her injuries and died at the scene. The other victim was rescued and taken for medical treatment. The suspect fled after the crime and has not yet been located. 

Subsequently Lucas Olímpio de Carvalho, 28, was arrested on suspicion of murder.

https://www.portalondasul.com.br/suspeito-de-matar-mulher-trans-em-bar-e-preso-em-minas/

https://bhaz.com.br/noticias/minas-gerais/homem-suspeito-matar-mulher-trans-preso/

https://www.otempo.com.br/cidades/2026/6/25/suspeito-de-matar-mulher-trans-a-facadas-em-bar-e-localizado-e-preso-em-mg

https://www.itatiaia.com.br/brasil/sudeste/mg/policia-prende-suspeito-de-matar-mulher-trans-a-facadas-em-bar-no-interior-de-mg/

https://www.em.com.br/gerais/2026/06/7447321-era-uma-pessoa-muito-batalhadora-afirma-amiga-de-trans-morta-a-facadas.html

https://bhaz.com.br/noticias/minas-gerais/mulher-trans-morta-facadas-bar-mg/

https://www.metropoles.com/distrito-federal/na-mira/policia-caca-homem-que-matou-mulher-trans-a-facadas-dentro-de-bar

https://noticias.r7.com/minas-gerais/mulher-trans-e-assassinada-a-facadas-em-piracema-policia-investiga-autoria-e-motivacao-23062026/

https://www.portaltela.com/noticias/ultimas-noticias/2026/06/23/mulher-trans-e-assassinada-a-facadas-em-piracema-policia-investiga-autoria/

https://santanafm.com.br/policia-procura-homem-que-matou-mulher-trans-a-facadas-dentro-de-bar-em-piracema/

https://www.n3news.com.br/2026/06/bianca-narrara-de-morais-e-morta-a-facadas-em-mg

https://www.itatiaia.com.br/brasil/sudeste/mg/mulher-trans-morre-apos-ser-esfaqueada-em-bar-no-interior-de-mg/

https://pordentrodeminas.com.br/noticias/gerais/2026/06/mulher-trans-e-morta-a-facadas-em-bar-de-mg/

https://www.em.com.br/gerais/2026/06/7446282-mulher-trans-e-morta-a-facadas-em-bar-de-cidade-mineira.html

https://www.otempo.com.br/cidades/2026/6/22/mulher-trans-e-morta-a-facadas-em-bar-no-interior-de-minas-gerais.html

https://www.alterosa.com.br/programas/alterosa-alerta/trans-esfaqueada-e-morta-no-bar/

https://www.instagram.com/p/DaEI1gAlFw8/?igsh=aGJzZGh6N28xamRm

https://www.instagram.com/p/DZ5ty_Li4av/?igsh=MTRkbGtjZmgxZm12NA==

https://www.facebook.com/EstadodeMinas/posts/pfbid02nEocCjxnCcsusGi4vNcF14qnqbKHqRLAdfegKFukWakxhZPF6jBSPeooH5F9JJdFl

https://x.com/i/status/2069186206898782644","Bianca Narrara de Morais was stabbed to death in a bar in Piracema, Minas Gerais (Brazil) on 21 Jun 2026. A 34 year-old cisgender man who tried to defend her was also stabbed but survived the attack.

Bianca was 21. #SayHerName #TransLivesMatter #TDoR",https://tdor.translivesmatter.info/reports/2026/06/21/bianca-narrara-de-morais_piracema-minas-gerais-brazil_8bdc7b59,qrcodes/8bdc7b59.png
La’Daijah Walters,32,,photos/2026_06_22_LaDaijah-Walters.jpg,https://www.pghlesbian.com/2026/06/32-year-old-black-trans-woman-ladaijah-walters-fatally-shot-in-alabama/,thumbnails/2026_06_22_LaDaijah-Walters.jpg,22 Jun 2026,,"Mobile, Alabama",USA,US,30.58630939,-88.1742028,violence,shot,"La’Daijah was killed in a shooting in an apartment complex. Early media reports were retrospectively and cruelly amended to misgender her.

> Mobile police have confirmed a [person] was shot and killed the morning at [of June 22] Plantation Estates apartments. According to an MPD news release, the shooting happened around 6:35 a.m. inside an apartment unit at 5725 Old Pascagoula Road. No information on a motive or suspect has been released.
> 
> Early media reports seem to have appropriately identified her as a woman, then updated to misgender her. It is astounding that a credible journalist or media outlet cannot put those facts together and expand their reporting outside of the binary. This once again forces those grieving her to have to advocate for accurate and fair reporting. It is an unfair burden.
> 
> La’Daijah was 32 years old, She was born and raised in Mobile, Alabama where she attended Murphy High School. Her socials reference the everyday things we take for granted such as going to see the Mortal Kombat movie, wish her brother a happy birthday, and lots of irreverent, fun memes and reels. She also shared experiences of anti-trans words and deeds that weave through her content, a thread that she intentionally wraps in her defiance, her joy, and her determination to live her authentic self.
> 
> She spent time in Houston, Pensacola, and Atlanta. She was enthusiastically alive, a vibrant presence to her friends and community. It seems she had some ties to the ballroom community. She was also part of the [Black Butterfly Collective](https://www.facebook.com/profile.php?id=61556927026122).
> 
> Her name has been spelled La’Daijah (on her social accounts) but also Ladaijah, LaDayjah, and Ladasia by her loved ones. Rest in power, La’Daijah. We must work hard to ensure justice and accountability from the person who took your life. You deserve that final dignity. You made an impact in 32 years. It is our loss that we will never know what you would have done with the next 32. Thank you for the joy and realness you brought to this world.
> 
> May your memory be a revolution.

<iframe src=""https://www.facebook.com/plugins/post.php?href=https%3A%2F%2Fwww.facebook.com%2Fmyah.turner.73306%2Fposts%2Fpfbid02iviDgUu2JzDuXtxWVLYGJxatXxNRCAQYut81CCxqvR3NqXSppZffPvb8Maa33kYZl&show_text=true&width=500"" width=""500"" height=""736"" style=""border:none;overflow:hidden"" scrolling=""no"" frameborder=""0"" allowfullscreen=""true"" allow=""autoplay; clipboard-write; encrypted-media; picture-in-picture; web-share""></iframe>

https://www.pghlesbian.com/2026/06/32-year-old-black-trans-woman-ladaijah-walters-fatally-shot-in-alabama/

https://www.wkrg.com/mobile-county/shooting-reported-at-mobile-apartment-complex/

https://www.facebook.com/myah.turner.73306/posts/pfbid0fRTU65CypeXTuwBi1CGsejuLYJvkSRNSyn6Qf7n4uvbLkWKhGo4Ca7Ud65Qfpy3Nl","La’Daijah Walters was killed in a shooting in an apartment complex in Mobile, Alabama (USA) on 22 Jun 2026.

She was 32. #SayHerName #TransLivesMatter #TDoR",https://tdor.translivesmatter.info/reports/2026/06/22/ladaijah-walters_mobile-alabama-usa_c47fdc9c,qrcodes/c47fdc9c.png
Bruna,,,photos/2026_06_23_Bruna.jpg,https://mojunews.com/mulher-trans-e-assassinada-a-tiros-na-regiao-do-km-50-em-moju/,thumbnails/2026_06_23_Bruna.jpg,23 Jun 2026,,"Moju, Pará",Brazil,BR,-1.89147774,-48.76619836,violence,shot,"Bruna was shot. No other information is known.

> Another case of violence was recorded in the interior of Pará and will be investigated by public security authorities. The episode occurred on Tuesday night (23), in a rural area of ​​the municipality of Moju, in northeastern Pará, causing commotion among local residents.
> 
> The victim was identified by the first name Bruna, a transgender woman well-known in the kilometer 50 area. According to initial information obtained at the scene, she was shot and did not survive her injuries .
> 
> After being alerted, teams from the Military Police went to the area to respond to the incident and begin the investigation procedures. The officers carried out initial surveys with the aim of gathering information that could contribute to solving the crime.
> 
> To date, the circumstances surrounding the murder remain unknown. No details have been released about possible suspects or the motive for the murder.

https://portaltailandia.com/para/mulher-trans-e-assassinada-a-tiros-na-zona-rural-de-moju/

https://ver-o-fato.com.br/mulher-trans-e-assassinada-a-tiros-na-zona-rural-de-moju/

https://www.oliberal.com/policia/mulher-trans-e-assassinada-a-tiros-em-area-rural-de-moju-1.1136989

https://www.romanews.com.br/cidades/mulher-trans-e-morta-a-tiros-na-zona-rural-de-moju-0626

https://mojunews.com/mulher-trans-e-assassinada-a-tiros-na-regiao-do-km-50-em-moju/

https://dol.com.br/noticias/policia/945504/mulher-trans-e-morta-na-zona-rural-de-cidade-paraense","Bruna was shot in Moju, Pará (Brazil) on 23 Jun 2026. #SayHerName #TransLivesMatter #TDoR",https://tdor.translivesmatter.info/reports/2026/06/23/bruna_moju-para-brazil_8f10cace,qrcodes/8f10cace.png
Vanessinha Menelli,37,,photos/2026_06_23_Vanessinha-Menelli.jpg,https://www.topmidianews.com.br/interior/mulher-trans-e-encontrada-morta-em-imovel-abandonado-em-corumba/242367/,thumbnails/2026_06_23_Vanessinha-Menelli.jpg,23 Jun 2026,,"Corumbá, Mato Gosso do Sul",Brazil,BR,-19.00263894,-57.66010451,uncategorised,not reported,"Vanessinha's body was found in an abandoned property. The cause of her death is not known.

> Vanessinha Menelli, 37 years old, was found dead in an abandoned property on Tuesday afternoon (23), in the Dom Bosco neighborhood, in Corumbá.
> 
> According to the police report, Military Police teams were called after receiving information about a possible body found at a residence located on Rua Treze de Junho. At the scene, a team from SAMU (Mobile Emergency Care Service) had already confirmed the death.
> 
> The victim was found lifeless inside the property, which was in poor hygienic condition. The body was identified by a woman from the area.
> 
> After the forensic work was completed, the body was released to the funeral home in charge.
> 
> The cause of death is still unknown.

https://www.topmidianews.com.br/interior/mulher-trans-e-encontrada-morta-em-imovel-abandonado-em-corumba/242367/

https://midiamax.com.br/policia/2026/mulher-trans-encontrada-morta-dentro-casa-abandonada-corumba/","The body of Vanessinha Menelli was found in an abandoned property in Corumbá, Mato Gosso do Sul (Brazil) on 23 Jun 2026.

She was 37. #SayHerName #TransLivesMatter #TDoR",https://tdor.translivesmatter.info/reports/2026/06/23/vanessinha-menelli_corumba-mato-gosso-do-sul-brazil_8e99c7c8,qrcodes/8e99c7c8.png
Asia Williams,38,,photos/2026_06_23_Asia-Williams.jpg,https://www.pghlesbian.com/2026/07/as-the-us-celebrates-our-250th-anniversary-a-38-year-old-black-trans-woman-dies-by-gun-violence-in-baltimore/,thumbnails/2026_06_23_Asia-Williams.jpg,23 Jun 2026,,"Baltimore, Maryland",USA,US,39.35316208,-76.60928051,violence,shot,"Asia died from injuries sustained in a shooting at a convenience store. A seond victim survived.

> A 38-year-old Black trans woman was shot to death in Baltimore on June 23, 2026. Her name was Asia Williams.
> 
> On June 23 around 10:49 p.m., officers were called to Mega Tobacco & Convenience, located at 5211 York Road, for a reported shooting, according to authorities.
> 
> There, officers found a 38-year-old woman and a 27-year-old man suffering from gunshot wounds.
> 
> Apparently, a third party – an unidentified Black man wearing a neon yellow vest entered the store, pulled out a gun, and shot. There is no information on his motive, if he knew the victims, or if the victims are connected. You can find more details at this YouTube link.
> 
> Both were transported to a hospital where the woman, Asia Williams, was pronounced dead. The male victim is expected to survive.
> 
> Police have no indicated Asia was targeted, but we won’t know more until they are further in the investigation.


Asia had recently celebrated her birthday. Her aunt said:

*“Asia was a bright light in our lives, full of kindness and love, and her sudden departure has left a void that words cannot describe. She was not only a dedicated retail manager but also worked tirelessly driving for DoorDash to support her family. Just before this heartbreaking event, she and her mother moved to a new home.”*

Asia's Facebook profile is https://www.facebook.com/asia.williams.405634/.

https://www.pghlesbian.com/2026/07/as-the-us-celebrates-our-250th-anniversary-a-38-year-old-black-trans-woman-dies-by-gun-violence-in-baltimore/

https://www.wmar2news.com/news/region/baltimore-city/police-id-transgender-woman-murdered-last-week-in-north-baltimore

https://foxbaltimore.com/news/local/north-baltimore-deadly-double-shooting-convenience-store-notre-dame-maryland-university-police-tips-investigation

https://www.instagram.com/p/DaEHgcFCeFF/?igsh=dTd3OWYyMDM4Z2w

https://www.facebook.com/lisa.drummond.3194/posts/pfbid02i763WegNbABai5TP4PS5Vk7o1HkxKGgHq9inszxFgPwewQ22rzhoV7kAnBDdraq5l

https://www.facebook.com/groups/1570448163283501/?multi_permalinks=4455575624770726","Asia Williams died from injuries sustained in a shooting at a convenience store in Baltimore, Maryland (USA) on 23 Jun 2026.

She was 38. #SayHerName #TransLivesMatter #TDoR",https://tdor.translivesmatter.info/reports/2026/06/23/asia-williams_baltimore-maryland-usa_679f261e,qrcodes/679f261e.png
Lizzy Rachel,29,,photos/2026_06_24_Lizzy-Rachel.jpg,https://diariovoces.com.pe/joven-sanmartinense-es-asesinado-en-argentina-y-su-familia-espera-repatriar-sus-restos/,thumbnails/2026_06_24_Lizzy-Rachel.jpg,24 Jun 2026,,Buenos Aires,Argentina,AR,-34.61605819,-58.44497209,violence,murdered,"Lizzy's body was found in her home.

> The family of [deadname] Cumapa, known as Lizzy Rachel, 29, is experiencing profound grief after her body was found at her home of four years in Buenos Aires, Argentina. As her body cannot be repatriated to Peru due to the ongoing judicial investigation her loved ones in San Miguel de Río Mayo in Lamas province are holding a wake with her clothing and a photograph.
> 
> The victim's father, Hudson Fasabi Fasabi, stated that the family lacks the financial resources to travel to Argentina or conduct any necessary legal proceedings, and appealed to the authorities for assistance in solving the case. He also expressed his desire for justice for his [daughter]'s death and lamented not being able to say a final goodbye in his homeland.
> 
> Lizzy Rashel's sister reported that she was notified of her death in the early hours of June 24, St. John's Day, by telephone. She explained that she was told the body would remain under judicial custody for an investigation that could last up to two years, and therefore would be buried in that country and could not be repatriated.
> 
> She recalled that Lizzy Rashel had returned just three months ago to visit her family and participate in carnival activities before going back to Argentina in search of better opportunities. She recounted that she had left for Argentina more than four years ago seeking a better future. Today, amidst grief and helplessness, they are demanding that the authorities investigate the case and punish those responsible so that her death does not go unpunished.

https://diariovoces.com.pe/joven-sanmartinense-es-asesinado-en-argentina-y-su-familia-espera-repatriar-sus-restos/

https://www.televisiontarapoto.pe/san-martin-lizzi-rashel-joven-trans-encontrado-sin-vida-en-buenos-aires-argentina-sera-enterrado-en-dicho-pais/

https://www.youtube.com/watch?v=5g-QbQFNAcM

https://www.facebook.com/reel/1343201523807284","The body of Lizzy Rachel was found in her home in Buenos Aires (Argentina)n on 24 Jun 2026.

She was 29. #SayHerName #TransLivesMatter #TDoR",https://tdor.translivesmatter.info/reports/2026/06/24/lizzy-rachel_buenos-aires-argentina_581cc5c6,qrcodes/581cc5c6.png
Etchika Pollex,70,,photos/2026_06_25_Etchika-Pollex.jpg,https://www.woman.at/people/interview-etchika,thumbnails/2026_06_25_Etchika-Pollex.jpg,25 Jun 2026,,Vienna,Austria,AT,48.20850765,16.37996659,violence,stabbed,"Etchika's body was found with stab wounds in her apartment. She was a well known boxing promoter, and before that a nurse and then entrepeneur.

> The boxing world is mourning the loss of a vibrant personality. Former German boxing promoter and author Etchika Pollex was found dead in her Vienna apartment on Thursday evening . Police in the Austrian capital are investigating a suspected murder. Her body showed multiple stab wounds.
> 
> Ulli Wegner (84) learned of the crime on Saturday morning in Gera (Thuringia). The legendary trainer knew Pollex from many boxing events and told the KURIER: ""It's truly unbelievable – and very sad for me. She sponsored many athletes and was an easy-going person. That makes it all the more difficult for me to understand why she was murdered. It's simply hard to imagine.""
> 
> As reported by krone.at, the 70-year-old is said to have lived with a young Chechen man, who is now being sought.
> 
> Among other things, Pollex made a name for herself as the promoter of former European champion Karo Murat (43). Born [deadname] Pollex in East Berlin in 1955, she fled to the West at the age of 23, before the fall of the Berlin Wall. She worked as a nurse and then built a life for herself as an entrepreneur. It wasn't until she was over 60 that she underwent gender reassignment surgery in Thailand and lived openly as a woman from then on.
> 
> Pollex wrote a book about her eventful life. She once wrote: ""For decades I lived in the wrong body and took everything into consideration... except myself."" She received much recognition for this step – including in the boxing world – and was deeply moved: ""I would like to thank all the people who gave me so much support and courage. I bow to you for your tolerance and compassion.""

https://www.woman.at/people/interview-etchika

https://www.berliner-kurier.de/sport/trainer-legende-ulli-wegner-ueber-tote-box-promoterin-es-ist-wahnsinn-li.10141128

https://www.bild.de/news/inland/messermord-in-wien-erstochene-deutsche-war-schillernde-box-promoterin-6a3e8846f35865c1dfe23954

https://www.instagram.com/p/DaFh45ykbwl/","The body of Etchika Pollex was found with stab wounds in her apartment in Vienna (Austria) on 25 Jun 2026.

She was 70, and a well known boxing promoter. Prior to that she had been a nurse and then an entrepeneur. #SayHerName #TransLivesMatter #TDoR",https://tdor.translivesmatter.info/reports/2026/06/25/etchika-pollex_vienna-austria_d47c76c1,qrcodes/d47c76c1.png
Caro,,,photos/2026_06_26_Caro.jpg,https://eltabloide.com.co/exigen-justicia-tras-asesinato-de-mujer-trans-en-el-norte-del-valle,thumbnails/2026_06_26_Caro.jpg,25 Jun 2026,,"Zarzal, Valle del Cauca",Colombia,CO,4.32065185,-76.07165079,violence,shot,"Caro was shot. No other information is known.

> The murder of a trans woman in the township of La Paila has generated deep consternation in Zarzal, an event that has sparked outrage among the community and human rights organizations.
> 
> According to preliminary information, the victim, a member of the LGBTIQ+ community, was attacked with a firearm while in a wooded area near the central cemetery of the district.
> 
> The homicide has caused concern among residents of the area, who lamented what happened and asked the authorities to move quickly in the investigations to clarify the circumstances of the crime and identify those responsible.
> 
> Social organizations in Valle del Cauca also expressed their rejection of the incident and requested that the case be rigorously investigated to determine whether it was a crime motivated by gender or discrimination.
> 
> So far, authorities have not released official information about the motives for the murder nor have they reported any arrests related to this case.

https://eltabloide.com.co/exigen-justicia-tras-asesinato-de-mujer-trans-en-el-norte-del-valle/

https://www.instagram.com/p/DaDWZQ_uNwm/

https://www.instagram.com/p/DaAmPXgvbfk/","Caro was shot in Zarzal, Valle del Cauca (Colombia) on 26 Jun 2026. #SayHerName #TransLivesMatter #TDoR",https://tdor.translivesmatter.info/reports/2026/06/25/caro_zarzal-valle-del-cauca-colombia_a08899da,qrcodes/a08899da.png
Victoria Cruz,79,19 Sep 1946,photos/2026_06_25_Victoria-Cruz.jpg,https://www.inquirer.com/obituaries/obit-victoria-cruz-tarnsgender-rights-20260705.html,thumbnails/2026_06_25_Victoria-Cruz.jpg,25 Jun 2026,,New York City,USA,US,40.77330885,-73.97299146,medical,liver cancer,"Victoria was a community elder who advocated for survivors of anti-trans violence. She was at Stonewall in 1969 when a police raid started the LGBT+ liberation movement.

> Victoria Cruz, a matriarchal figure in the New York transgender community who was at the Stonewall Inn in 1969 when a police raid set in motion the gay liberation movement, and who later worked as an advocate for survivors of antitrans violence, died on June 25 in New York City. She was 79.
> 
> Ms. Cruz spent 17 years working for the New York City Anti-Violence Project, which provides counseling and other services for LGTBQ+ and HIV-affected survivors of violence. There, she focused on domestic abuse, but her role in the organization — and in the community — extended far beyond her official duties. She understood the intersectional threats that trans people faced in areas like housing discrimination and workplace harassment — expertise that made her a unique resource to thousands of trans New Yorkers.
> 
> She was especially effective because she came to the group as a survivor herself: In 1996, while working at a nursing home in Brooklyn, she was repeatedly harassed and assaulted by four co-workers. A friend suggested she contact the Anti-Violence Project, which at the time was run by Christine Quinn, who later became the first female and first openly gay speaker of the New York City Council.
> 
> The group helped her file police reports and led protests outside the nursing home. Eventually, two of the four co-workers were convicted of harassment — one of the first times that someone was held legally accountable for antitrans violence in New York State.
> 
> Quinn brought Ms. Cruz on as a volunteer, then hired her to manage the front desk. The job also had her answering the organization’s hotline, a task that connected Cruz with countless at-risk New Yorkers.
> 
> Ms. Cruz was a central figure in David France’s 2017 documentary, The Death and Life of Marsha P. Johnson, about the 1992 death of a trans activist that police ruled a suicide, but many, including Ms. Cruz, suspected was murder.
> 
> Ms. Cruz did not know Johnson, but their lives overlapped. Both were at the Stonewall Inn on the night of June 28, 1969, when police conducted one of their routine raids at the bar. This time, though, the largely transgender clientele inside fought back, and a riot ensued. Ms. Cruz had been outside with her boyfriend, one of the bar’s bouncers. As the violence escalated, he told her to go home. When she returned in the morning, she found the bar in ruins. She grabbed a beer sign and other memorabilia, and also took home the bar’s dog, Rusty.
> 
> The Stonewall riot sparked the beginning of the gay liberation movement, which had a strong trans presence. Johnson and another well-known community figure, Sylvia Rivera — a friend of Ms. Cruz’s — became particularly active, ensuring that trans people had a place within the movement.  Ms. Cruz played a quieter role, but over time she became a central figure as well — and a recognizable one, with her homemade outfits topped with a headband adorned with feathers and cowrie shells, in honor of her heritage as a descendant of the Taíno people of Puerto Rico.
> 
> Victoria Cruz was born on Sept. 19, 1946, in Guánica, on Puerto Rico’s southwestern coast. When she was 4, her family moved to the Red Hook section of Brooklyn, where her father worked as a longshoreman; her mother was a seamstress. She identified as female from an early age, and her family was strongly supportive. Her mother made her dresses, and her father, who affectionately called her “El Negro,” on account of her dark skin, switched to using the word’s feminine form, “La Negra.”
> 
> She studied cosmetology in high school and worked as a model, but soon found both routes closed to her because she was trans. After high school, she found a doctor in Coney Island who provided her with the medical treatment to help her transition. Through the 1970s she was a sex worker and a dancer in West Village clubs.
> 
> She enrolled at Brooklyn College in 1978 and graduated four years later with a degree in theater. But she continued to struggle financially, and ended up on public assistance. The program required her to work, which is how she ended up on the staff at the Brooklyn nursing home.
> 
> In 2012, Ms. Cruz received the National Crime Victims’ Service Award from the U.S. Department of Justice.
> 
> In an interview for the Anti-Violence Project in 2022, Ms. Cruz explained why she committed her life to counseling.
> 
> “If you have been in that situation — everybody’s situation is different but similar,” she said. “If you have the empathy to help out people, that’s half the ordeal. Just having the empathy and letting them know that you’re there to help them, not to judge them.”

https://www.washingtonblade.com/2026/07/21/remembering-victoria-cruz-stonewall-veteran-trans-activist/

https://www.inquirer.com/obituaries/obit-victoria-cruz-tarnsgender-rights-20260705.html

https://www.nytimes.com/2026/07/03/nyregion/victoria-cruz-dead.html

https://en.wikipedia.org/wiki/Victoria_Cruz","Victoria Cruz passed away in New York City (USA) on 25 Jun 2026.

She was 79, and a community elder who advocated for survivors of anti-trans violence and was at Stonewall on the night a police raid started the LGBT+ liberation movement. #SayHerName #TransLivesMatter #TDoR",https://tdor.translivesmatter.info/reports/2026/06/25/victoria-cruz_new-york-city-usa_0ad0b86a,qrcodes/0ad0b86a.png
Rachell,,,,,trans_flag.jpg,26 Jun 2026,,Buenos Aires,Argentina,AR,-34.62525817,-58.38513895,custodiial,not reported,"Rachell died in suspicious circumstances after police reportedly dragged her through a hotel with her hands bound.

> Two days ago, Rachell was at a hotel in Constitución when she suffered a health problem. The hotel called the police. Some say they saw her with her hands bound and that the officers dragged her through the hotel . They later stated that they tried to resuscitate her. The autopsy results are not yet available. This account is based on conversations with Victoria Montenegro.
> 
> The arrest comes amid a context of institutional violence. “The escalation of this violence and the utter dehumanization of this group and these individuals is deeply concerning. Furthermore, this violence, which is inherently unconstitutional, is being displayed openly. It attempts to instill fear as a means of subjugating society, and it is crucial to call for action against it,” Montenegro stated. 
> 
> The increase in this violence and context of systematic harassment was also highlighted by the CTA Autónoma (Autonomous Workers' Central Union). They emphasized that it has been ""reported by sex workers in Constitución, who point to daily police operations. According to the victims' accounts, these actions include theft of money, violent searches, and situations of extreme vulnerability, such as the case of Estrella, who was arrested a few blocks from Georgina's house and forced to undress in the street.""

https://agenciapresentes.org/2026/06/25/denuncian-detencion-arbitraria-a-georgina-orellano-tras-asamblea-por-muerte-dudosa-de-una-companera-trans/","Rachell died in suspicious circumstances in Buenos Aires (Argentina) on 27 May 2026.

Police had reportedly dragged her through a hotel with her hands bound. #SayHerName #TransLivesMatter #TDoR",https://tdor.translivesmatter.info/reports/2026/06/26/rachell_buenos-aires-argentina_c54be8cb,qrcodes/c54be8cb.png
Steisy,,,photos/2026_06_26_Steisy.jpg,https://elfrente.com.co/investigan-crimen-de-steisy-hallan-calcinado-el-cuerpo-de-una-mujer-trans-en-cienag/,thumbnails/2026_06_26_Steisy.jpg,26 Jun 2026,,"Ciénaga, Magdalena",Colombia,CO,11.00703407,-74.24461426,violence,"tortured, murdered and burned","Steisy's body was found by local residents.

*[Editor's Note: one source spells the victims name differently, as ""Steicy""]*

> The charred body of Steisy, a trans woman, was found in Ciénaga. Authorities are investigating the murder, and LGBTQ+ organizations are calling for a differentiated approach.
> 
> The discovery of the lifeless body of Steisy, a trans woman who was found partially burned in a wooded area of the municipality of Ciénaga, has generated consternation and rejection in the department of Magdalena.
> 
> The gruesome discovery was made by local residents, who alerted authorities to the presence of a body bearing clear signs of violence. National Police officers and officials from the Technical Investigation Corps (CTI) of the Attorney General's Office arrived at the scene to conduct a forensic investigation and gather evidence to help solve the crime.
> 
> Initial investigations revealed that the victim was known in the municipality as Steisy. While authorities are withholding some details of the investigation, it has been reported that the body showed signs of burns. Forensic specialists are conducting the necessary analyses to determine the precise cause of death and whether the victim was burned before or after being murdered.
> 
> The murder has caused outrage among LGBTIQ+ rights organizations, who asked the Prosecutor's Office to expedite the investigations with a differential approach and exhaust all lines of inquiry to identify and prosecute those responsible.

https://www.alerta.com.co/judiciales/asesinan-a-mujer-trans-en-cienaga-magdalena-que-paso-245241

https://kesedice.com/judicial/hallan-calcinado-el-cuerpo-de-steisy-mujer-trans-asesinada-en-cienaga-magdalena-CRVPESWF

https://elfrente.com.co/investigan-crimen-de-steisy-hallan-calcinado-el-cuerpo-de-una-mujer-trans-en-cienag/

https://www.facebook.com/RedDiversidadSex/posts/-encuentran-calcinado-el-cuerpo-de-mujer-trans-en-colombia-los-hechos-ocurrieron/1369863618584841/","Steisy's body was found by local residents in Ciénaga, Magdalena (Colombia) on 26 Jun 2026. #SayHerName #TransLivesMatter #TDoR",https://tdor.translivesmatter.info/reports/2026/06/26/steisy_cienaga-magdalena-colombia_04b57d50,qrcodes/04b57d50.png
Nicoll Torres,,,photos/2026_06_28_Nicoll-Torres.jpg,https://x.com/i/status/2072146453896597555,thumbnails/2026_06_28_Nicoll-Torres.jpg,28 Jun 2026,,"Villavicencio, Meta",Colombia,CO,4.14930086,-73.62417299,violence,shot,"Nicoll's body was found with a gunshot wound to the neck on the same day as Villavicencio's Pride festival.

> On June 28, while the activities commemorating Pride Day for sexual and gender diversity were concluding in the streets, a trans woman known as [Nicoll] Torres was murdered in Villavicencio, Meta.
> 
> The Metropolitan Police confirmed the discovery of her body around 5:50 p.m. in the Villa Suárez neighborhood. According to authorities, the victim had a gunshot wound to the neck and the case is under investigation.
> 
> The Mayor's Office of Villavicencio, through its Office of Gender and Diversity (OSIGD), condemned the murder and expressed its ""deepest rejection and sorrow at the persistent acts of violence that violate the life and dignity"" of the LGBTIQ+ population. In the statement, the administration lamented Nicole's murder, noting that the incident ""raises alarms about the urgent need to protect those facing the greatest vulnerability"" and highlighting that the victim was homeless, which demonstrates ""the severity of the intersectional violence suffered by trans women in contexts of extreme exclusion.""
> 
> The Villavicencio Critical Pride collective, through a manifesto, linked [Nicoll]'s murder to the structural violence faced by trans people in Colombia. In the document, the organization maintains that the case ""is not isolated"" and demanded a swift investigation and guaranteed justice. Furthermore, it denounces the persistence of institutional barriers, social exclusion, and the invisibility of violence against people with diverse sexual orientations and gender identities. 

https://elcuartomosquetero.com/asesinan-a-nikole-mujer-trans-en-villavicencio-durante-el-dia-del-orgullo/

https://x.com/i/status/2072146453896597555","The body of Nicoll Torres was found with a gunshot wound to the neck in the Villa Suárez area of Villavicencio, Meta (Colombia) on 28 Jun 2026 - the same day as Villavicencio's Pride festival.

Nicoll was homeless. #SayHerName #TransLivesMatter #TDoR",https://tdor.translivesmatter.info/reports/2026/06/28/nicoll-torres_villavicencio-meta-colombia_751308f0,qrcodes/751308f0.png
Ivonne Álvarez,32,,photos/2026_07_01_Ivonne-Alvarez.jpg,https://www.instagram.com/p/Dau7B_WjZfJ/,thumbnails/2026_07_01_Ivonne-Alvarez.jpg,1 Jul 2026,,"Ciudad de México, CDMX",Mexico,MX,19.34961718,-99.06287316,violence,tortured and strangled,"Ivonne was murdered in the beauty salon she had opened four months earlier. A suspect has been arrested.

> On July 1st, Ivonne Álvarez, a 32-year-old trans woman, was tortured and murdered at her beauty salon in Iztapalapa, a borough located in the eastern part of Mexico City. According to information from the Mexico City Attorney General's Office, her murder is being investigated under the femicide protocol, and a man allegedly involved in the crime has been arrested following the investigation.
> 
> In an interview with *Presentes*, Silvia, Ivonne’s sister, speaks candidly: ""I feel terrible. I can't believe this because she went out to work; she was supposed to come back. I used to wait for her just like every other day—waiting for her to arrive in her van with the music blasting and honking the horn. I still think she’s going to come back, that I’ll see her getting ready, putting on her wig, and asking me, 'How do I look?' And I’d tell her, 'Beautiful.' Because I always saw her as beautiful. But the truth is, I have to accept that she won't—I won't see her anymore.""
> 
> Ivonne was originally from Nezahualcóyotl (State of Mexico) but worked in Iztapalapa. She enjoyed having tacos and smoothies for dinner, dancing, and listening to electro-house and pop music at full volume. In March of this year, she opened her own business: a beauty salon and barbershop.
> 
> To open her salon, Ivonne had to sell her car and engage in sex work. ""There were few clients because of the situation, you know? So, to have money and be able to eat, she also sold desserts and worked as a sex worker—simply because she didn't make enough money otherwise—but she opened the salon so she could stop doing that [sex work],"" Silvia explains.

https://www.facebook.com/photo?fbid=1365866465690434&set=a.418691703741253","Ivonne Álvarez was murdered in her beauty salon in Ciudad de México, CDMX (Mexico) on 1 Jul 2026.

She was 32. #SayHerName #TransLivesMatter #TDoR",https://tdor.translivesmatter.info/reports/2026/07/01/ivonne-alvarez_ciudad-de-mexico-cdmx-mexico_8def2d37,qrcodes/8def2d37.png
Ansel Blaszkow,24,,photos/2026_07_02_Ansel-Blaszkow.jpg,https://cnycentral.com/news/local/person-reported-missing-near-chittenango-falls-found-dead-police-say-onondaga-county-medical-examiner-office-anna-blaszkow-criminal-investigations-trooper-carrys-hill-road,thumbnails/2026_07_02_Ansel-Blaszkow.jpg,2 Jul 2026,,"Cazenovia, New York",USA,US,42.97784784,-75.8425178,suicide,suicide,"Ansel's body was found on 2nd July. Before disappearing on 11th May he had created a queued suicide note post on his blog.

*[Editor's Note: The content of Asel's suicide note suggests that he passed away on 12th May]*.

> CHITTENANGO, N.Y. — The New York State Police found the body of a person who went missing in the Chittenango Falls area in May.
> 
> The state police said the body of [deadname] Blaszkow, 24, was found on July 2 around 11:31 a.m. in a heavily wooded area just outside of Chittenango Falls State Park on Carrys Hill Road in Cazenovia, N.Y.
> 
> Police noted that Blaszkow was also known as ""Ansel.""
> 
> The police credited Trooper Connors and K9 ""Todz"" for finding Blaszkow. They were conducting a preliminary inspection of the area in preparation for an additional search that was scheduled with the Chittenango Police Department.
> 
> As of Monday morning, the state police said there is no indication of foul play. The Onondaga County Medical Examiner's Office will conduct an autopsy to determine how Blaszkow died.
> 
> Blaszkow was first reported as missing by the state police on May 16.
> 
> At the time, Blaszkow was last seen by family on May 11. The family was concerned about Blaszkow after they found a letter expressing self-harm.
> 
> Investigators believed that Blaszkow used an ""unknown vehicle"" from their residence in the Village of Chittenango to Chittenango Falls State Park on May 12.

Source: email

Ansel's blog is https://www.tumblr.com/transfaguette.

https://www.syracuse.com/crime/2026/07/missing-24-year-old-found-dead-in-follow-up-search-near-chittenango-state-park.html

https://cnycentral.com/news/local/person-reported-missing-near-chittenango-falls-found-dead-police-say-onondaga-county-medical-examiner-office-anna-blaszkow-criminal-investigations-trooper-carrys-hill-road

https://troopers.ny.gov/news/state-police-provide-update-missing-person-investigation-chittenango
 
https://genderkoolaid.tumblr.com/post/821419435883642880/update-as-of-3-hours-ago-today-ansel-was

https://an-angel-0f-death.tumblr.com/post/818915557755715584","The body of Ansel Blaszkow was found in Cazenovia, New York (USA) on 2 Jul 2026. He had disappeared on 11 May.

Ansel was 24. #SayHisName #TransLivesMatter #TDoR",https://tdor.translivesmatter.info/reports/2026/07/02/ansel-blaszkow_cazenovia-new-york-usa_ddd4a058,qrcodes/ddd4a058.png
Wal,45,,,,trans_flag.jpg,4 Jul 2026,,"Contagem, Minas Gerais",Brazil,BR,-19.85927605,-44.03228862,violence,stabbed,"Wal died from her inuries after being stabbed by a 21 year-old man. Her killer was apprehended by police after being caught and tied up by local residents.

> A 45-year-old transgender woman was stabbed to death on Saturday night (July 4th) in the Carajás neighborhood, in Contagem, in the Metropolitan Region of Belo Horizonte. The suspect, a 21-year-old man, was beaten by residents, tied to a traffic sign, and ended up confessing to the crime to the Military Police (PMMG).
> 
> The officers who responded to the incident found the woman on the bed, with several stab wounds and burn marks on her hair. A knife and two lighters were seized at the scene.
> 
> Police found the suspect tied to a traffic sign, being beaten by men with pieces of wood and stones after they learned of the murder. The perpetrators of the attack were not located.
> 
> Since the suspect was injured, he received medical attention and was taken to the UPA Ressaca emergency care unit. During questioning by the police, he confessed to the crime, according to the Military Police.

https://www.folhadedourados.com.br/trans-e-morta-a-facadas-e-suspeito-tenta-incendiar-corpo-com-isqueiro/?amp

https://www.otempo.com.br/comportamento/2026/7/8/mulher-trans-e-assassinada-com-25-golpes-de-faca-em-contagem-suspeito-e-preso

https://www.metropoles.com/minas-gerais/homem-que-matou-mulher-trans-e-foi-amarrado-em-mg-permanecera-preso

https://www.itatiaia.com.br/brasil/sudeste/mg/homem-que-matou-mulher-trans-a-facadas-em-contagem-continua-preso-apos-audiencia-de-custodia/

https://jornaldebrasilia.com.br/noticias/brasil/suspeito-de-matar-mulher-trans-a-facadas-e-tentar-incendiar-corpo-em-mg-e-preso/

https://jornaldebrasilia.com.br/noticias/brasil/suspeito-de-matar-mulher-trans-a-facadas-e-tentar-incendiar-corpo-em-mg-e-preso/

https://www.itatiaia.com.br/brasil/sudeste/mg/homem-e-preso-apos-matar-mulher-trans-com-ao-menos-25-facadas-na-grande-bh/

https://g1.globo.com/mg/minas-gerais/noticia/2026/07/05/trans-e-morta-com-25-facadas-em-contagem-suspeito-confessa-crime-apos-ser-agredido-por-moradores-diz-policia.ghtml

https://blogdosilvalima.com.br/mulher-trans-e-assassinada-em-contagem-e-suspeito-tenta-incinerar-o-corpo/

https://ncnews.com.br/2026/07/06/mulher-trans-e-morta-com-25-facadas-em-mg-suspeito-foi-preso/

https://www.metropoles.com/minas-gerais/mg-trans-e-morta-a-facadas-e-suspeito-tenta-incendiar-corpo-com-isqueiro

https://www.otempo.com.br/cidades/2026/7/5/mulher-trans-e-morta-com-diversas-facadas-em-contagem

https://www.hojeemdia.com.br/minas/mulher-trans-e-morta-a-facadas-e-suspeito-e-preso-apos-ser-agredido-por-moradores-na-grande-bh-1.1123934

https://br.paipee.com/2026/07/05/mulher-trans-e-assassinada-em-contagem-suspeito-confessa-crime-a-pm/

https://www.em.com.br/gerais/2026/07/7455236-mulher-trans-e-assassinada-a-facadas-na-grande-bh.html

https://www.grandeponto.com.br/noticia/mulher-trans-e-assassinada-a-facadas-suspeito-e-amarrado-em-placa-e-confessa-crime-apos-ser-espancado

https://www.instagram.com/p/DaasEjGBqjC/

https://www.instagram.com/p/Dab8_i9osJQ/

https://www.instagram.com/p/DadJwQ6lvgR/

https://x.com/jornalhojeemdia/status/2074148421741543914

https://globoplay.globo.com/v/14756201/","Wal died from her inuries after being stabbed by a 21 year-old man in Contagem, Minas Gerais (Brazil) on 4 Jul 2026. Her killer was arrested by police after being detained by local residents.

Wal was 45. #SayHerName #TransLivesMatter #TDoR",https://tdor.translivesmatter.info/reports/2026/07/04/wal_contagem-minas-gerais-brazil_4dd62649,qrcodes/4dd62649.png
Jayla McGee,19,,photos/2026_07_05_Jayla-McGee.jpg,https://www.pghlesbian.com/2026/07/black-trans-teen-jayla-mcgee-died-a-violent-death-on-july-5th-in-florida-why-isnt-the-media-covering-her-story/,thumbnails/2026_07_05_Jayla-McGee.jpg,5 Jul 2026,,"Belle Glade, Florida",USA,US,26.68402225,-80.66825422,violence,shot,"Jayla was shot. Her killing was not reported by the media until community sources publicised it.

> Another Black trans teen appears to have been killed, this time near Belle Glade, Florida. Belle Glade is part of Palm Beach. Her name was Jayla McGee and she was 19.
> 
> Reports surfaced on Facebook and other social media platforms that a 19-year-old Black trans person had died a violent death on Sunday, July 5, 2026. There are no media reports specifically related to this reported death. Comments suggest Jayla was shot to death at close range.
> 
> I’m a little shocked that we cannot find any information, any acknowledgment that this young person was ripped from this mortal coil by gunshot. There are many reports of violent incidents over that time period, but none match up with the facts that Jayla’s friends are posting.
> 
> While there is no public obituary at this time, the family has announced a viewing Friday night followed by a celebration of life on Saturday. Colors are pink and white.
> 
> According to one friend, Jayla had begun hormone replacement therapy and was planning her top surgery just days before her death. Some of the reel clips reference LGBTQ+ and ballroom community affiliations.
> 
> Jayla was born and raised in Belle Glade, Florida. She had a big beautiful family of siblings, cousins, aunts and uncles and more whose grief has demonstrated the deep love for this young woman. Coupled with disbelief that she was killed, their voices and her story should be acknowledged.
> 
> A prolific user of social media, Jayla filled the feeds with funny videos, memes, proud photos of her loved ones, and lots of back and forth with her friends.
> 
> “I never had to question if you really loved me because I knew you did you appreciated me and I appreciated and accepted you for who you were/”
> 
> “You will forever be missed you most definitely was the life of the party”

https://www.them.us/news/jayla-mcgee-florida-murder

https://www.gayemagazine.com/jayla-mcgee-a-black-trans-teen-was-killed-in-florida-did-the-local-media-police-fail-her/

https://cbs12.com/news/local/black-transgender-woman-19-remembered-family-shot-killed-belle-glade-july-5-lgtbq-palm-beach-county-sheriffs-office-florida-news

https://www.pghlesbian.com/2026/07/black-trans-teen-jayla-mcgee-died-a-violent-death-on-july-5th-in-florida-why-isnt-the-media-covering-her-story/

https://www.transunitedfund.com/p/black-trans-teen-jayla-mcgees-loved

https://www.instagram.com/p/DbJgHk1GxoO/

https://x.com/Kaylara0wl/status/2080420185261912267","Jayla McGee	 was reportedly shot in Belle Glade, Florida (USA) on 5 Jul 2026. Her killing was not reported by the media.

Jayla was 19. #SayHerName #TransLivesMatter #TDoR",https://tdor.translivesmatter.info/reports/2026/07/05/jayla-mcgee_belle-glade-florida-usa_c2d51fa7,qrcodes/c2d51fa7.png
Salome Padilla,,,photos/2026_07_07_Salome-Padilla.jpg,https://www.tunota.com/honduras-hoy/identifican-persona-hallada-muerta-olanchito-comunidad-lgbtq-2026-07-08,thumbnails/2026_07_07_Salome-Padilla.jpg,7 Jul 2026,,"Olanchito, Yoro",Honduras,HN,15.48369589,-86.57303586,violence,murdered,"Salome was killed in the street.

> A violent incident occurred on the night of Tuesday, July 7th, in Olanchito, Yoro, resulting in the death of a [woman] belonging to the LGBTQ+ community. The case has generated dismay among her acquaintances and representatives of the community.
> 
> The victim was identified as [deadname] Padilla, known as ""Salomé"", the name she used as a transgender woman. According to preliminary information, unknown assailants killed her.
> 
> Authorities have not confirmed the victim's cause of death. However, witnesses have indicated on social media that she was violently murdered on the streets where she worked as a sex worker.
> 
> In response to this situation, the National Police have already launched an investigation to clarify the violent incident, while organizations defending the rights of the LGBTIQ+ community are demanding justice and better conditions for this sector of the population in the country.
> 
> Through social media, friends, acquaintances, and community members have mourned Salomé's passing and expressed messages of affection and sadness at her departure.

Salome was originally from the community of Guadalupe Carney in Trujillo, where her family still lives.

https://www.tunota.com/honduras-hoy/identifican-persona-hallada-muerta-olanchito-comunidad-lgbtq-2026-07-08","Salome Padilla was killed in the street in Olanchito, Yoro (Honduras) on 7 Jul 2026. #SayHerName #TransLivesMatter #TDoR",https://tdor.translivesmatter.info/reports/2026/07/07/salome-padilla_olanchito-yoro-honduras_b53e8dcd,qrcodes/b53e8dcd.png
Name Unknown,25-30,,,,trans_flag.jpg,8 Jul 2026,,"Medellín, Antioquia",Colombia,CO,6.25246263,-75.56778675,violence,stabbed,"The victim died after being stabbed in the street. Her identity is not known but her killer was apprehended by police.

> Medellín, Colombia, July 13, 2026 – Violence continues to plague downtown Medellín. A transgender woman died after being stabbed in the neck during a fight near Plaza Botero, in the La Candelaria district, which continues to lead the homicide statistics in the capital of Antioquia in 2026.
> 
> According to information published by Q'HUBO, the incident occurred around 8:30 am on Wednesday, July 8, at the intersection of calle 53 (Avenida de Greiff) and Carrera 51 (Bolívar), next to Plaza Botero.
> 
> According to witnesses, the victim, a member of the LGBTQ+ community, walked several meters while clutching their neck after being attacked with a bladed weapon. They eventually collapsed in the street.
> 
> Upon noticing the situation, police officers arrived at the scene and immediately transported the woman to the clinic. However, she arrived without vital signs due to the severity of her injuries.
> 
> The victim, who was known in the area but has not yet been fully identified, was between 25 and 30 years old, had a slim build, a tan complexion, and long hair.
> 
> Medellín's Secretary of Security, Manuel Villa Mejía, reported that initial investigations suggest the homicide stemmed from a case of intolerance. The officer highlighted that the rapid reaction of the Police, combined with the monitoring carried out through the city's video surveillance cameras, made it possible to locate and capture the alleged aggressor.
> 
> The captured individual is a 26-year-old Venezuelan citizen, who was placed at the disposal of the Attorney General's Office, the entity that is carrying out the judicial process.

https://analisisurbano.org/crimen-de-mujer-trans-en-medellin-la-candelaria-concentra-el-mayor-numero-de-homicidios-en-2026/

https://qhubomedellin.com/actualidad/judicial/mujer-trans-fue-asesinada-en-el-centro-de-medellin-NK38679510","An unidentified #trans woman died after being stabbed in the street in Medellín, Antioquia (Colombia) on 8 Jul 2026. Her killer was apprehended by police. #SayHerName #TransLivesMatter #TDoR",https://tdor.translivesmatter.info/reports/2026/07/08/name-unknown_medellin-antioquia-colombia_bdef9404,qrcodes/bdef9404.png
Merve Yılmazeli,40,,photos/2026_07_09_Merve-Yilmazeli.png,https://www.instagram.com/p/Dau7B_WjZfJ/,thumbnails/2026_07_09_Merve-Yilmazeli.png,9 Jul 2026,,Istanbul,Turkey,TR,40.98530863,28.63547327,violence,hit and run,"Merve was a motorcycle courier. After she was killed by a hit and run driver, her colleagues gathered in her memory but her birth family refused to accept her body.

> Merve Yilmazeli was a transgender woman working as a courier for a company. She lost her life in an accident caused by a reckless driver speeding and swerving on the E-5 highway in Beylikdüzü, Istanbul. Her life was cut short because of someone else's irresponsibility. 
> 
> There is no information whatsoever about the driver who took the life of 40-year-old Merve. Why? The other heartbreaking aspect is that Merve's family has refused to accept the body. It has been stated that if the body is not claimed today, the 40-year-old woman will be buried in a pauper's cemetery with lawyers present. 
> 
> I cannot comprehend such wickedness, such cruelty. We hope the perpetrator receives the harshest punishment and that Merve's body is not buried in a pauper's cemetery. Life cannot be lived with such hatred. 
> 
> Rest in peace, Merve. I am so, so sad. 
> 
> Update: Friends, it is said that after some efforts, the uncle has accepted the body. Attempts have also been made to contact the family. The courier news outlet we referenced will provide an update shortly, and we will update you if there are any developments. 
> 
> Update 2: Journalist Evrim Kepenek: “The transgender courier's family initially refused the body, then accepted it, and found 215 TL in her pocket, which they donated to the mosque.” 
> 
> Merve was buried yesterday.

Merve's funeral was marked by a motorcycle cavalcade as her (overwhelmingly male and cisgender) colleagues all gathered to mourn her death and celebrate her memory.

<blockquote class=""instagram-media"" data-instgrm-captioned data-instgrm-permalink=""https://www.instagram.com/reel/Da26SwTMava/?utm_source=ig_embed&amp;utm_campaign=loading"" data-instgrm-version=""14"" style="" background:#FFF; border:0; border-radius:3px; box-shadow:0 0 1px 0 rgba(0,0,0,0.5),0 1px 10px 0 rgba(0,0,0,0.15); margin: 1px; max-width:540px; min-width:326px; padding:0; width:99.375%; width:-webkit-calc(100% - 2px); width:calc(100% - 2px);""><div style=""padding:16px;""> <a href=""https://www.instagram.com/reel/Da26SwTMava/?utm_source=ig_embed&amp;utm_campaign=loading"" style="" background:#FFFFFF; line-height:0; padding:0 0; text-align:center; text-decoration:none; width:100%;"" target=""_blank""> <div style="" display: flex; flex-direction: row; align-items: center;""> <div style=""background-color: #F4F4F4; border-radius: 50%; flex-grow: 0; height: 40px; margin-right: 14px; width: 40px;""></div> <div style=""display: flex; flex-direction: column; flex-grow: 1; justify-content: center;""> <div style="" background-color: #F4F4F4; border-radius: 4px; flex-grow: 0; height: 14px; margin-bottom: 6px; width: 100px;""></div> <div style="" background-color: #F4F4F4; border-radius: 4px; flex-grow: 0; height: 14px; width: 60px;""></div></div></div><div style=""padding: 19% 0;""></div> <div style=""display:block; height:50px; margin:0 auto 12px; width:50px;""><svg width=""50px"" height=""50px"" viewBox=""0 0 60 60"" version=""1.1"" xmlns=""https://www.w3.org/2000/svg"" xmlns:xlink=""https://www.w3.org/1999/xlink""><g stroke=""none"" stroke-width=""1"" fill=""none"" fill-rule=""evenodd""><g transform=""translate(-511.000000, -20.000000)"" fill=""#000000""><g><path d=""M556.869,30.41 C554.814,30.41 553.148,32.076 553.148,34.131 C553.148,36.186 554.814,37.852 556.869,37.852 C558.924,37.852 560.59,36.186 560.59,34.131 C560.59,32.076 558.924,30.41 556.869,30.41 M541,60.657 C535.114,60.657 530.342,55.887 530.342,50 C530.342,44.114 535.114,39.342 541,39.342 C546.887,39.342 551.658,44.114 551.658,50 C551.658,55.887 546.887,60.657 541,60.657 M541,33.886 C532.1,33.886 524.886,41.1 524.886,50 C524.886,58.899 532.1,66.113 541,66.113 C549.9,66.113 557.115,58.899 557.115,50 C557.115,41.1 549.9,33.886 541,33.886 M565.378,62.101 C565.244,65.022 564.756,66.606 564.346,67.663 C563.803,69.06 563.154,70.057 562.106,71.106 C561.058,72.155 560.06,72.803 558.662,73.347 C557.607,73.757 556.021,74.244 553.102,74.378 C549.944,74.521 548.997,74.552 541,74.552 C533.003,74.552 532.056,74.521 528.898,74.378 C525.979,74.244 524.393,73.757 523.338,73.347 C521.94,72.803 520.942,72.155 519.894,71.106 C518.846,70.057 518.197,69.06 517.654,67.663 C517.244,66.606 516.755,65.022 516.623,62.101 C516.479,58.943 516.448,57.996 516.448,50 C516.448,42.003 516.479,41.056 516.623,37.899 C516.755,34.978 517.244,33.391 517.654,32.338 C518.197,30.938 518.846,29.942 519.894,28.894 C520.942,27.846 521.94,27.196 523.338,26.654 C524.393,26.244 525.979,25.756 528.898,25.623 C532.057,25.479 533.004,25.448 541,25.448 C548.997,25.448 549.943,25.479 553.102,25.623 C556.021,25.756 557.607,26.244 558.662,26.654 C560.06,27.196 561.058,27.846 562.106,28.894 C563.154,29.942 563.803,30.938 564.346,32.338 C564.756,33.391 565.244,34.978 565.378,37.899 C565.522,41.056 565.552,42.003 565.552,50 C565.552,57.996 565.522,58.943 565.378,62.101 M570.82,37.631 C570.674,34.438 570.167,32.258 569.425,30.349 C568.659,28.377 567.633,26.702 565.965,25.035 C564.297,23.368 562.623,22.342 560.652,21.575 C558.743,20.834 556.562,20.326 553.369,20.18 C550.169,20.033 549.148,20 541,20 C532.853,20 531.831,20.033 528.631,20.18 C525.438,20.326 523.257,20.834 521.349,21.575 C519.376,22.342 517.703,23.368 516.035,25.035 C514.368,26.702 513.342,28.377 512.574,30.349 C511.834,32.258 511.326,34.438 511.181,37.631 C511.035,40.831 511,41.851 511,50 C511,58.147 511.035,59.17 511.181,62.369 C511.326,65.562 511.834,67.743 512.574,69.651 C513.342,71.625 514.368,73.296 516.035,74.965 C517.703,76.634 519.376,77.658 521.349,78.425 C523.257,79.167 525.438,79.673 528.631,79.82 C531.831,79.965 532.853,80.001 541,80.001 C549.148,80.001 550.169,79.965 553.369,79.82 C556.562,79.673 558.743,79.167 560.652,78.425 C562.623,77.658 564.297,76.634 565.965,74.965 C567.633,73.296 568.659,71.625 569.425,69.651 C570.167,67.743 570.674,65.562 570.82,62.369 C570.966,59.17 571,58.147 571,50 C571,41.851 570.966,40.831 570.82,37.631""></path></g></g></g></svg></div><div style=""padding-top: 8px;""> <div style="" color:#3897f0; font-family:Arial,sans-serif; font-size:14px; font-style:normal; font-weight:550; line-height:18px;"">View this post on Instagram</div></div><div style=""padding: 12.5% 0;""></div> <div style=""display: flex; flex-direction: row; margin-bottom: 14px; align-items: center;""><div> <div style=""background-color: #F4F4F4; border-radius: 50%; height: 12.5px; width: 12.5px; transform: translateX(0px) translateY(7px);""></div> <div style=""background-color: #F4F4F4; height: 12.5px; transform: rotate(-45deg) translateX(3px) translateY(1px); width: 12.5px; flex-grow: 0; margin-right: 14px; margin-left: 2px;""></div> <div style=""background-color: #F4F4F4; border-radius: 50%; height: 12.5px; width: 12.5px; transform: translateX(9px) translateY(-18px);""></div></div><div style=""margin-left: 8px;""> <div style="" background-color: #F4F4F4; border-radius: 50%; flex-grow: 0; height: 20px; width: 20px;""></div> <div style="" width: 0; height: 0; border-top: 2px solid transparent; border-left: 6px solid #f4f4f4; border-bottom: 2px solid transparent; transform: translateX(16px) translateY(-4px) rotate(30deg)""></div></div><div style=""margin-left: auto;""> <div style="" width: 0px; border-top: 8px solid #F4F4F4; border-right: 8px solid transparent; transform: translateY(16px);""></div> <div style="" background-color: #F4F4F4; flex-grow: 0; height: 12px; width: 16px; transform: translateY(-4px);""></div> <div style="" width: 0; height: 0; border-top: 8px solid #F4F4F4; border-left: 8px solid transparent; transform: translateY(-4px) translateX(8px);""></div></div></div> <div style=""display: flex; flex-direction: column; flex-grow: 1; justify-content: center; margin-bottom: 24px;""> <div style="" background-color: #F4F4F4; border-radius: 4px; flex-grow: 0; height: 14px; margin-bottom: 6px; width: 224px;""></div> <div style="" background-color: #F4F4F4; border-radius: 4px; flex-grow: 0; height: 14px; width: 144px;""></div></div></a><p style="" color:#c9c8cd; font-family:Arial,sans-serif; font-size:14px; line-height:17px; margin-bottom:0; margin-top:8px; overflow:hidden; padding:8px 0 7px; text-align:center; text-overflow:ellipsis; white-space:nowrap;""><a href=""https://www.instagram.com/reel/Da26SwTMava/?utm_source=ig_embed&amp;utm_campaign=loading"" style="" color:#c9c8cd; font-family:Arial,sans-serif; font-size:14px; font-style:normal; font-weight:normal; line-height:17px; text-decoration:none;"" target=""_blank"">A post shared by UMUT-SEN (@umut_sendikasi)</a></p></div></blockquote>
<script async src=""//www.instagram.com/embed.js""></script>

> A memorial and justice ride was held at Silivri Çanta Cemetery for Merve Yilmazelli, a motorcycle courier who lost her life on the night of July 9th when she was hit by a car driven by reckless drivers on the E-5 highway in Beylikdüzü. The memorial highlighted the precarious working conditions of couriers, the at least 265 workplace deaths in the last 5 years, and the fact that the perpetrators have still not been caught.
> 
> Couriers spoke out at the graveside of their colleague Merve Yilmazelli: ""When Merve passed away, she only had 215 TL in her pocket. That 215 lira is a bitter summary of the value placed on our lives.""
> 
> The perpetrators of Merve Yilmazelli's death must be found and brought to justice.

https://bianet.org/haber/couriers-mourn-trans-delivery-worker-killed-on-the-job-321543

https://www.instagram.com/reels/Da26SwTMava

https://www.instagram.com/reels/DavMchatqHT/

https://www.instagram.com/p/Dau7B_WjZfJ/

https://www.instagram.com/reels/Da1CsN0oIGp/

https://www.instagram.com/reels/Da26SwTMava/

https://www.facebook.com/watch/?v=1010306178550056

https://www.facebook.com/reel/862385793333727

https://x.com/1filinta1/status/2077675013759504625

https://x.com/NazirKapusuz/status/2077474296352375282

https://x.com/bianet_eng/status/2077712955660026231","Merve Yilmazeli was killed by a hit and run driver in Istanbul (Turkey) on 9 Jul 2026.

She was 40. #SayHerName #TransLivesMatter #TDoR",https://tdor.translivesmatter.info/reports/2026/07/09/merve-ylmazeli_istanbul-turkey_6ec3db4f,qrcodes/6ec3db4f.png
Meeshi,about 25,,photos/2026_07_13_Meeshi.jpg,https://www.facebook.com/permalink.php?story_fbid=pfbid0opDhjetcbKMGfZKNpSnGTv3nPLceb5RBBxUDhBGqoD99LQPhoje92fd4fer5d4gBl&id=100068113328107,thumbnails/2026_07_13_Meeshi.jpg,13 Jul 2026,,"Peshawar, Khyber Pakhtunkhwa",Pakistan,PK,33.99617399,71.63401725,violence,shot,"Meeshi was one of two trans women shot during an argument. Meeshi died but her friend Tara survived with critical injuries.

> Two transgender persons, Meeshi and Tara, were shot near Chamkani Police Station in Peshawar.
> 
> According to initial reports from transgender community, Meeshi had gone with her friend Tara to recover her mobile phone and money from her intimate friend, who had refused to return them. A heated argument broke out, during which the accused opened fire on both of them.
> 
> Meeshi was killed in the attack, and her body has been handed over to her family. Tara sustained critical injuries and is currently hospitalized.
>
> Arzoo Khan, President of the KP Transgender Community and Executive Director of Manzil Foundation, strongly condemned this brutal killing, stating that the continued targeting of transgender persons is unacceptable and demands immediate action. She urged the KP Police to arrest the accused without delay and called on the Government of Khyber Pakhtunkhwa to ensure justice, strengthen protection measures, and end the impunity surrounding violence against the transgender community.

https://www.thepinknews.com/2026/07/17/pakistan-shooting-trans-dead-injured/

https://tribune.com.pk/story/2618588/transgender-person-killed-another-injured-in-peshawar-shooting

https://www.sentidog.com/2026/07/17/tiroteo-en-pakistan-deja-una-persona-trans-muerta-y-otra-herida/

https://www.facebook.com/RedDiversidadSex/posts/pfbid0WipZ5Uky19ReKzkgnK2H6dDxH88wYcZsWZhyFnoWXW6swY4SZTfvzYj99ry6YpLZl

https://www.facebook.com/permalink.php?story_fbid=pfbid0opDhjetcbKMGfZKNpSnGTv3nPLceb5RBBxUDhBGqoD99LQPhoje92fd4fer5d4gBl&id=100068113328107","Meeshi was one of two trans women shot during an argument Peshawar, Khyber Pakhtunkhwa (Pakistan) on 13 Jul 2026. #SayHerName #TransLivesMatter #TDoR",https://tdor.translivesmatter.info/reports/2026/07/13/meeshi_peshawar-khyber-pakhtunkhwa-pakistan_1edf6b8a,qrcodes/1edf6b8a.png
Teddy S. Federico,32,,photos/2026_07_15_Teddy-S-Federico.jpg,https://www.facebook.com/photo?fbid=122180463740813443&set=pb.61574403313827.-2207520000,thumbnails/2026_07_15_Teddy-S-Federico.jpg,15 Jul 2026,,"Veruela, Agusan del Sur",Philippines,PH,7.98331571,125.8879526,violence,murdered,"Teddy's buried body was found eight days after she had done missing.

> Another devastating case is that of Teddy S. Federico, 32, an Indigenous youth leader and barangay agricultural worker, whose body was found buried in Barangay Del Monte, Veruela, on 15 July after she had been missing for eight days.
> 
> The severity of her injuries was such that her mother could no longer recognise her face. We welcome the adoption of Resolution No. 346, Series of 2026, by the Sangguniang Bayan of Veruela urging the Philippine National Police to expedite the investigation. We urge authorities to ensure that this call results in concrete action and justice for Teddy.

![](2026_07_15_Teddy-S-Federico_poster.jpg)

Teddy's Facebook profile is https://www.facebook.com/teddy.federico.2025.

https://newsinfo.inquirer.net/2285749/makabayan-seeks-probe-of-attacks-vs-transgenders

https://www.facebook.com/BulSUSGGEDIC/posts/pfbid0eQdAxEjuZPV67mEMd2xTPbGQXfghCh69MTk3LLix3k8SXbsJZ9h5RFwW4rfb7A2vl

https://www.facebook.com/permalink.php?story_fbid=pfbid0PHZKecTspoieAw2qXb6zLtNXfz9kuXWG1UxPqTMXoDCfTyxDCv9FckFLyExcDVMzl&id=61575283862827

https://www.facebook.com/STRAP.ORG/posts/pfbid02AUbmXQTprVhDcsb19raJuqBhWEigdn3uC2MpCBywzNBq8LNaQzcaNPRLVsMbRJR7l","The buried body of Teddy S. Federico was found in Veruela, Agusan del Sur (Philippines) on 15 Jul 2026. She had been missing for 8 days.

Teddy was 32, and an indigenous youth leader. #SayHerName #TransLivesMatter #TDoR",https://tdor.translivesmatter.info/reports/2026/07/15/teddy-s-federico_veruela-agusan-del-sur-philippines_560a9ab1,qrcodes/560a9ab1.png
Vega Mojarro,45-50,,,,trans_flag.jpg,16 Jul 2026,,"Mexicali, Baja California",Mexico,MX,32.50075769,-115.0638439,violence,beaten,"Vega's body was found partially buried and with signs of violence.

> Tijuana – The body of a person showing signs of violence was found in the Mexicali Valley. The State Attorney General's Office (FGE) is investigating whether the deceased was a transgender woman.
> 
> The body had evident blows to the head, bruises around the eyes, was wearing clothing traditionally used by women, and was found partially buried. The discovery was reported to the emergency line yesterday afternoon, Thursday, June 16, on a rural road in the agricultural area of Ejido Jiquilpan, between Rancho Pericos and state highway number 3, also known as Los Pioneros.
> 
> Agents from the Mexicali Municipal Police arrived at the scene and confirmed the presence of the body, which showed no vital signs and had visible signs of violence. After processing the scene, the Prosecutor's Office preliminarily reported that it was a [trans woman], around 50 years old, who had several head injuries and bruises on her eyelids.
> 
> Because she was wearing women's clothing, he said he would investigate the incident while respecting the possible gender identity of the victim, although he clarified that this will be confirmed when the corresponding information is gathered, in addition to clarifying the circumstances of the crime.
> 
> The body was taken to the Forensic Medical Service (Semefo) facilities, where an autopsy was performed. It was later revealed that the cause of death was a traumatic brain injury.

https://agenciapresentes.org/2026/07/23/mexico-cuatro-transfeminicidios-en-una-semana-alertan-a-activistas/

https://www.elimparcial.com/mxl/mexicali/2026/07/21/fge-investiga-como-transfeminicidio-asesinato-de-una-persona-en-ejido-jiquilpan/

https://oem.com.mx/lavozdelafrontera/policiaca/localizan-a-mujer-trans-sin-vida-en-valle-de-mexicali-31170255

https://www.nmas.com.mx/baja-california/seguridad/asesinatos/localizan-sin-vida-a-mujer-trans-en-el-valle-de-mexicali-victima-permanece-sin-identificar/

https://www.jornada.com.mx/noticia/2026/07/17/estados/abandonaron-cuerpo-de-mujer-trans-en-el-valle-de-mexicali

https://puntonorte.info/2026/07/17/hallan-cuerpo-semienterrado-en-mexicali-fiscalia-investiga-si-es-una-mujer-trans/

https://puntonorte.info/2026/07/20/piden-ayuda-para-identificar-a-victima-investigada-como-posible-mujer-trans/

https://oem.com.mx/lavozdelafrontera/local/buscan-identificar-a-persona-trans-encontrada-sin-vida-31213045

https://celayanews.com/nacionales/abandonaron-cuerpo-de-mujer-trans-con-signos-de-violencia-en-el-valle-de-mexicali-bc/

https://www.facebook.com/puntonorte.info/posts/hallan-cuerpo-semienterrado-en-mexicali-fiscal%C3%ADa-investiga-si-es-una-mujer-trans/1333174148902371/

https://www.facebook.com/CelayaNews/photos/nacional-abandonaron-cuerpo-de-mujer-trans-con-signos-de-violencia-en-el-valle-d/1652829586849873/

https://x.com/tv_yazi/status/2078961964026372495

https://x.com/punto_norte/status/2078268675044549004

https://x.com/celaya_news/status/2078471013143105673","The body of Vega Mojarro was found partially buried and with signs of violence in Mexicali, Baja California (Mexico) on 16 Jul 2026. #SayHerName #TransLivesMatter #TDoR",https://tdor.translivesmatter.info/reports/2026/07/16/vega-mojarro_mexicali-baja-california-mexico_d371fe29,qrcodes/d371fe29.png
Queta Palafox,,,,,trans_flag.jpg,17 Jul 2026,,"Ciudad de México, CDMX",Mexico,MX,19.34961718,-99.06287316,violence,murdered,"Queta's body was found tied up with a cable in the Iztapalapa area of Mexico City.

Luis Acevedo was subsequently arrested on suspicion of murder.

> This weekend, two trans women were murdered in Mexico City: on Friday, July 17, Queta Palafox, an elderly woman known by that name to some trans women, was murdered in Iztapalapa. Yesterday, [the body of a trans woman](https://tdor.translivesmatter.info/reports/2026/07/19/a-g-velazco_ciudad-de-mexico-cdmx-mexico_33185ea5) was found in her apartment in the Piloto Culhuacán neighborhood of Coyoacán.
> 
> Both bodies were found with visible signs of violence, which points to hate crimes based on the victims' gender identity.
> 
> Victoria Samano, a trans woman and founder of the collective and civil association La Lleca, Escuchando la calle (Listening to the Street), named these transfemicides on her social media and warned that the investigation file for the murder of Queta Palafox has not so far been brought to the specialized femicide area of the Mexico City prosecutor's office.
> 
> These crimes occurred amidst protests by members of the trans and non-binary community, who held a sit-in for 21 days (until July 10) in front of the Ministry of the Interior, demanding the creation of a Comprehensive Trans Law and the inclusion of hate crimes in the Federal Penal Code, following recommendation 42/2024 from the National Human Rights Commission. Their demands also included a guarantee of a comprehensive healthcare model with adequate supplies and functional medical care, as well as the implementation of effective policies for job placement and identity registration processes free from institutional discrimination.

https://agenciapresentes.org/2026/07/23/mexico-cuatro-transfeminicidios-en-una-semana-alertan-a-activistas/

https://fabricadeperiodismo.com/noticias/transfeminicidios-cdmx/

https://www.facebook.com/permalink.php?story_fbid=pfbid0iRE9XvaSSUNvU6nAajLZit3jf6WCCoiPLjZwPQxDHGjfvNiF3kqiLi74uEpu438El&id=100093093790113

https://www.instagram.com/p/DbCDJauhyqf/

https://x.com/samano_O/status/2078619643464274124

https://x.com/samano_O/status/2078932242227736909

https://x.com/tv_yazi/status/2078961362592526671","The body of Queta Palafox was found tied up in the Iztapalapa area of Ciudad de México,  CDMX (Mexico) on 17 Jul 2026. #SayHerName #TransLivesMatter #TDoR",https://tdor.translivesmatter.info/reports/2026/07/17/queta-palafox_ciudad-de-mexico-cdmx-mexico_066d0bab,qrcodes/066d0bab.png
Abiel García Velazco,58,,,,trans_flag.jpg,18 Jul 2026,,"Ciudad de México, CDMX",Mexico,MX,19.32227602,-99.11267493,violence,murdered,"Abiel was killed in her apartment.
 
> Abiel Velazco, 58, who worked as a sex worker at a hotel on Calzada de Tlalpan, was found dead inside her apartment in the Infonavit Piloto housing complex, in the Piloto Culhuacán neighborhood of the Coyoacán borough. Her face was covered in blood, and she was gagged.
> 
> The discovery occurred after her sister Basti went to the property located in Plaza Tezcatlipoca, after several days without being able to contact her. Upon entering the residence, she found her [sister] unconscious and requested assistance from emergency services.
> 
> ERUM paramedics who arrived at the scene only confirmed that Abiel no longer had vital signs, while police officers secured the property to allow the work of forensic experts and agents of the Investigative Police.
> 
> The victim's sister stated that Abiel used to offer her services at a hotel located on Calzada de Tlalpan in the Parque San Andrés neighborhood and that the family decided to go looking for her as they had not heard from her since July 15.
> 
> The Mexico City Prosecutor's Office opened an investigation, which was classified as ""femicide due to other causes"".

https://fabricadeperiodismo.com/noticias/transfeminicidios-cdmx/

https://elmanana.com.mx/nacional/2026/7/21/hallan-sin-vida-a-mujer-trans-en-coyoacan-investigan-presunto-crimen-con-signos-de-tortura-176932.html

https://www.milenio.com/policia/matan-mujer-trans-en-departamento-coyoacan-cdmx

https://afondoedomex.com/violencia-abiel-era-una-mujer-trans-y-la-encontraron-muerta-y-amordazada/

https://www.posta.com.mx/cdmx/transfeminicidio-en-coyoacan-deja-sin-vida-a-una-mujer/vl2234187

https://www.infobae.com/mexico/2026/07/21/hallan-a-mujer-trans-sin-vida-en-unidad-habitacional-de-coyoacan-fiscalia-de-cdmx-investiga-caso/

https://www.posta.com.mx/amp/cdmx/transfeminicidio-en-coyoacan-deja-sin-vida-a-una-mujer/vl2234187

https://oem.com.mx/lavozdelafrontera/local/buscan-identificar-a-persona-trans-encontrada-sin-vida-31213045

https://www.elgrafico.mx/la-roja/2026/07/18/hallan-muerto-dentro-de-su-departamento-a-integrante-de-la-comunidad-lgbtttiq/

https://www.elgrafico.mx/la-roja/2026/07/19/ataque-violento-a-mujer-trans-encuentran-a-trabajadora-sexual-sin-vida-en-coyoacan/

https://www.facebook.com/photo/?fbid=1397495949145940&set=a.278562367705976

https://www.facebook.com/Valledelermaaldia/posts/pfbid05pQG1hgLdhgkfj15BFKSwFMtPsUQUD4ESm8yJgdmif4mYrdpUYLKGx7QfMYaRnU4l

https://www.facebook.com/photo.php?fbid=1397495949145940&set=a.278562367705976&type=3

https://x.com/tv_yazi/status/2078961781670604921

https://x.com/c4jimenez/status/2079244836335485244","Abiel García Velazco was killed in her apartment in the Coyoacán area of Ciudad de México, CDMX (Mexico) on 18 Jul 2026.

She was 58. #SayHerName #TransLivesMatter #TDoR",https://tdor.translivesmatter.info/reports/2026/07/18/abiel-garcia-velazco_ciudad-de-mexico-cdmx-mexico_33185ea5,qrcodes/33185ea5.png
Rayla Elle Ojeda-Wells,29,,photos/2026_07_18_Rayla-Elle-Ojeda-Wells.jpg,https://www.facebook.com/photo.php?fbid=36441898945453604&set=pb.100001808731277.-2207520000&type=3,thumbnails/2026_07_18_Rayla-Elle-Ojeda-Wells.jpg,18 Jul 2026,,"Jacksonville, Florida",USA,US,30.32815143,-81.65498104,suicide,suicide,"Rayla died by suicide.

> My family and I just lost our best friend, partner and wife.
>
> Her name is Rayla Elle Ojeda-Wells, and she lost her battle with depression 7/18/2026.
>
> She took her own life after a lifelong battle with depression, anxiety, and stress, in no small part from the constant nightmare of living as a trans-woman and a parent in Jacksonville, FL.
>
> It was sudden, unexpected, and the immediate aftermath was a traumatizing, tragic event for all of us. 4 of her closest loved ones were home when it happened.
> 
> I would like to honor her memory and make her name known.
>
> In 29 years on this planet she was a friend, a partner, a lover, a fighter, a mother, and a wife, and I will never forget the beautiful place she created in our lives, or the hole it made when she died.
>
> I hope her passing serves as an important reminder that those who we are closest to are so unbelievably fragile and can quickly leave our lives if we do not hold onto them as tightly as we possibly can.
>
> I hope in the wake of this loss, we learn to be that much kinder and more protective of those we love, so they never feel alone, or that they would not be missed.
> 
> Please, remember her.

Rayla's Facebook and Instagram profiles are https://www.facebook.com/ThatGinger97 and https://www.instagram.com/percussionconcussion/.","Rayla Elle Ojeda-Wells died by suicide in Jacksonville, Florida (USA) on 18 Jul 2026.

She was 29. #SayHerName #TransLivesMatter #TDoR",https://tdor.translivesmatter.info/reports/2026/07/18/rayla-elle-ojeda-wells_jacksonville-florida-usa_167b3252,qrcodes/167b3252.png
Vitória (""Vicky""),,,photos/2026_07_19_Vitoria.jpg,https://aratuon.com.br/seguranca/saiba-quem-era-vicky-mulher-trans-encontrada-morta-as-margens-da-br-324-/,thumbnails/2026_07_19_Vitoria.jpg,19 Jul 2026,,"Simões Filho, Bahia",Brazil,BR,-12.78728105,-38.39407597,violence,beaten and shot,"Vitória's body was found with her hands tied by the side of the BR-324 hghway. She may have been killed elsewhere and then her body dumped.

> The trans woman found dead on Sunday morning (19), on the banks of the BR-324, in Simões Filho, was identified as Vitória, known by the nickname “Vicky”. She lived in Cajazeiras 6, in Salvador.
> 
> According to information gathered by Alô Juca, Vicky was found with her hands tied, showing signs of beating and several gunshot wounds. The body was located near kilometer 611 of the highway.
> 
> Initial reports indicate that around 1:00 AM, a car stopped at the location, abandoned the body on the side of the road, and then left the area. It is suspected that the victim was murdered elsewhere and dumped on BR-324.

https://www.alojuca.com.br/noticia/quem-matou-vitoria-mulher-trans-encontrada-morta-as-margens-da-br-324-era-conhecida-como-vicky-de-cajazeiras-saiba-detalhes

https://aratuon.com.br/seguranca/saiba-quem-era-vicky-mulher-trans-encontrada-morta-as-margens-da-br-324-/

https://www.instagram.com/reels/Da-ulDkuXUQ/","Vitória's body was found with her hands tied by the side of the BR-324 hghway in Simões Filho, Bahia (Brazil) on 19 Jul 2026. #SayHerName #TransLivesMatter #TDoR",https://tdor.translivesmatter.info/reports/2026/07/19/vitoria-vicky_simoes-filho-bahia-brazil_442ae5ef,qrcodes/442ae5ef.png
Samantha Rivas,,,photos/2026_07_21_Samantha-Rivas.jpg,https://www.instagram.com/p/DbE3DQisCxm/,thumbnails/2026_07_21_Samantha-Rivas.jpg,21 Jul 2026,,"Agua Prieta, Sonora",Mexico,MX,31.31392582,-109.5392014,violence,murdered,"Samantha was murdered in her home.

> On July 21, Samantha Rivas, an elderly transgender woman, was murdered in her home. The local press reported the incident using the victim's legal name and mentioned that her body showed signs of violence, but argued that ""according to official data from the Prosecutor's Office, she died from hypovolemic shock due to a lung injury.""
>
> There is no statement on this matter yet on the Sonora Attorney General's website. 

<blockquote class=""instagram-media"" data-instgrm-captioned data-instgrm-permalink=""https://www.instagram.com/p/DbE3DQisCxm/?utm_source=ig_embed&amp;utm_campaign=loading"" data-instgrm-version=""14"" style="" background:#FFF; border:0; border-radius:3px; box-shadow:0 0 1px 0 rgba(0,0,0,0.5),0 1px 10px 0 rgba(0,0,0,0.15); margin: 1px; max-width:540px; min-width:326px; padding:0; width:99.375%; width:-webkit-calc(100% - 2px); width:calc(100% - 2px);""><div style=""padding:16px;""> <a href=""https://www.instagram.com/p/DbE3DQisCxm/?utm_source=ig_embed&amp;utm_campaign=loading"" style="" background:#FFFFFF; line-height:0; padding:0 0; text-align:center; text-decoration:none; width:100%;"" target=""_blank""> <div style="" display: flex; flex-direction: row; align-items: center;""> <div style=""background-color: #F4F4F4; border-radius: 50%; flex-grow: 0; height: 40px; margin-right: 14px; width: 40px;""></div> <div style=""display: flex; flex-direction: column; flex-grow: 1; justify-content: center;""> <div style="" background-color: #F4F4F4; border-radius: 4px; flex-grow: 0; height: 14px; margin-bottom: 6px; width: 100px;""></div> <div style="" background-color: #F4F4F4; border-radius: 4px; flex-grow: 0; height: 14px; width: 60px;""></div></div></div><div style=""padding: 19% 0;""></div> <div style=""display:block; height:50px; margin:0 auto 12px; width:50px;""><svg width=""50px"" height=""50px"" viewBox=""0 0 60 60"" version=""1.1"" xmlns=""https://www.w3.org/2000/svg"" xmlns:xlink=""https://www.w3.org/1999/xlink""><g stroke=""none"" stroke-width=""1"" fill=""none"" fill-rule=""evenodd""><g transform=""translate(-511.000000, -20.000000)"" fill=""#000000""><g><path d=""M556.869,30.41 C554.814,30.41 553.148,32.076 553.148,34.131 C553.148,36.186 554.814,37.852 556.869,37.852 C558.924,37.852 560.59,36.186 560.59,34.131 C560.59,32.076 558.924,30.41 556.869,30.41 M541,60.657 C535.114,60.657 530.342,55.887 530.342,50 C530.342,44.114 535.114,39.342 541,39.342 C546.887,39.342 551.658,44.114 551.658,50 C551.658,55.887 546.887,60.657 541,60.657 M541,33.886 C532.1,33.886 524.886,41.1 524.886,50 C524.886,58.899 532.1,66.113 541,66.113 C549.9,66.113 557.115,58.899 557.115,50 C557.115,41.1 549.9,33.886 541,33.886 M565.378,62.101 C565.244,65.022 564.756,66.606 564.346,67.663 C563.803,69.06 563.154,70.057 562.106,71.106 C561.058,72.155 560.06,72.803 558.662,73.347 C557.607,73.757 556.021,74.244 553.102,74.378 C549.944,74.521 548.997,74.552 541,74.552 C533.003,74.552 532.056,74.521 528.898,74.378 C525.979,74.244 524.393,73.757 523.338,73.347 C521.94,72.803 520.942,72.155 519.894,71.106 C518.846,70.057 518.197,69.06 517.654,67.663 C517.244,66.606 516.755,65.022 516.623,62.101 C516.479,58.943 516.448,57.996 516.448,50 C516.448,42.003 516.479,41.056 516.623,37.899 C516.755,34.978 517.244,33.391 517.654,32.338 C518.197,30.938 518.846,29.942 519.894,28.894 C520.942,27.846 521.94,27.196 523.338,26.654 C524.393,26.244 525.979,25.756 528.898,25.623 C532.057,25.479 533.004,25.448 541,25.448 C548.997,25.448 549.943,25.479 553.102,25.623 C556.021,25.756 557.607,26.244 558.662,26.654 C560.06,27.196 561.058,27.846 562.106,28.894 C563.154,29.942 563.803,30.938 564.346,32.338 C564.756,33.391 565.244,34.978 565.378,37.899 C565.522,41.056 565.552,42.003 565.552,50 C565.552,57.996 565.522,58.943 565.378,62.101 M570.82,37.631 C570.674,34.438 570.167,32.258 569.425,30.349 C568.659,28.377 567.633,26.702 565.965,25.035 C564.297,23.368 562.623,22.342 560.652,21.575 C558.743,20.834 556.562,20.326 553.369,20.18 C550.169,20.033 549.148,20 541,20 C532.853,20 531.831,20.033 528.631,20.18 C525.438,20.326 523.257,20.834 521.349,21.575 C519.376,22.342 517.703,23.368 516.035,25.035 C514.368,26.702 513.342,28.377 512.574,30.349 C511.834,32.258 511.326,34.438 511.181,37.631 C511.035,40.831 511,41.851 511,50 C511,58.147 511.035,59.17 511.181,62.369 C511.326,65.562 511.834,67.743 512.574,69.651 C513.342,71.625 514.368,73.296 516.035,74.965 C517.703,76.634 519.376,77.658 521.349,78.425 C523.257,79.167 525.438,79.673 528.631,79.82 C531.831,79.965 532.853,80.001 541,80.001 C549.148,80.001 550.169,79.965 553.369,79.82 C556.562,79.673 558.743,79.167 560.652,78.425 C562.623,77.658 564.297,76.634 565.965,74.965 C567.633,73.296 568.659,71.625 569.425,69.651 C570.167,67.743 570.674,65.562 570.82,62.369 C570.966,59.17 571,58.147 571,50 C571,41.851 570.966,40.831 570.82,37.631""></path></g></g></g></svg></div><div style=""padding-top: 8px;""> <div style="" color:#3897f0; font-family:Arial,sans-serif; font-size:14px; font-style:normal; font-weight:550; line-height:18px;"">View this post on Instagram</div></div><div style=""padding: 12.5% 0;""></div> <div style=""display: flex; flex-direction: row; margin-bottom: 14px; align-items: center;""><div> <div style=""background-color: #F4F4F4; border-radius: 50%; height: 12.5px; width: 12.5px; transform: translateX(0px) translateY(7px);""></div> <div style=""background-color: #F4F4F4; height: 12.5px; transform: rotate(-45deg) translateX(3px) translateY(1px); width: 12.5px; flex-grow: 0; margin-right: 14px; margin-left: 2px;""></div> <div style=""background-color: #F4F4F4; border-radius: 50%; height: 12.5px; width: 12.5px; transform: translateX(9px) translateY(-18px);""></div></div><div style=""margin-left: 8px;""> <div style="" background-color: #F4F4F4; border-radius: 50%; flex-grow: 0; height: 20px; width: 20px;""></div> <div style="" width: 0; height: 0; border-top: 2px solid transparent; border-left: 6px solid #f4f4f4; border-bottom: 2px solid transparent; transform: translateX(16px) translateY(-4px) rotate(30deg)""></div></div><div style=""margin-left: auto;""> <div style="" width: 0px; border-top: 8px solid #F4F4F4; border-right: 8px solid transparent; transform: translateY(16px);""></div> <div style="" background-color: #F4F4F4; flex-grow: 0; height: 12px; width: 16px; transform: translateY(-4px);""></div> <div style="" width: 0; height: 0; border-top: 8px solid #F4F4F4; border-left: 8px solid transparent; transform: translateY(-4px) translateX(8px);""></div></div></div> <div style=""display: flex; flex-direction: column; flex-grow: 1; justify-content: center; margin-bottom: 24px;""> <div style="" background-color: #F4F4F4; border-radius: 4px; flex-grow: 0; height: 14px; margin-bottom: 6px; width: 224px;""></div> <div style="" background-color: #F4F4F4; border-radius: 4px; flex-grow: 0; height: 14px; width: 144px;""></div></div></a><p style="" color:#c9c8cd; font-family:Arial,sans-serif; font-size:14px; line-height:17px; margin-bottom:0; margin-top:8px; overflow:hidden; padding:8px 0 7px; text-align:center; text-overflow:ellipsis; white-space:nowrap;""><a href=""https://www.instagram.com/p/DbE3DQisCxm/?utm_source=ig_embed&amp;utm_campaign=loading"" style="" color:#c9c8cd; font-family:Arial,sans-serif; font-size:14px; font-style:normal; font-weight:normal; line-height:17px; text-decoration:none;"" target=""_blank"">A post shared by ANTNB (@asambleantnb)</a></p></div></blockquote>
<script async src=""//www.instagram.com/embed.js""></script>

> Samantha Rivas was murdered in Agua Prieta, Sonora. Her death is not an isolated incident: it is part of the systematic violence that continues to claim the lives of trans women in Mexico. 
> 
> Desde la Asamblea Nacional Trans No Binarie (ANTNB) demand that the Sonora State Attorney General's Office conduct a prompt, diligent, and gender-sensitive investigation, as well as the unrestricted respect for Samantha's identity in all official and media communications. Disseminating her deadname or denying her identity constitutes a form of revictimization. 
> 
> Every transfemicide reflects the State's historical debt to our communities. We will not accept impunity or silence. 
> 
> To Samantha's family, friends, and loved ones, we send our solidarity and our deepest condolences. 
> 
> Her name is Samantha Rivas. Her identity must be respected. Her life mattered. We demand justice. 
> 
> Not one more. Not one less. 
>
> Our lives matter. 

https://agenciapresentes.org/2026/07/23/mexico-cuatro-transfeminicidios-en-una-semana-alertan-a-activistas/

https://www.instagram.com/p/DbE3DQisCxm/","Samantha Rivas was murdered in her home in Agua Prieta, Sonora (Mexico) on 21 Jul 2026. #SayHerName #TransLivesMatter #TDoR",https://tdor.translivesmatter.info/reports/2026/07/21/samantha-rivas_agua-prieta-sonora-mexico_5a593a92,qrcodes/5a593a92.png
Lorena Raissa Souza,25,,photos/2026_07_22_Lorena-Souza.jpg,https://www.portalagresteviolento.com.br/2026/07/mulher-trans-e-encontrada-morta-em-acude-na-zona-rural-de-garanhuns/,thumbnails/2026_07_22_Lorena-Souza.jpg,22 Jul 2026,,"Garanhuns, Pernambuco",Brazil,BR,-8.50128422,-36.51927997,violence,murdered,"Lorena's body was found floating in a reservoir.

> The Civil Police will investigate the circumstances of the death of a trans woman found on Wednesday afternoon (22) in Açude Novo, in the rural area of Garanhuns, in the Agreste region of Pernambuco.
> 
> The victim was identified by local residents as Lorena. The body was inside the reservoir and was found wearing only underwear. The victim's remaining clothing was not found near the reservoir, according to information gathered at the scene by the Portal Agreste Violento.
> 
> Fire department teams were called to remove the body from the water. The area also underwent initial procedures related to the incident.
> 
> After the rescue, Lorena's body was sent to the Institute of Legal Medicine in Caruaru, where it will undergo examination. The forensic examination will determine the cause of death. The investigation will also seek to clarify how the victim arrived at the reservoir and what circumstances preceded the death.

Five days after Lorena's body was found Lindomar da Silva, 30, was arrested on suspicion of murder.

https://www.otempo.com.br/comportamento/2026/7/31/homem-e-preso-apos-mulher-trans-ser-encontrada-morta-dentro-de-acude-em-garanhuns

https://tribunaonline.com.br/pernambuco/policia/homem-e-preso-suspeito-de-matar-mulher-trans-no-agreste-de-pernambuco-317278?_=amp

https://g1.globo.com/pe/caruaru-regiao/noticia/2026/07/29/suspeito-de-matar-mulher-trans-encontrada-em-acude-e-preso-em-garanhuns.ghtml

https://francesnews.com.br/post/2026/07/26/33102-suspeito-de-matar-mulher-trans-e-preso-apos-corpo-ser-encontrado-em-acude-de-garanhuns

https://www.cbnrecife.com/2026/07/29/suspeito-de-matar-mulher-trans-encontrada-em-acude-na-zona-rural-de-garanhuns-e-preso/

https://www.portalagresteviolento.com.br/2026/07/mulher-trans-e-encontrada-morta-em-acude-na-zona-rural-de-garanhuns/

https://pernambuconoticias.com.br/mulher-trans-e-encontrada-morta-em-acude-na-zona-rural-de-garanhuns/

https://www.cbnrecife.com/2026/07/24/mulher-trans-e-encontrada-morta-em-acude-na-zona-rural-de-garanhuns/

https://www.instagram.com/p/DbY1mZ4lYjB/

https://www.instagram.com/p/DbY-eEqgZa9/

https://www.instagram.com/p/DbY1mZ4lYjB/

https://www.instagram.com/reels/DbJaiTXDPWm/

https://www.youtube.com/watch?v=gkbO4rsGuB0

https://x.com/dinnho/status/2082448577394057621","The body of Lorena Souza was found in a reservoir near Garanhuns, Pernambuco (Brazil) on 22 Jul 2026. Her death is considered suspicious.

Lorena was 25. #SayHerName #TransLivesMatter #TDoR",https://tdor.translivesmatter.info/reports/2026/07/22/lorena-raissa-souza_garanhuns-pernambuco-brazil_4b9aa1cd,qrcodes/4b9aa1cd.png
Shakira,24,,photos/2026_07_23_Shakira.jpg,https://ovaciones.com/noticias/estados/ella-es-la-chakira-de-cotija-influencer-trans-de-jalisco-que-fue-asesinada/1005936,thumbnails/2026_07_23_Shakira.jpg,23 Jul 2026,,"Cotija de la Paz, Michoacán",Mexico,MX,19.80465146,-102.6979258,violence,shot,"Shakira was a content creator and community activist. She died after being shot by armed assailants in a targeted attack.

> A trans woman who worked as a content creator was murdered in a targeted attack in the state of Michoacán, an incident that is already being investigated by state authorities.
> 
> According to initial reports, the victim was attacked with gunfire by armed individuals who fled the scene after committing the attack.
>
> Security personnel and emergency services arrived at the scene, where they could only confirm that the woman no longer had vital signs. The Attorney General's Office of the State of Michoacán opened an investigation to clarify the homicide and identify those responsible for the crime.
> 
> Following the murder, LGBT+ organizations and groups condemned the events and demanded an investigation with a gender perspective, as well as consideration of the victim's gender identity throughout the process. They also demanded that the case not go unpunished and called for greater action to stop the violence faced by the trans population in Mexico. 
> 
> So far, authorities have not reported any arrests or revealed a possible motive for the attack, so the investigation continues.

https://www.quadratin.com.mx/justicia/despiden-a-la-shakira-mujer-trans-asesinada-en-cotija/

https://www.jornada.com.mx/noticia/2026/07/27/estados/despiden-a-mujer-trans-asesinada-en-morelia-y-exige-investigacion-con-perspectiva-de-genero

https://lanigua.com.mx/despiden-a-shakira-en-morelia-y-exigen-investigar-como-crimen-de-odio-su-asesinato-en-cotija/

https://oem.com.mx/elsoldezamora/local/asesinan-a-la-chakira-de-cotija-fiscalia-ya-investiga-el-caso-31288012

https://www.zocalo.com.mx/asesinan-a-la-creadora-de-contenido-trans-la-chakira-de-cotija-en-michoacan/

https://evangelio.news/asesinan-en-cotija-a-creadora-de-contenido-trans-fiscalia-de-michoacan-investiga-el-ataque/

https://latinus.us/mexico/2026/7/24/asesinan-en-ataque-directo-una-mujer-trans-que-era-creadora-de-contenido-en-michoacan-179779.html

https://ovaciones.com/noticias/estados/ella-es-la-chakira-de-cotija-influencer-trans-de-jalisco-que-fue-asesinada/1005936

https://www.binoticias.com/nacional/matan-en-ataque-directo-mujer-trans-y-creadora-de-contenido-en-michoacan

https://www.facebook.com/LaNigua/photos/el-colectivo-pride-michoac%C3%A1n-despidi%C3%B3-a-shakira-mujer-trans-asesinada-el-23-de-j/1484647940359902/

https://www.facebook.com/lajornadaonline/posts/-integrantes-del-colectivo-pride-michoac%C3%A1n-despidieron-a-la-mujer-trans-conocida/1521467330013224/

https://x.com/Quadratin_/status/2081795477008179512

https://x.com/ovaciones/status/2080858240058085484","Shakira was shot by armed assailants in a targeted attack in Cotija, Michoacán (Mexico) on 23 Jul 2026.

She was 24, and a content creator and community activist. #SayHerName #TransLivesMatter #TDoR",https://tdor.translivesmatter.info/reports/2026/07/23/shakira_cotija-de-la-paz-michoacan-mexico_24980164,qrcodes/24980164.png
Ale Rous Montero (""La Escubidu""),26,,photos/2026_07_25_Ale-Rous.jpg,https://www.facebook.com/mariadelosangeles.floresflore/posts/pfbid02riWwpoMTh8qgCBeFTKJi4VUdjkeJMDPQDewf91v4w6LJPRDdkT64aPWqaVqxzo34l,thumbnails/2026_07_25_Ale-Rous.jpg,25 Jul 2026,,Ica,Peru,PE,-14.06411181,-75.7295052,violence,shot,"Ale was shot in front of a hostel by an assailant who fled on a motorbike. She died at the scene.

> A 26-year-old transgender woman was shot and killed early this morning on the fourth block of calle Bolívar, near the Plaza de Armas in Ica. The victim, identified as [deadname] Montero and known as ""La Escubidu"", was attacked in front of a hostel.
> 
> The crime occurred between 1:40 and 2:15 a.m. on July 25, according to preliminary reports. Security cameras recorded the moment a helmeted individual got off or approached from a motorcycle and shot the victim, who tried to escape but fell between the sidewalk and the road.
> 
> Witnesses reported that the attackers were traveling on a red and black motorcycle. At the scene, forensic experts collected six .380 caliber shell casings and five unfired cartridges. At least three shots struck the victim, causing her death before she could receive medical attention.
> 
> Relatives indicated that the victim had received threats days earlier while working as a sex worker on calle Loreto, a situation that may have prompted her to move to the area around calles Chiclayo and Bolívar. This information will need to be corroborated during the police investigation.
> 
> The downtown area of Ica is a hub of nightlife, and according to reports gathered after the crime, threats, extortion, and disputes over territorial control had been reported. The Criminal Investigation Division is analyzing these possible connections, although no motive has been confirmed so far.
> 
> Representatives from the Public Prosecutor's Office and Forensic Medicine recovered the body and arranged for its transfer to the morgue in Ica. Police are reviewing security camera footage to identify the two attackers and determine if the murder was related to extortion, retaliation, or another motive.

Ale's Facebook profile is https://www.facebook.com/profile.php?id=61559625164868.

https://diariocorreo.pe/edicion/ica/colectivos-realizan-planton-en-ica-para-exigir-justicia-por-el-asesinato-de-mujer-trans-de-26-anos-noticia/

https://diariocorreo.pe/edicion/ica/ica-colectivo-de-mujeres-trans-exige-justicia-por-asesinato-de-ale-rouss-y-pide-mayor-seguridad-noticia/

https://lalupa.pe/ica/colectivos-exigen-investigar-como-crimen-de-odio-el-asesinato-de-mujer-trans-en-ica-115955

https://diariocorreo.pe/edicion/ica/sicario-persiguio-y-ejecuto-a-mujer-trans-en-pleno-centro-de-ica-camaras-captaron-el-crimen-noticia/?outputType=amp

https://lalupa.pe/ica/asesinan-a-balazos-a-mujer-trans-cerca-de-la-plaza-de-armas-de-ica-115916

https://www.facebook.com/IcaTeInformaOficial/posts/pfbid02GGJKDML1UY1QgFWMpToHfZF6KcjJA3vz1VbMS1vMA5LcGBBNbLXnQzgkyAPQwgtHl

https://www.facebook.com/mariadelosangeles.floresflore/posts/pfbid02riWwpoMTh8qgCBeFTKJi4VUdjkeJMDPQDewf91v4w6LJPRDdkT64aPWqaVqxzo34l

https://www.facebook.com/100077766706082/posts/asesinn-a-balsos-hombre-trans-en-pleno-centro-de-icamiguel-%C3%A1ngel-gallegos-monter/1085631737372373/

https://www.facebook.com/lalupa.pe/posts/-lamentable-una-mujer-trans-de-26-a%C3%B1os-miguel-%C3%A1ngel-gallegos-montero-y-conocida-/1474735638023742/

https://www.facebook.com/reel/1613828816830176/

https://www.facebook.com/reel/1539735197624764

https://www.facebook.com/jairorgarciamunoz/posts/pfbid0JujxPnuiwgVbdkNrGpsgU6vDvhebFrUs9sAYGkCNyXAAzVD11MBemiB1nwpvPNDwl

https://www.instagram.com/p/DbONKsqDxol/","Ale Rous Montero was shot in Ica (Peru) on 25 Jul 2026.

She was 26. #SayHerName #TransLivesMatter #TDoR",https://tdor.translivesmatter.info/reports/2026/07/25/ale-rous-montero-la-escubidu_ica-peru_00704f37,qrcodes/00704f37.png
Betty Benito,23,,photos/2026_07_27_Betty-Benito.jpg,https://mb.com.ph/2026/07/28/transgender-woman-found-dead-in-bukidnon,thumbnails/2026_07_27_Betty-Benito.jpg,27 Jul 2026,,"Malaybalay City, Bukidnon",Philippines,PH,8.15818147,125.1195277,violence,murdered,"Betty's body was found in a state of disarray. A man is being sought by police in connection with her murder.

> Police are investigating the murder of a 23-year-old transgender woman in Malaybalay City, Bukidnon.
> 
> The victim was identified as [deadname] “Betty” Benito of Barangay Manalog, Malaybalay City.
> 
> Police said the victim, a pageant contestant, was last seen alive with a man. The man is now considered a person of interest.
> 
> Benito was later found dead with a bloodied head, sprawled on the ground, underwear pulled down, and private parts exposed in Barangay Sumpong on Monday, July 27.
> 
> The victim, a college student, was taken to a hospital where Benito was declared dead.
> 
> The Society of Trans Women of the Philippines (STRAP) mourned and urged justice for the victim.

https://mb.com.ph/2026/07/28/transgender-woman-found-dead-in-bukidnon","The body of Betty Benito was found in Malaybalay City, Bukidnon (Philippines) on 27 Jul 2026.

She was 23. #SayHerName #TransLivesMatter #TDoR",https://tdor.translivesmatter.info/reports/2026/07/27/betty-benito_malaybalay-city-bukidnon-philippines_8e084f95,qrcodes/8e084f95.png
Cristel Soto Landa (""La Rabiosa""),38,,photos/2026_07_28_Cristel-Soto-Landa.jpg,https://www.notiver.com/sucesos/encuentran-sin-vida-a-mujer-trans-en-misantla/,thumbnails/2026_07_28_Cristel-Soto-Landa.jpg,28 Jul 2026,,"Misantla, Veracruz",Mexico,MX,19.92233093,-96.8588473,suicide,possible suicide,"Cristel's body was found in the bar where she worked. The circumstances of her death suggest that her death may have been a suicide.

> Police and emergency services were mobilised after the lifeless body of a well-known trans woman was found this Sunday inside an establishment in the Benito Juárez neighborhood of the city of Misantla 
> 
> The discovery took place in the bar called “La Vicenta”, where people who entered the premises found the victim lying down, formally identified as [deadname] Soto Landa, approximately 38 years old, who was affectionately nicknamed “La Rabiosa”.
> 
> It was revealed that the deceased was originally from the town of La Vigueta and worked as a waitress in the aforementioned establishment. She also occasionally worked as an assistant to a well-known dressmaker in the municipal capital and was quite well-regarded in the area.
> 
> The incident caused shock among residents of the municipality of Misantla and members of the LGBTIQ+ community, who expressed their dismay on social media, while authorities continue their investigations to clarify how the events occurred.

https://urbisveracruz.com.mx/es/article/20941/reconocida-activista-trans-es-localizada-sin-vida-en-bar-de-misantla

https://www.notiver.com/sucesos/encuentran-sin-vida-a-mujer-trans-en-misantla/

https://lasillarota.com/veracruz/estado/2026/7/27/organizacion-exige-investigar-muerte-de-cristel-mujer-trans-hallada-sin-vida-en-un-bar-de-misantla-610351.html

https://e-veracruz.mx/nota/2026-07-26/municipios/mujer-trans-es-hallada-muerta-en-bar-la-chenta-de-misantla

https://laopinion.net/investigan-muerte-de-persona-trans-al-interior-de-un-bar-en-misantla/

https://www.avcnoticias.com.mx/noticias-veracruz/general/380976/hallan-sin-vida-a-mujer-trans-en-misantla.html

https://imagendeveracruz.mx/amp/policiaca/hallan-sin-vida-a-conocida-mujer-trans-en-el-interior-de-un-bar-en-veracruz-20260726-0042.html

https://golpepolitico.com/2026/07/26/localizan-sin-vida-a-mujer-trans-dentro-de-un-bar-en-misantla-fiscalia-inicia-investigaciones/

https://web.archive.org/web/20260727061437/https://www.gobernantes.com/vernota.php?id=522937

https://imagendelgolfo.mx/policiaca/hallan-sin-vida-a-mujer-trans-al-interior-de-un-bar-en-misantla-20260726-0016.html","The body of Cristel Soto Landa was found in the bar where she worked in Misantla, Veracruz (Mexico) on 26 Jul 2026.

The circumstances of her death suggest that her death may have been a suicide. #SayHerName #TransLivesMatter #TDoR",https://tdor.translivesmatter.info/reports/2026/07/28/cristel-soto-landa-la-rabiosa_misantla-veracruz-mexico_3dfaf722,qrcodes/3dfaf722.png
Luisa Cecilia Lightbourn Muñoz,24,,photos/2026_07_19_Luisa-Cecilia-Lightbourn-Munoz.jpg,https://www.facebook.com/photo/?fbid=122166956198729821&set=a.122102885732729821,thumbnails/2026_07_19_Luisa-Cecilia-Lightbourn-Munoz.jpg,29 Jul 2026,,"Ciudad Jiménez, Chihuahua",Mexico,MX,27.12508714,-104.9253119,violence,beaten,"Luisa died in hospital after being found unconscious outside her home with head and leg injuries.

After her murder large crowds marched through the streets of her city to demand a thorough investigation into her death.

> Luisa LM , a 24-year-old trans woman, died on July 29 at the Jiménez Regional Hospital. She had been found unconscious on calle Hidalgo in the same city in the early morning hours with injuries that resulted in her death, and according to the State Attorney General's Office, she died from a traumatic brain injury. The LGBT+ community is demanding justice and a thorough investigation into her death, which they consider a suspected case of transfemicide.
> 
> The events occurred during the early hours of Wednesday, when the 911 emergency system received a report that a person was unconscious on the sidewalk of calle Hidalgo Street. Paramedics from Civil Protection attended to the case.
> 
> Luisa's body was lying on the public road. She had bruises on different parts of her body and was taken to the Jiménez Regional Hospital, where she received first aid; however the State Attorney General's Office was notified after it was determined that she no longer had vital signs.
> 
> Minutes later, agents from the State Investigation Agency arrived at the hospital and opened an investigation into the death to clarify the circumstances. The Prosecutor's Office has stated that the cause of death is still under investigation.

https://oem.com.mx/elsoldeparral/local/colectivo-lgbt-de-jimenez-exige-justicia-por-muerte-de-luisa-cecilia-en-marcha-pacifica-31423643

https://oem.com.mx/elsoldeparral/local/convoca-colectivo-lgbt-a-manifestacion-en-memoria-de-luisa-cecilia-mujer-trans-hallada-sin-vida-en-jimenez-31398689

https://oem.com.mx/elsoldeparral/local/comunidad-lgbt-marcha-en-saucillo-para-exigir-justicia-por-luisa-mujer-trans-encontrada-sin-vida-en-jimenez-31386997

https://oem.com.mx/elsoldeparral/local/fiscalia-de-chihuahua-investiga-muerte-de-mujer-trans-en-jimenez-con-dos-hipotesis-31529438

https://www.eldiariodechihuahua.mx/estado/2026/jul/30/aun-no-han-determinado-la-causa-oficial-de-la-muerte-de-joven-transexual-823029.html

https://oem.com.mx/elsoldeparral/policiaca/encuentran-sin-vida-a-mujer-trans-en-jimenez-colectivo-lgbt-exige-justicia-tras-su-muerte-31355188

https://www.facebook.com/photo/?fbid=122166956198729821&set=a.122102885732729821","Luisa Cecilia Lightbourn Muñoz died in hospital after being found unconscious outside her home in Ciudad Jiménez, Chihuahua (Mexico) on 19 Jul 2026.

She was 24. #SayHerName #TransLivesMatter #TDoR",https://tdor.translivesmatter.info/reports/2026/07/29/luisa-cecilia-lightbourn-munoz_ciudad-jimenez-chihuahua-mexico_21033d06,qrcodes/21033d06.png
Alexa Bernabé Valadez,18,,photos/2026_07_30_Alexa-Bernabe-Valadez.jpg,https://elindependiente.mx/estados/2026/08/03/asesinan-a-mujer-trans-en-igualavan-seis-crimenes-contra-personas-lgbt/,thumbnails/2026_07_30_Alexa-Bernabe-Valadez.jpg,30 Jul 2026,,"Iguala de la Independencia, Guerrero",Mexico,MX,18.36705253,-99.55462337,violence,stabbed,"Alexa's body was found with stab wounds on a dirt road. The identity of her killer is not known.

> Iguala de la Independencia, Gro., July 30, 2026.- A trans woman was murdered with a knife on a dirt road leading to the area known as La Joya, near the Lomas del Zapatero neighborhood, in the municipality of Iguala de la Independencia.
> 
> Around 5:00 p.m., authorities were alerted via a call to the 911 emergency number about an injured person in the area, so the presence of police forces and an ambulance was requested.
> 
> At the scene, family members identified the victim as 18-year-old [Alexa] Bernabé Valadez. According to the account given by her family to the authorities, Axel had arranged to meet someone at that location, who allegedly attacked her with a knife. After the attack, she managed to contact her family by phone to briefly inform them of what had happened and ask them to come to her aid.
> 
> Upon arriving at the scene, paramedics examined the young woman; however, she no longer had vital signs. At first glance, she had several wounds caused by a bladed weapon, which resulted in bleeding that led to her death.
> 
> The area was cordoned off by security forces while forensic experts carried out the corresponding procedures. At the scene, they found bloodstains, black sandals, and, about 100 meters away, the body of [Alex], who was wearing a black blouse and blue jeans. The body had wounds on the right side of the back, as well as on the neck and left armpit. Family members told authorities that the victim was traveling on a scooter, which was not found at the scene.
> 
> After the forensic investigation was completed, the body was transferred to Forensic Medical Service facilities in Chilpancingo for autopsy.

https://guerrero.quadratin.com.mx/marchan-para-pedir-justicia-por-crimen-de-joven-trans-en-iguala/

https://www.elfinanciero.com.mx/estados/2026/08/05/que-sabemos-del-asesinato-de-alexa-bernabe-de-18-anos-en-iguala/

https://eltiempomx.com/noticia/2026/exigen-justicia-por-alexa-bernabe-joven-trans-asesinada-en-guerrero.html

https://suracapulco.mx/marchan-en-iguala-en-demanda-de-justicia-por-asesinato-de-joven-trans/

https://elindependiente.mx/estados/2026/08/03/asesinan-a-mujer-trans-en-igualavan-seis-crimenes-contra-personas-lgbt/

https://diario21.com.mx/condena-la-asociacion-diversidad-social-asesinato-de-alexa-en-iguala/

https://www.infobae.com/mexico/2026/08/01/asesinan-a-mujer-trans-de-18-anos-en-iguala-colectivo-reporta-seis-crimenes-de-odio-en-guerrero-durante-2026/

https://www.elsoldechilpancingo.mx/2026/07/31/colectivos-lgbti-exigen-tipificar-asesinato-de-alexa-en-iguala-como-crimen-de-odio/

https://mexico.quadratin.com.mx/marchan-por-justicia-para-joven-trans-en-iguala/

https://oem.com.mx/elsoldeacapulco/local/piden-investigar-con-perspectiva-de-genero-asesinato-de-mujer-trans-en-iguala-31378437

https://suracapulco.mx/impreso/2/asesinan-con-un-arma-blanca-a-una-joven-trans-de-18-anos-en-iguala/

https://www.jornada.com.mx/noticia/2026/07/31/estados/hallan-sin-vida-a-mujer-trans-en-iguala-guerrero-suma-tres-transfeminicidios-en-2026

https://lorealdeguerrero.com.mx/asesinan-a-mujer-trans-en-iguala/

https://guerrero.quadratin.com.mx/matan-a-navajazos-a-una-persona-trans-en-iguala//

https://www.facebook.com/RedDiversidadSex/posts/-fue-asesinada-una-mujer-trans-en-iguala/1377038184534051/","The body of Alexa Bernabé Valadez was found with stab wounds on a dirt road in Iguala de la Independencia, Guerrero (Mexico) on 30 Jul 2026.

She was 18. #SayHerName #TransLivesMatter #TDoR",https://tdor.translivesmatter.info/reports/2026/07/30/alexa-bernabe-valadez_iguala-de-la-independencia-guerrero-mexico_f5642cac,qrcodes/f5642cac.png
Tabatha Lavinny,,,photos/2026_08_02_Tabatha-Lavinny.jpg,https://www.portalr10.com/blogs-e-colunas/175113/mulher-trans-e-assassinada-a-tiros-na-zona-leste-de-teresina/,thumbnails/2026_08_02_Tabatha-Lavinny.jpg,2 Aug 2026,,"Teresina, Piauí",Brazil,BR,-5.02540651,-42.77848864,violence,shot,"Tabatha was shot during the early hours of Sunday 2nd August.

> A trans woman, known as “Tabatha Lavinny”, was shot dead in the early hours of this Sunday morning (2), in the HBB region, in Teresina. The victim was well known in the region, and the crime mobilized teams from the Military Police of Piauí.
> 
> After being called to the scene, the police cordoned off the area for forensic investigation. Once the procedures were completed, the body was removed by a team from the Institute of Legal Medicine (IML).
> 
> To date, there is no information regarding the perpetrator or the motive for the homicide. The case will be investigated by the Civil Police of Piauí.

https://www.portalr10.com/blogs-e-colunas/amp/175113/mulher-trans-e-assassinada-a-tiros-na-zona-leste-de-teresina/

https://www.gp1.com.br/pi/piaui/noticia/2026/8/3/nucleo-de-feminicidio-do-dhpp-assume-investigacao-sobre-assassinato-de-mulher-trans-em-teresina-628514.html

https://180graus.com/ronda-180/coordenadoria-lgbtqiapn-pede-justica-apos-assassinato-de-mulher-trans-em-teresina/

https://expertiseltda.com.br/mulher-trans-e-morta-a-tiros-na-zona-leste-de-teresina-dhpp-investiga-o-caso/

https://cidadeverde.com/geral/460435/nucleo-de-feminicidio-assume-investigacao-apos-morte-de-mulher-trans-em-teresina

https://www.viagora.com.br/pi/piaui/amp/noticia/2026/8/3/mulher-trans-e-morta-a-tiros-no-bairro-pedra-mole-em-teresina-131594.html

https://www.portalr10.com/blogs-e-colunas/175113/mulher-trans-e-assassinada-a-tiros-na-zona-leste-de-teresina/

https://piauihoje.com/noticias/policia/identificada-mulher-trans-assassinada-em-teresina-nucleo-de-feminicidio-investiga-462359.html

https://cidadeverde.com/geral/460435/nucleo-de-feminicidio-assume-investigacao-apos-morte-de-mulher-trans-em-teresina

https://portalodia.com/amp/noticias/teresina/mulher-trans-e-assassinada-a-tiros-na-zona-leste-de-teresina-462047.html

https://correiodopovo-al.com.br/noticia/2026/08/03/mulher-trans-e-assassinada-em-teresina-e-policia-investiga

https://g1.globo.com/pi/piaui/noticia/2026/08/03/encontrada-morta-teresina.ghtml

https://portalclubenews.com/2026/08/03/mulher-trans-e-encontrada-morta-na-zona-leste-de-teresina-caso-e-investigado-pela-policia-civil/

https://a10mais.com/blogs/piaui-no-ar/dividas-com-traficantes-e-perseguicoes-o-que-se-sabe-sobre-assassinato-de-mulher-trans-em-teresina-44581.html

https://cidadeverde.com/geral/460401/mulher-trans-e-morta-a-tiros-na-zona-leste-de-teresina-dhpp-investiga

https://www.portalr10.com/blogs-e-colunas/175113/mulher-trans-e-assassinada-a-tiros-na-zona-leste-de-teresina/

https://www.meionews.com/piaui/mulher-trans-foi-morta-a-tiros-em-rua-do-bairro-pedra-mole-na-zona-leste-de-teresina-571257

https://www.viagora.com.br/pi/piaui/amp/noticia/2026/8/3/mulher-trans-e-morta-a-tiros-no-bairro-pedra-mole-em-teresina-131594.html

https://180graus.com/ronda-180/saiba-quem-era-a-mulher-trans-brutalmente-executada-a-tiros-na-zona-leste-de-teresina/

https://www.gp1.com.br/policia/noticia/2026/8/2/mulher-trans-e-morta-a-tiros-por-criminosos-no-bairro-pedra-mole-na-zona-leste-de-teresina-628471.html

https://www.oitomeia.com.br/colunas/zap-do-efrem/2026/08/02/mulher-trans-assassinada-disparos-arma-de-fogo-conjunto-hbb-zona-leste-teresina/

https://www.instagram.com/p/DblK1snnFpq/

https://www.facebook.com/sobrebelem/posts/uma-mulher-trans-identificada-como-tabatha-lavinny-foi-encontrada-morta-na-manh%C3%A3/982270851498661/

https://www.youtube.com/watch?v=BTuPi0o2nKo","Tabatha Lavinny was shot in Teresina, Piauí (Brazil) on 2 Aug 2026. #SayHerName #TransLivesMatter #TDoR",https://tdor.translivesmatter.info/reports/2026/08/02/tabatha-lavinny_teresina-piaui-brazil_1e463b54,qrcodes/1e463b54.png
Mavis Joshie,,,photos/2026_08_03_Mavis-Joshie.jpg,https://www.youtube.com/watch?v=wR5QfRvJjP8,thumbnails/2026_08_03_Mavis-Joshie.jpg,3 Aug 2026,,"Bengaluru, Karnataka",India,IN,12.93467376,77.62360904,suicide,suicide,"Mavis was a student animator and film director. Reportedly her death was connected to long term suicidal ideation and more recent harassment.

> we lost mavis joshi (instagram @latenightmavie) to suicide due to long term suicidal ideation and more recent harassment. she was an indian trans woman and studying to be an animator, creator of the student animated film [Suicideland](https://www.youtube.com/watch?v=9ugvckt30Co), which she posted a short month before she died.

*Suicideland* is a 10-minute animated short film following a 15-year-old girl named Amrita who, after experiencing an abusive household, finds herself navigating an atypical afterlife. As well as writing and directing, Mavis also voiced the main protagonist.

In addition to her creative work, Mavis also actively participated in local creative community projects such as the Monsoon Blitz public AR street art exhibition in Bengaluru's Koramangala area.

<iframe width=""840"" height=""473"" src=""https://www.youtube.com/embed/C0dFLFtD86g?si=dfaWm2knKH-0ot8Z"" title=""YouTube video player"" frameborder=""0"" allow=""accelerometer; autoplay; clipboard-write; encrypted-media; gyroscope; picture-in-picture; web-share"" referrerpolicy=""strict-origin-when-cross-origin"" allowfullscreen></iframe>

Her Instagram, YouTube and TikTok profiles are https://www.instagram.com/latenightmavie/, https://www.youtube.com/@latenightmavie and https://www.tiktok.com/@latenightmavie.

Source: email

https://www.instagram.com/p/DcVcxAuPfz2/","Mavis Joshie was a student animator and film director.

She died by suicide in Bengaluru, Karnataka (India) on 3 Aug 2026. #SayHerName #TransLivesMatter #TDoR",https://tdor.translivesmatter.info/reports/2026/08/03/mavis-joshie_bengaluru-karnataka-india_45ce0ce8,qrcodes/45ce0ce8.png
Raely Braz da Silva,29,,photos/2026_08_04_Raely-Braz-da-Silva.jpg,https://g1.globo.com/pe/pernambuco/noticia/2026/08/05/bombeira-civil-e-morta-a-facadas-e-homem-e-preso-por-feminicidio-no-grande-recife.ghtml,thumbnails/2026_08_04_Raely-Braz-da-Silva.jpg,4 Aug 2026,,"Camaragibe, Pernambuco",Brazil,BR,-8.02555541,-34.97235414,violence,stabbed and burned,"Raely was a firefighter. After her body was found inside her home her former partner was arrested on femicide charges.

> A 29-year-old trans woman was found dead inside her home on Segunda Travessa Pernambuco, in the Bairro dos Estados neighborhood of Camaragibe, Recife Metropolitan Area. Raely Braz da Silva's body was discovered this Tuesday (4) by a family member who had to climb over the property's wall after noticing the gate was locked and the victim was not responding.
> 
> Upon the arrival of emergency teams, the Homicide Task Force forced open the main entrance to the house where Raely had lived for about a year. According to the police report, the home was ransacked, with bloodstains on the floor and the PVC ceiling partially melted.
> 
> Forensic experts from the Institute of Criminalistics (IC) identified wounds caused by a bladed weapon on the victim's neck and under her left arm. According to the Pernambuco Civil Police (PCPE), the perpetrator attempted to set the body on fire after the crime.
> 
> The body was sent to the Institute of Forensic Medicine (IML) for examinations to assist the investigation. Police are gathering forensic reports and witness statements to understand the circumstances surrounding the homicide.
> 
> Raely worked as a civilian firefighter and had been in a relationship with 62-year-old Joel Fidelis dos Santos for about five months.

Joel Fidelis dos Santos was subsequently arrested on femicide charges.

https://www.portalagresteviolento.com.br/2026/08/mulher-trans-e-encontrada-morta-a-facadas-em-camaragibe-caso-e-investigado-como-feminicidio/

https://g1.globo.com/pe/pernambuco/noticia/2026/08/05/bombeira-civil-e-morta-a-facadas-e-homem-e-preso-por-feminicidio-no-grande-recife.ghtml

https://www.blogdowilsinhodopara.com.br/2026/08/balanco-mulher-trans-e-assassinada.html

https://tribunaonline.com.br/pernambuco/policia/mulher-trans-e-encontrada-morta-dentro-de-casa-em-camaragibe-327723?home=espirito_santo

https://pernambuconoticias.com.br/pernambuco-registra-sete-homicidios-em-um-dia-mulher-trans-e-morta-em-camaragibe/

https://liberdade.com.br/balanco-mulher-trans-e-assassinada-a-facadas-em-camaragibe-e-jovem-e-preso-em-caruaru-com-crack-e-arma/

https://www.instagram.com/p/DbquJjgDMRW/

https://www.instagram.com/p/DboD1-uxekH//

https://www.instagram.com/reels/DbopuvglfaW/

https://www.facebook.com/permalink.php?story_fbid=pfbid0kzxp4V7U2T736nERK68x3N6MXYHqT5BpJav3FpSQENZARoZ344eyYyb7PHaUNU8Yl&id=61573468045529

https://www.facebook.com/reel/3487846234715762

https://www.facebook.com/reel/1752374079249379

https://www.facebook.com/watch/?v=2082694125655920

https://www.facebook.com/groups/pgmreal/posts/37529146763398497","The body of Raely Braz da Silva was found inside her home in Camaragibe, Pernambuco (Brazil) on 4 Aug 2026.

She was 29, and worked as a firefighter. Her former partner was arrested on femicide charges. #SayHerName #TransLivesMatter #TDoR",https://tdor.translivesmatter.info/reports/2026/08/04/raely-braz-da-silva_camaragibe-pernambuco-brazil_da81411f,qrcodes/da81411f.png
Juju Nadeau,21,,photos/2026_08_05_Juju-Nadeau.jpg,https://www.them.us/news/juju-nadeau-homicide,thumbnails/2026_08_05_Juju-Nadeau.jpg,5 Aug 2026,,"Portland, Maine",USA,US,43.67652904,-70.25635457,violence,stabbed,"Juju died in hospital after being stabbed by an assailant riding a bicycle. Initial media coverage misgendered and deadnamed her.

> On the evening of August 5, Juju Nadeau was walking with friends along Back Cove Trail, a wooded path wedged between the water and Interstate 295 in Portland, Maine. As an avid urban explorer, the 21-year-old wanted to show her gaggle of friends one of the pieces of graffiti under Tukey’s Bridge, which her loved ones tell Them was one of her favorite spots to visit.
> 
> But what was supposed to be a fun adventure ended abruptly after a man on a bicycle, later identified by police as Glen Rodney, 58, allegedly approached the group and began wielding a knife, per court documents. The same documents obtained by The Portland Press Herald alleged that Rodney fatally stabbed Nadeau in the chest after chasing her and her friends. According to a GoFundMe, Liz McGehee, one of Nadeau’s close friends who was there at the time, tried to pull the assailant off of her and called 911. Nadeau died later at Maine Medical Center.
> 
> In the aftermath, initial media coverage misgendered and deadnamed Nadeau, a common macroaggression trans people face after becoming the victim of a violent crime. But for Kasper DeWitt, Juju’s partner of two years, she was so much more than a name in a headline. To her loved ones, DeWitt says, Nadeau lit up the world. She was “divine.”
> 
> “It sounds cliche but she’s the most loving person,” DeWitt tells Them. “She was an angel sent here to make things better — and she did.”
> 
> Before meeting Nadeau during the summer of 2024, DeWitt, who uses they/she pronouns, said they had spent hours playing video games and in online spaces with other furries, but tells Them they had never really engaged in the real-life side of the subculture, like attending conventions. That all changed once she and Nadeau started dating. Though furries are a famously online subculture, Nadeau valued meeting her community in real life, partying, and making friends everywhere she went, especially at furry cons across New England.
> 
> In addition to being a furry, DeWitt says that Nadeau was also a fennec fox therian. Though therian identity can be broad, many therains identify strongly as animals or other non-human beings. For Nadeau, DeWitt says this translated into her other-worldly effervescence and magnetic presidence. She embodied that playfulness, frequently barking, meowing, and even saying her own name, “Juju,” as DeWitt woke her up from a nap, just “like a Pokemon,” they recalled. For Nadeau, who held both her furry and her therian identities close to her heart, being in touch with community felt valuable and important.
> 
> “It makes me sad because, obviously I'm sad about a lot, but I think that she experienced socially more than a lot of people ever will in their life,” DeWitt says. “It's horrible because she would have had the chance to live 10 times that much.”
> 
> Her loved ones plan to honor her energy by sewing some of Nadeau’s fursuit into their own, retiring the well-loved hyena by burning it, and throwing the biggest party ever.
> 
> “She was a massive party girl and I know that she would have wanted me to throw literally the biggest party I've ever thrown ever for her — and that's my plan,” DeWitt says.

https://www.pghlesbian.com/2026/08/trans-woman-juju-nadeau-killed-by-a-stranger-on-a-hiking-trail/

https://www.them.us/news/juju-nadeau-homicide

https://www.thepinknews.com/2026/08/13/trans-death-juju-nadeau-maine-stabbing/

https://www.pressherald.com/2026/08/07/portland-police-identify-victim-suspect-in-homicide-near-tukeys-bridge/

https://www.facebook.com/joeladewitt/posts/pfbid02zuNda7aA5EKenXnGowKBCyA783xSiyoj6eUS8354oy3bghRJfTpEUrqQHhHVDvXPl

https://www.facebook.com/permalink.php?story_fbid=pfbid0FbSCKx1dGkjiG39Zx9y9fHTeG6ERBqvhzW8afZDGZXU71d1Sp9z3SGdrg2UpdroYl&id=100093669622990","Juju Nadeau died in hospital after being stabbed by an assailant riding a bicycle in Portland, Maine (USA) on 5 Aug 2026.

She was 21. #SayHerName #TransLivesMatter #TDoR",https://tdor.translivesmatter.info/reports/2026/08/05/juju-nadeau_portland-maine-usa_1def8d54,qrcodes/1def8d54.png
Kimberlyn Molina,35,,photos/2026_08_10_Kimberlyn-Molina.jpg,https://www.malagahoy.es/malaga/mujer-familia-franyel-asesinada-marbella_0_2007711923.html,thumbnails/2026_08_10_Kimberlyn-Molina.jpg,10 Aug 2026,,"Marbella, Málaga",Spain,ES,36.49108071,-4.98898698,violence,stabbed,"Kimberlyn was killed by her partner.

> Frayelys Molina is one of the sisters of the 35-year-old trans woman murdered this weekend , allegedly by her 59-year-old partner, in the home they shared in San Pedro Alcántara, Marbella. She spoke to Málaga Hoy from Venezuela , across the ocean, where her family had hoped to see her again after almost six years.
> 
> [Deadname] was the name still listed on her documents; Kimberlyn was the female term she used to identify. According to her sister, the victim ""always considered herself a woman"" and argues that her murder should be recognized as gender-based violence.
> 
> The last conversation between the two sisters dates back to last Friday, two days before the stabbing. The victim was preparing to return to her country when she stopped communicating. ""She went to get her things from this man's house and never wrote to me again. She wanted to come and see us,"" she told this newspaper.
> 
> [Kimberlyn]'s family was slow to learn of the tragedy. It was a friend living in Spain who informed them after learning what had happened through the media. On Wednesday, the police confirmed the fatal outcome. Following his arrest, his partner remains in pretrial detention, under investigation for suspected homicide.
> 
> Her sister believes that the crime stems from a desire for control and a toxic relationship that had recently begun to worry her family and friends in Venezuela. “Towards the end, I noticed he was acting very suspiciously,” the victim’s sister reflects. “Every time I called her, he was by her side; she was never alone,” she adds.

https://www.malagahoy.es/malaga/mujer-familia-franyel-asesinada-marbella_0_2007711923.html

https://cadenaser.com/andalucia/2026/08/12/asociacion-trans-de-andalucia-exige-que-el-asesinato-de-marbella-sea-reconocido-como-violencia-machista-ser-malaga/

https://contrapunto.com/global/europa/ong-exige-que-el-asesinato-de-una-mujer-trans-venezolana-en-espana-sea-catalogado-como-violencia-machista/

https://www.swissinfo.ch/spa/ong-exige-que-el-asesinato-de-una-mujer-trans-venezolana-en-espa%C3%B1a-sea-violencia-machista/91887584

https://laverdad.com/asesinan-en-espana-a-franyel-mujer-trans-venezolana/

https://www.eldiario.es/andalucia/llevan-justicia-asesinato-mujer-trans-marbella-investigue-violencia-machista_1_13447288.html

https://cadenaser.com/andalucia/2026/08/14/reclaman-que-el-caso-de-franyel-la-mujer-trans-asesinada-por-su-pareja-en-marbella-sea-reconocido-como-violencia-machista-ser-malaga/

https://www.abc.es/espana/andalucia/malaga/asesino-mujer-trans-marbella-confiesa-apunalo-pecho-20260812153701-nts.html

https://diarioeloriental.com/asesinan-a-punaladas-a-una-mujer-trans-venezolana-en-espana/

https://www.publico.es/mujer/violencia-machista/piden-reconocer-victima-violencia-machista-mujer-trans-asesinada-marbella.html

https://efe.com/andalucia/2026-08-14/asociacion-trans-lleva-ante-la-justicia-y-el-gobierno-el-caso-de-la-asesinada-en-marbella/

https://www.notimerica.com/espana/noticia-ata-sylvia-rivera-exige-justicia-gobierno-reconocer-crimen-san-pedro-violencia-machista-20260814121620.html

https://www.estrelladigital.es/articulo/sucesos/nueve-dias-antes-habian-denunciado-mutuamente-ella-ha-aparecido-muerta-pareja-detenida/20260811211327449785.html

https://www.cope.es/emisoras/andalucia/malaga-provincia/malaga/noticias/detenido-asesinar-pareja-mujer-trans-35-anos-san-pedro-alcantara-habian-denunciado-diez-dias-supuesta-agresion-20260811_3418446.html

https://www.malagahoy.es/marbella/investigan-nuevo-crimen-machista-marbella-muere-mujer_0_2007693337.html

https://www.lavozdelsur.es/ediciones/malaga/la-mujer-asesinada-por-su-pareja-en-marbella-no-habia-iniciado-el-tramite-para-el-cambio-de-sexo-se-investiga-como-violencia-domestica.html

https://www.elmundo.es/andalucia/2026/08/11/6a7acbd1fdddffeb1d8b458c.html

https://www.20minutos.es/andalucia/malaga/investigan-como-violencia-machista-muerte-una-mujer-trans-punaladas-una-vivienda-san-pedro-alcantara_7024493_0.html

https://www.101tv.es/malaga-provincia/confirmada-la-detencion-de-la-pareja-de-la-mujer-hallada-muerta-a-punaladas-en-marbella/

https://www.101tv.es/malaga-provincia/el-crimen-de-una-mujer-trans-en-marbella-se-investiga-como-violencia-domestica-y-ambos-ya-se-habian-denunciado/

https://www.abc.es/espana/andalucia/asesino-mujer-trans-marbella-dia-entero-cadaver-20260811144331-nts.html

https://elpais.com/sociedad/2026-08-11/detenido-un-hombre-por-el-asesinato-de-una-mujer-en-marbella.html

https://www.rtve.es/noticias/20260811/asesinada-mujer-arma-blanca-marbella-violencia-genero/17186751.shtml

https://www.canalsur.es/noticias/andalucia/malaga/asesinada-mujer-malaga-presuntamente-pareja_1_1428234.html

https://www.lavanguardia.com/vida/20260811/11611777/detienen-hombre-episodio-violencia-genero-mujer-muerto.html

https://www.marbella24horas.es/local/matan-en-san-pedro-alcantara-a-una-mujer-en-un-posible-crimen-machista-nbsp-43327

https://www.laopiniondemalaga.es/costa-sol-occidental/2026/08/11/detienen-hombre-presuntamente-matar-mujer-trans-marbella-133250993.html

https://amp.antena3.com/noticias/sociedad/detenido-hombre-confesar-asesinato-pareja-posible-caso-violencia-genero-marbella-malaga_202608116a7aea98a5690f047373c4ef.html

https://www.laopiniondemalaga.es/costa-sol-occidental/2026/08/11/detienen-hombre-presuntamente-matar-mujer-trans-marbella-133250993.html

https://www.rtve.es/play/videos/telediario-2/detenido-asesinato-pareja-marbella-confiesa-crimen/17188188/

https://www.antena3.com/noticias/sociedad/detenido-hombre-confesar-asesinato-pareja-posible-caso-violencia-genero-marbella-malaga_202608116a7aea98a5690f047373c4ef.html

https://www.eldiario.es/andalucia/asociacion-trans-andalucia-exige-asesinato-mujer-trans-marbella-reconozca-violencia-machista_1_13443365.html

https://www.lavozdelsur.es/ediciones/malaga/la-asociacion-trans-de-andalucia-pide-que-el-crimen-de-marbella-sea-reconocido-como-violencia-machista.html

https://www.lavozdelsur.es/ediciones/malaga/la-asociacion-trans-de-andalucia-pide-que-el-crimen-de-marbella-sea-reconocido-como-violencia-machista.html

https://cadenaser.com/andalucia/2026/08/12/asociacion-trans-de-andalucia-exige-que-el-asesinato-de-marbella-sea-reconocido-como-violencia-machista-ser-malaga/

https://www.infobae.com/espana/agencias/2026/08/12/asociacion-trans-exige-que-el-asesinato-de-marbella-se-reconozca-como-violencia-machista/

https://www.infobae.com/america/agencias/2026/08/12/asociacion-trans-de-andalucia-exige-que-asesinato-en-san-pedro-alcantara-sea-reconocido-como-violencia-machista/

https://cadenaser.com/andalucia/2026/08/12/asociacion-trans-de-andalucia-exige-que-el-asesinato-de-marbella-sea-reconocido-como-violencia-machista-ser-malaga/?outputType=amp

https://tuperiodico.soy/actualidad/andalucia/asociacion-trans-de-andalucia-exige-que-asesinato-en-san-pedro-alcantara-sea-rec

https://www.telecinco.es/noticias/andalucia/20260814/asociacion-trans-asesinato-pedro-alcantara-violencia-machista_18_019942526.html

https://www.elespanol.com/malaga/marbella/20260812/asesinada-mujer-asociacion-trans-andalucia-pide-crimen-marbella-violencia-machista/1003744351315_0.html

https://www.theolivepress.es/spain-news/2026/08/11/marbella-trans-woman-stabbed/

https://www.eldebate.com/espana/andalucia/malaga/20260811/hombre-detenido-marbella-confiesa-vecino-matado-pareja-trans-punaladas_448451.html

https://www.abc.es/espana/andalucia/malaga/mata-punaladas-pareja-transexual-marbella-20260811095846-nts.html

https://www.elcorreoweb.es/andalucia/2026/08/11/detienen-hombre-presuntamente-matar-mujer-trans-marbella-133257106.html

https://cadenaser.com/andalucia/2026/08/11/asesina-a-su-pareja-una-mujer-trans-de-36-anos-de-una-punalada-en-marbella-malaga-ser-malaga/

https://www.101tv.es/malaga-provincia/una-mujer-es-asesinada-en-marbella-la-policia-nacional-detiene-al-presunto-autor-e-investiga-si-es-un-crimen-machista/

https://www.facebook.com/upsocltheenigma/posts/franyel-was-35-years-old-and-had-been-in-a-relationship-for-barely-three-months-/1542829687884674/

https://x.com/CambrolleMar/status/2087575329732984938

https://www.instagram.com/p/Db8jB2diTGx/

https://www.facebook.com/watch/?v=1760525428596125","Kimberlyn Molina was killed by her partner in Marbella, Málaga (Spain) on 10 Aug 2026.

She ws 35. #SayHerName #TransLivesMatter #TDoR",https://tdor.translivesmatter.info/reports/2026/08/10/kimberlyn-molina_marbella-malaga-spain_7a134a8e,qrcodes/7a134a8e.png
Jang Caes Macawili,17,12 Jul 2009,photos/2026_08_10_Jang-Caes-Macawili.jpg,https://www.facebook.com/photo.php?fbid=38178443501753867&set=pb.100000450837468.-2207520000&type=3,thumbnails/2026_08_10_Jang-Caes-Macawili.jpg,10 Aug 2026,,Cebu City,Philippines,PH,10.29418358,123.8971343,violence,shot,"Jang was shot multiple times while in a cafe.

> MANILA, Philippines — The Makabayan bloc is seeking a congressional inquiry into the reported attacks on transgenders, including at least one homicide, as it aims to institute measures that would penalize these hate crimes.
> 
> Gabriela Rep. Sarah Elago,, Kabataan Rep. Renee Co and Act Teachers Rep. Antonio Tinio filed House Resolution No. 1369 last week calling on the House committee on women and gender equality to conduct a probe in aid of legislation into the “alarming” cases of transgender deaths.
> 
> They also cited the need to “assess the efficacy and responsiveness of current law enforcement and justice mechanisms” in addressing transfemicide, or the killing of trans individuals driven by transphobia, homophobia and other forms of gender violence.

![](2026_08_10_Jang-Caes-Macawili_poster.jpg)
 
> The groups cited at least four cases in the last three months alone, which they said reflects a crisis of hatred and impunity.
> 
> Among them were transgender woman Jang Macawili, who was reportedly shot multiple times at a cafe in Cebu City on Aug. 10; transwoman [Betty Benito](https://tdor.translivesmatter.info/reports/2026/07/27/betty-benito_malaybalay-city-bukidnon-philippines_8e084f95), who was found dead in a forest in Malaybalay City, Bukidnon province, on July 28; transwoman [Teddy Federico](https://tdor.translivesmatter.info/reports/2026/07/15/teddy-s-federico_veruela-agusan-del-sur-philippines_560a9ab1), a barangay worker and indigenous peoples (IP) leader also found dead on July 15 after missing for days; and 20-year-old transwoman [[Bella Lutap](https://tdor.translivesmatter.info/reports/2026/06/19/bella-lutap_zaragoza-nueva-ecija-philippines_5b496dea)], who was found dead in an irrigation canal in Zaragoza, Nueva Ecija province, on June 20.
> 
> “This pattern of violence constitutes a severe violation of the right to life and security of persons and underscores the urgent need for legislative action to address hate crimes, strengthen protective mechanisms and dismantle systemic discrimination that fuels such violence,” they stressed.
> 
> The Society of Trans Women of the Philippines supported the House resolution as it pointed out the urgency of investigating the killings of transgenders.
> 
> “We are hopeful that this legislative measure is a step towards enacting rightful justice, not just for the lives already lost, but also for the future of the entire transgender community,” the group said.

Jan's Facebook profile is https://www.facebook.com/jhamie123.

https://newsinfo.inquirer.net/2285749/makabayan-seeks-probe-of-attacks-vs-transgenders

https://www.bulatlat.org/2026/08/14/trans-killings-prompt-call-for-investigation-policy-review/

https://www.bulatlat.com/2026/08/14/trans-killings-prompt-call-for-investigation-policy-review/

https://www.facebook.com/STRAP.ORG/posts/pfbid02U3XmxmRJDgZ8Mao7rhgCBhzENGXNcLb7UpDVaxfXN7JCQAUxYXKV7BxdMbq786Pdl

https://www.facebook.com/BulSUSGGEDIC/posts/pfbid0eQdAxEjuZPV67mEMd2xTPbGQXfghCh69MTk3LLix3k8SXbsJZ9h5RFwW4rfb7A2vl

https://www.facebook.com/aseansogie/posts/pfbid0jiGaK9q2muUzdk5LfqtTVtMArK4LHNv1kuxJjDXLsL895E2Mu2DUWWXPG9NxijD3l

https://www.facebook.com/bulsusg.senatorharly/posts/we-will-always-stands-with-them-in-seeking-truth-justice-and-accountabilityjusti/1066524159628379/

https://www.facebook.com/TheFEUSAGA/posts/read-justice-for-jang-macawilithe-feu-sexuality-and-gender-alliance-deeply-mourn/1357828209894340/","Jang Caes Macawili was shot multiple times in a cafe in Cebu City, Cebu (Philippines) on 10 Aug 2026.

She was 17. #SayHerName #TransLivesMatter #TDoR",https://tdor.translivesmatter.info/reports/2026/08/10/jang-caes-macawili_cebu-city-philippines_d15d9d48,qrcodes/d15d9d48.png
Gabriela Denisse Banach,47,,photos/2026_08_11_Gabriela-Denisse-Banach.jpg,https://www.clarin.com/policiales/asesinan-golpes-propia-casa-activista-lgbt-rosario-investigan-posible-travesticidio_0_Nwqx8hsRzo.html,thumbnails/2026_08_11_Gabriela-Denisse-Banach.jpg,11 Aug 2026,,"Rosario, Santa Fe",Argentina,AR,-32.96315587,-60.63507533,violence,beaten,"Gabriela's body was found in her home amidst signs of a struggle. The identity of her killler(s) is not known.

> LGBTIQ+ rights activist Gabriela Denisse Banach (47) was found dead Tuesday night in her apartment at Cerrito 600, in the La Sexta neighborhood in the macrocenter of Rosario.
> 
> Authorities arrived at the scene after a neighbor reported seeing the body on their balcony floor. According to initial reports, the victim died from a blow to the head, and investigators are looking into a possible transphobic hate crime.
> 
> Local media confirmed that some neighbors reported hearing noises and screams coming from the apartment where Gabriela lived on Sunday, and that nothing was heard from the activist on Monday and Tuesday.
> 
> It wasn't until Tuesday night, around 10:30 p.m., that one of his neighbors saw the victim's body lying on the balcony from his apartment and notified the police.
> 
> Police sources confirmed that upon entering the activist's apartment, investigators found the body of the trans woman, who had been beaten to death. In addition, there was smashed furniture and overturned chairs, suggesting a struggle had taken place between Banach and her attacker.

https://www.conclusion.com.ar/la-ciudad/piden-justicia-por-el-travesticidio-de-gabriela-banach-a-las-personas-trans-nos-cuesta-el-triple-sobrevivir/08/2026/

https://elciudadanoweb.com/transfemicidio-en-rosario-quien-era-la-mujer-asesinada/

https://www.diariohuarpe.com/nota/mataron-a-golpes-a-una-mujer-trans-en-rosario-y-buscan-al-agresor-202681222350

https://radiomitre.cienradios.com/sociedad/mataron-a-golpes-a-gabriela-banach-una-activista-de-la-comunidad-lgbt-en-santa-fe-tenia-47-anos/

https://holasalta.com/post/gabriela-denisse-banach-investigan-posible-travesticidio-hallazgo-cuerpo/

https://rtsmedios.com.ar/rosario-marcharan-por-justicia-por-el-transfemicidio-de-gabriela-banach/

https://epicarosario.com.ar/marcha-en-rosario-por-el-travesticidio-de-gaby-banach-reclamo-de-justicia-y-responsabilidad-estatal

https://www.lmneuquen.com/pais/asesinaron-una-activista-trans-su-departamento-que-revelo-la-autopsia-n1249564

https://www.diariohuarpe.com/nota/hallaron-muerta-a-una-mujer-trans-en-rosario-y-sospechan-de-un-crimen-202681312300

https://diarioelnorte.com.ar/convocan-a-dos-movilizaciones-en-rosario-tras-el-crimen-de-la-militante-trans-hablamos-de-una-emergencia-provincial/

https://www.rosarioplus.com/genero/dolor-por-el-crimen-de-gabriela-banach--una-referente-de-la-militancia-trans_a6a7de01dbd9d0b59343e2fc5

https://eldoce.tv/actualidad/2026/08/12/investigan-la-muerte-de-una-reconocida-activista-trans-sospechan-que-se-trata-de-un-travesticidio/

https://rtsmedios.com.ar/rosario-movilizacion-por-justicia-por-el-travesticidio-de-gabriela-banach/

https://www.diariodecuyo.com.ar/policiales/detuvieron-al-sospechoso-matar-golpes-una-mujer-trans-rosario-n6580213

https://www.cronica.com.ar/policiales/detuvieron-a-un-joven-por-el-crimen-de-gabriela-banach-la-mujer-trans-hallada-muerta-en-su-departamento-de-rosario/

https://periodicas.com.ar/2026/08/12/gabriela-denisse-banach-investigan-transfemicidio-en-rosario/

https://www.versionrosario.com.ar/hallaron-muerta-a-una-mujer-trans-en-un-departamento-de-republica-de-la-sexta-e-investigan-un-posible-transfemicidio/amp/

https://www.ellitoral.com/sucesos/rosario-macrocentro-departamento-muerte-gabrieladenisseb-911-trans-heridas-fiscal-republicadelasexta-policia_0_qVdm22UZ8n.html

https://www.conclusion.com.ar/policiales/hallaron-muerta-a-una-mujer-trans-en-su-departamento-tenia-cortes-y-estaba-golpeada/08/2026/

https://www.redboing.com/encontraron-a-una-mujer-trans-asesinada-y-sospechan-de-su-pareja/

https://elciudadanoweb.com/transfemicidio-en-rosario-quien-era-la-mujer-asesinada/

https://radiofonica.com/una-mujer-trans-fue-hallada-sin-vida-en-un-departamento-en-cerrito-al-600/

https://www.rosarionuestro.com/encontraron-el-cuerpo-sin-vida-de-una-mujer-trans-en-republica-de-la-sexta-e-investigan-las-causas-de-su-muerte

https://www.rosario3.com/policiales/investigan-la-muerte-de-una-mujer-trans-hallada-con-cortes-y-golpes-en-su-departamento-20260812-0004.html

https://www.identidadcorrentina.com.ar/noticia/37231_investigan-como-femicidio-la-muerte-de-gabriela-banach-en-rosario.htm

https://www.cronica.com.ar/policiales/hallaron-sin-vida-a-una-mujer-trans-en-un-departamento-en-rosario-confirmaron-golpiza-e-investigan-femicidio/

https://www.lacapital.com.ar/policiales/crimen-gabriela-banach-la-comunidad-travesti-trans-se-manifesto-pedir-justicia-n10275163.html

https://www.airedesantafe.com.ar/actualidad/transfemicidio-rosario-amplia-manifestacion-pedir-justicia-gabriela-banach-n666599

https://viapais.com.ar/rosario/gabriela-banach-mujer-trans-asesinada-departamento-rosario_0_tIJG1dvE0l.html

https://www.rosario3.com/policiales/detuvieron-a-un-joven-de-24-anos-por-el-travesticidio-de-gabriela-banach-20260813-0071.html

https://www.cadena3.com/noticia/noticias-rosario/detuvieron-a-un-joven-de-24-anos-por-el-crimen-de-la-mujer-trans-en-la-sexta_583582

https://www.rosarionuestro.com/cayo-un-joven-de-24-anos-por-el-crimen-de-la-militante-trans-gabriela-banach

https://www.infobae.com/sociedad/policiales/2026/08/13/detuvieron-al-sospechoso-de-matar-a-golpes-a-una-mujer-trans-en-rosario-lo-identificaron-por-las-camaras/

https://www.lt10.com.ar/amp/noticia/505620--detuvieron-a-un-joven-de-24-anos-por-el-travesticidio-de-gabriela-banach&seccion=policiales

https://nden.com.ar/nota/37724/detuvieron-a-un-joven-por-el-crimen-de-gabriela-banach-reconocida-activista-trans-de-rosario/

https://rosario.mitelefe.com/rosario-y-la-region/detuvieron-a-un-joven-por-el-travesticidio-de-gabriela-banach-pid2562748

https://redaccionrosario.com/2026/08/13/marcharon-y-exigieron-justicia-por-gabriela-banach/

https://viapais.com.ar/cordoba/detenidos-crimen-mujer-trans-cordoba-familiares_0_5qxR4EaSe8.html

https://www.conclusion.com.ar/policiales/detuvieron-al-principal-sospechoso-por-el-crimen-de-gabriela-banach-la-militante-trans-asesinada-en-rosario/08/2026/

https://www.conclusion.com.ar/la-ciudad/travesticidio-y-abandono-del-estado-gabriela-acudia-a-un-centro-de-dia-que-debio-cerrar-por-falta-de-financiamiento/08/2026/

https://www.ellitoral.com/sucesos/pdi-rosario-travesticidio-parque-independencia-detenido-moreno-1900_0_YvdnJVsIU6.html

https://tn.com.ar/policiales/2026/08/13/detuvieron-al-hombre-acusado-de-asesinar-a-gabriela-banach-la-mujer-trans-hallada-muerta-en-su-departamento-de-rosario/

https://www.lacapital.com.ar/policiales/detuvieron-un-joven-el-crimen-gabriela-banach-barrio-la-sexta-n10275189.html

https://radiomitre.cienradios.com/policiales/detuvieron-al-presunto-asesino-de-gabriela-banach-la-mujer-trans-hallada-muerta-en-rosario/

https://eldoce.tv/actualidad/2026/08/13/detuvieron-a-un-joven-por-el-crimen-a-golpes-de-la-activista-trans-cual-es-la-nueva-hipotesis-del-asesinato/

https://www.lavoz.com.ar/ciudadanos/crimen-gabriela-banach-rosario-detuvieron-sospechoso-asesinar-mujer-trans_0_XGNwm4ZNuP.html

https://www.clarin.com/policiales/asesinan-golpes-propia-casa-activista-lgbt-rosario-investigan-posible-travesticidio_0_Nwqx8hsRzo.html

https://tn.com.ar/policiales/2026/08/13/encontraron-muerta-a-una-activista-trans-en-rosario-la-justicia-investiga-si-fue-un-crimen/

https://www.c5n.com/sociedad/crimen-rosario-hallaron-muerta-una-activista-trans-y-denuncian-travesticidio-n246069

https://www.lavoz.com.ar/ciudadanos/rosario-asesinaron-golpes-activista-trans-gabriela-banach-departamento_0_VclifzVo04.html

https://www.cadena3.com/noticia/radioinforme-3-rosario/hallaron-muerta-a-una-mujer-trans-dentro-de-un-departamento-en-cerrito-al-600_582867

https://www.versionrosario.com.ar/hallaron-muerta-a-una-mujer-trans-en-un-departamento-de-republica-de-la-sexta-e-investigan-un-posible-transfemicidio/

https://www.infobae.com/sociedad/policiales/2026/08/13/mataron-a-golpes-a-una-mujer-trans-en-su-departamento-de-rosario-y-buscan-al-agresor/

https://ojodeprensa.com.ar/policiales/encontraron-asesinada-a-una-militante-trans-en-la-sexta-la-autopsia-confirmo-que-murio-por-un-golpe-en-el-craneo/

https://x.com/Cadena3_Rosario/status/2087654617546965458

https://canalabierto.com.ar/2026/08/12/dolor-por-el-travesticidio-de-una-activista-trans-en-rosario/

https://www.cadena3.com/noticia/noticias-rosario/mujer-trans-asesinada-en-la-sexta-confirmaron-golpiza-e-investigan-femicidio_583144

https://www.emol.com/noticias/Tendencias/2026/08/12/1208329/crimen-mujer-trans-espana-machista.html

https://www.lacapital.com.ar/policiales/femicidio-barrio-la-sexta-confirman-que-una-mujer-trans-fue-asesinada-golpes-n10274909.html

https://www.conclusion.com.ar/policiales/justicia-por-gabriela-banach-la-autopsia-confirmo-que-la-activista-trans-murio-por-un-golpe-en-la-cabeza/08/2026/

https://www.rosarionuestro.com/confirmaron-la-causa-de-muerte-de-la-mujer-trans-que-fue-asesinada-en-republica-de-la-sexta

https://www.versionrosario.com.ar/horror-en-barrio-la-sexta-confirman-que-la-mujer-trans-hallada-muerta-fue-asesinada-a-golpes/amp/

https://radiofonica.com/autopsia-confirmo-que-la-mujer-trans-hallada-en-barrio-la-sexta-murio-por-golpes/

https://www.conclusion.com.ar/policiales/hallaron-muerta-a-una-mujer-trans-en-su-departamento-tenia-cortes-y-estaba-golpeada/08/2026/

https://rosario.mitelefe.com/rosario-y-la-region/hallaron-sin-vida-a-una-mujer-trans-y-confirmaron-que-murio-por-un-traumatismo-de-craneo-pid2562518

https://www.rosario3.com/policiales/la-autopsia-y-las-camaras-claves-para-esclarecer-la-muerte-de-la-mujer-trans-20260812-0044.html

https://rtsmedios.com.ar/fiscalia-confirmo-que-la-mujer-trans-hallada-sin-vida-en-rosario-fue-asesinada/

https://www.elonce.com/policiales/mujer-trans-fue-hallada-muerta-con-cortes-y-golpes.htm

https://www.lacapital.com.ar/policiales/investigan-el-posible-femicidio-una-mujer-trans-un-edificio-del-macrocentro-n10274809.html

https://periodicas.com.ar/2026/08/12/investigan-la-muerte-violenta-de-una-mujer-trans-en-rosario/

https://www.versionrosario.com.ar/hallaron-muerta-a-una-mujer-trans-en-un-departamento-de-republica-de-la-sexta-e-investigan-un-posible-transfemicidio/amp/

https://lagacetaonline.com.ar/policiales/encontraron-muerta-a-una-mujer-trans-con-cortes-y-golpes/

https://informedigital.com.ar/hallan-muerta-a-una-mujer-trans-en-rosario-e-investigan-un-crimen/

https://www.airedesantafe.com.ar/policiales/investigan-la-muerte-una-mujer-trans-un-departamento-rosario-n666385

https://www.ellitoral.com/sucesos/rosario-macrocentro-departamento-muerte-gabrieladenisseb-911-trans-heridas-fiscal-republicadelasexta-policia_0_qVdm22UZ8n.html

https://www.conclusion.com.ar/policiales/hallaron-muerta-a-una-mujer-trans-en-su-departamento-tenia-golpes-y-estaba-golpeada/08/2026/

https://www.facebook.com/radiomitre/posts/detuvieron-al-presunto-asesino-de-gabriela-banach-la-mujer-trans-hallada-muerta-/1621056976724348/

https://www.facebook.com/watch/?v=1654863126423611

https://www.facebook.com/watch/?v=1434183402100531

https://www.facebook.com/DiarioLaCapital/posts/investigan-el-posible-femicidio-de-una-mujer-trans-en-un-edificio-del-macrocentr/1098195345887935/

https://www.instagram.com/reels/Db_GNizDWEJ/

https://www.instagram.com/reels/Db_3Mo_RrE1/

https://www.instagram.com/p/Db9joPmOqSV/

https://www.instagram.com/reels/Db8mMcTDjoc/

https://www.youtube.com/watch?v=N_z9R_sNc_w

https://www.youtube.com/watch?v=bp500kDf4IU","The body of Gabriela Denisse Banach was found with signs of violence in her home in Rosario, Santa Fe (Argentina) on 11 Aug 2026.

She was 47. #SayHerName #TransLivesMatter #TDoR",https://tdor.translivesmatter.info/reports/2026/08/11/gabriela-denisse-banach_rosario-santa-fe-argentina_595cf87b,qrcodes/595cf87b.png
Jessica Núñez,44,,photos/2026_08_13_Jessica-Nunez.jpg,https://villamariaya.com/asesinato-en-villa-nueva-trasciende-la-identidad-de-la-victima/,thumbnails/2026_08_13_Jessica-Nunez.jpg,13 Aug 2026,,"Villa Nueva, Córdoba",Argentina,AR,-32.42598264,-63.24066424,violence,stabbed,"Jessica died in hospital after being attacked with a knife. Two suspects were arrested.

> A homicide that occurred in the early hours of Thursday on a public road in the city of Villa Nueva, Córdoba, led to the arrest of two people from the same family, accused of being directly linked to the incident, according to the San Martín Department of the Córdoba Police.
> 
> Following an alert received at the Police Communications Center, Preventive Patrol personnel went to calle San Luis 200 in Villa Nueva, where they found a woman very seriously injured. The officers requested the intervention of Volunteer Firefighters to urgently transfer the victim to the Pasteur Regional Hospital in the city of Villa María, where unfortunately she died shortly after entering.
> 
> Based on the initial data collected at the scene, the police identified and apprehended the alleged aggressors: Johana Mailén Rogero, 22, and her father, Cristian Oscar Rogero, 48.
> 
> According to initial findings of the investigation, there were pre-existing personal conflicts between the victim and the accused, which did not appear to be related to gender-based violence. The circumstances surrounding the incident are under investigation.
> 
> By order of prosecutor Companys, the young woman was charged as the alleged perpetrator of the crime of simple homicide (article 79 of the Penal Code), while her father was charged as an alleged necessary participant in the same crime. Both remain housed in the Villa María city jail awaiting the corresponding judicial investigations.

https://www.puntal.com.ar/tribunales/profundo-dolor-jessica-fue-apunalada-abandonada-y-asesinada-el-odio-n263065

https://elciudadanoweb.com/el-odio-mata-reclaman-que-el-crimen-de-jessica-nunez-sea-investigado-como-travesticidio/

https://la100.cienradios.com/policiales/asesinaron-a-una-mujer-trans-de-una-punalada-en-cordoba-detuvieron-a-una-joven-y-a-su-papa/

https://www.radiodos.com.ar/212313-conmocion-un-padre-y-su-hija-fueron-detenidos-por-el-asesinato-de-una-mujer-trans

https://melodijoperez.com.ar/contenido/37134/detuvieron-a-dos-personas-por-el-asesinato-de-jessica-nunez-una-mujer-trans-de-v

https://lu17.com/contenido/142065/imputaron-por-homicidio-simple-a-un-padre-y-su-hija-por-el-crimen-de-una-mujer-trans

https://tn.com.ar/policiales/2026/08/14/una-mujer-trans-fue-asesinada-de-una-punalada-en-cordoba-detuvieron-a-una-joven-y-a-su-padre/

https://www.eldiariocba.com.ar/policiales/2026/8/14/vamos-exigir-justicia-por-vos-hasta-el-final-dolor-por-jessica-frente-tribunales-151523.html

https://www.threads.com/@airedesantafe/post/DcCL1L4AGZM/una-mujer-trans-fue-asesinada-en-villa-nueva-cordoba-por-el-crimen-detuvieron-a/

https://www.perfil.com/noticias/cordoba/crimen-de-odio-el-reclamo-de-activistas-trans-tras-el-asesinato-de-jessica-nunez-en-villa-nueva.phtml

https://viapais.com.ar/cordoba/escalofriante-crimen-jessica-chica-trans-asesinada-cordoba_0_QTrKT1mFZk.html

https://www.cronica.com.ar/policiales/illa-nueva-asesinaron-a-una-mujer-trans-dos-detenidos/

https://villamariavivo.com/basta-de-crimenes-de-odio-movilizacion-por-jessica-nunez/

https://www.losandes.com.ar/policiales/asesinaron-una-mujer-trans-cordoba-detuvieron-un-padre-y-su-hija-n6002341

https://www.minutouno.com/sociedad/conmocion-cordoba-un-padre-y-su-hija-fueron-detenidos-el-asesinato-una-mujer-trans-n6310899

https://noticias.mitelefe.com/actualidad/una-mujer-trans-fue-asesinada-en-cordoba-detuvieron-a-un-padre-y-a-su-hija-pid2562823

https://rtsmedios.com.ar/una-mujer-trans-fue-asesinada-en-cordoba-detuvieron-a-un-padre-y-a-su-hija/

https://eldoce.tv/actualidad/2026/08/13/hay-dos-detenidos-por-el-crimen-de-una-mujer-trans-en-cordoba-son-padre-e-hija/

https://www.infobae.com/sociedad/policiales/2026/08/14/mataron-a-una-mujer-trans-en-cordoba-y-hay-dos-detenidos-son-padre-e-hija-y-tenian-conflictos-previos-con-la-victima/

https://villamariaya.com/asesinato-en-villa-nueva-trasciende-la-identidad-de-la-victima/

https://www.lavoz.com.ar/sucesos/murio-persona-trans-villa-nueva-investigan-trato-marco-rina_0_FlY5L3G1j8.html

https://www.cadena3.com/noticia/panorama-federal/hallaron-muerta-a-una-persona-trans-en-villa-nueva-e-investigan-una-posible-rina_583391

https://viapais.com.ar/cordoba/encontraron-muerta-cerca-puente-cordoba-aterradora-sospecha_0_Eaf5GDfL3E.html

https://www.mpfcordoba.gob.ar/villa-nueva-dos-personas-detenidas-por-el-crimen-de-una-mujer-transgenero/

https://lmdiario.com.ar/contenido/524800/villa-nueva-investigan-la-muerte-de-una-mujer-trans-de-44-anos-que-fue-apunalada

https://www.instagram.com/p/DcB2mZkjIC3/

https://www.instagram.com/p/DcCeORtqVA4/

https://www.instagram.com/reels/Db-1yyhqEpA/

https://x.com/todonoticias/status/2088396145898787031

https://www.facebook.com/radiomitre/posts/pfbid0333Dir7e63L17ikTuoJfEqszb51ujKLdzpZAfsCZY9Ya1w3a1Jt3yYvaqt3rv6kaGl","Jessica Núñez died in hospital after being attacked in Villa Nueva, Córdoba (Argentina) on 13 Aug 2026.

She was 44. #SayHerName #TransLivesMatter #TDoR",https://tdor.translivesmatter.info/reports/2026/08/13/jessica-nunez_villa-nueva-cordoba-argentina_b321947f,qrcodes/b321947f.png
Laura,,,photos/2026_08_14_Laura.jpg,https://www.eldiario.ec/seguridad/mujer-trans-fue-asesinada-y-sus-restos-abandonados-en-dos-puntos-de-quevedo-15082026/,thumbnails/2026_08_14_Laura.jpg,14 Aug 2026,,"Quevedo, Los Ríos",Ecuador,EC,-0.98036719,-79.49326522,violence,dismembered,"After Laura was murdered her remains were abandoned by her killers.

> A trans woman, identified by the organization with the protected name of Laura, was murdered and her remains were found in two locations in the Venus del Río Quevedo parish, in the Quevedo canton of Los Ríos province.
> 
> According to a bulletin issued on August 15 by the Runa Sipiy Observatory of Asociación Silueta X, the discovery occurred at around noon on Friday, August 14. The organization indicates that the events likely took place between the night of Thursday, August 13, and the morning of Friday.
> 
> The first package was located in the 20 de Febrero cooperative. Hours later, residents of the Gritos de Libertad sector found a sack on a bridge, from which blood was seeing. Upon examining its contents, the presence of human remains was confirmed.
> 
> According to testimonies gathered by the Observatory, individuals traveling in a van with their faces reportedly covered abandoned one of the bundles and immediately left the scene. The organization preliminarily maintains that the victim is a transgender woman and is not originally from the area.
> 
> Runa Sipiy preliminarily classifies the act as a transfemicide, under a profile related to organized crime or contract killing. Among the elements mentioned are the distribution of the remains in two locations, the use of a pickup truck, the concealment of the faces of the alleged perpetrators, and the decapitation.

https://www.eldiario.ec/seguridad/mujer-trans-fue-asesinada-y-sus-restos-abandonados-en-dos-puntos-de-quevedo-15082026/

https://www.facebook.com/100063884388677/posts/lamentable-mujer-trans-fue-asesinada-y-sus-restos-abandonados-en-dos-puntos-de-q/1556019949870803/

https://www.facebook.com/amametransmx/posts/pfbid021RC5A5MPz6WNZTRnXiusFEA8UKYD9uDbVTehTRZRH2CsTbnH3PukAEpVzYUxMKyVl","Laura was murdered in Quevedo, Los Ríos (Ecuador) on 14 Aug 2026. #SayHerName #TransLivesMatter #TDoR",https://tdor.translivesmatter.info/reports/2026/08/14/laura_quevedo-los-rios-ecuador_3a556950,qrcodes/3a556950.png
Asma,,,photos/2026_08_19_Asma.jpg,https://www.youtube.com/shorts/Gk_uHtv2O4o,thumbnails/2026_08_19_Asma.jpg,19 Aug 2026,,"Rangia, Assam",India,IN,26.44722997,91.60711606,violence,stabbed,"Asma was murdered in her room, allegedly by her husband.

> Guwahati: A member of the transgender community, identified as Asma, was allegedly killed inside a rented house near Rangia railway station, Kamrup district. As per the initial information, Asma had been living as a tenant at the residence of Saber Ali in Gurukuchi for the past four years.
> 
> Today morning, an  incident came to light when other tenants noticed blood flowing from underneath the door of Asma’s room. They immediately alerted the Rangia Police, who arrived at the scene and recovered the body in a blood-soaked condition.
> 
> The victim reportedly sustained injuries around the neck, raising suspicion that a sharp weapon may have been used in the attack. As per allegations, a man identified as Sonababu Ali, who was reportedly known as Asma’s husband, attacked her with a machete during the night before fleeing the scene.
> 
> Rangia Police suspect that a dispute may have led to the alleged killing, although the exact circumstances remain unclear. The Rangia Police have launched an investigation and are conducting a search for Sonababu Ali, who remains absconding.

https://northeastlivetv.com/topnews/assam-transgender-person-allegedly-killed-in-rangia-husband-under-suspicion/

https://www.sentinelassam.com/breakingnews/transgender-person-allegedly-killed-near-rangia-railway-station

https://www.pratidintime.com/latest-assam-news-breaking-news-assam/assam-transgender-person-found-dead-in-rented-house-in-rangia-12394501

https://www.facebook.com/watch/?v=1617481053406240

https://www.instagram.com/reels/DcNe3pAxUo6/

https://www.youtube.com/shorts/Gk_uHtv2O4o","Asma was murdered in her room in Rangia, Assam (India) on 19 Aug 2026.

Allegedly her husband was respnsible. #SayHerName #TransLivesMatter #TDoR",https://tdor.translivesmatter.info/reports/2026/08/19/asma_rangia-assam-india_f7cf4623,qrcodes/f7cf4623.png
Kethallyn Fantyny,37,,photos/2026_08_21_Kethallyn-Fantyny.jpg,https://www.dgabc.com.br/Noticia/4344575/mulher-trans-encontrada-esquartejada-em-mala-e-identificada-pela-policia,thumbnails/2026_08_21_Kethallyn-Fantyny.jpg,21 Aug 2026,,"São Bernardo do Campo, São Paulo",Brazil,BR,-23.7548601,-46.56617862,violence,decapitated,"Kethallyn's body was found in a suitcase. She was originally from Alagoas but had come to São Paulo state seeking a better life.

> The president and founder of Casa Neon Cunha, Paulo Araújo, suspects that the transgender woman found decapitated inside a suitcase in São Bernardo do Campo is one of the people assisted by the institution. Official identification has not yet been confirmed.
> 
> In an interview with TV SBC and ABCD Jornal, Paulo stated that this suspicion arose mainly from characteristics of the body which are similar to those of the woman assisted by the shelter.
> 
> The body was found on Friday (21), in a wooded area on Avenida Ângelo Demarchi, between the Batistini and Demarchi neighborhoods.
> 
> The Public Security Secretariat (SSP) reported that a pedestrian passing through the area smelled a strong odor and alerted the police. The body, still without official identification, was inside a suitcase. The case was registered as a homicide at the Specialized Criminal Investigations Department (Deic) in São Bernardo, which is conducting investigations to identify the victim and clarify the crime.

Kethallyn had been receiving help from Casa Neon Cunha since arriving from Alagoas in 2020. She used their safe space to eat, shower, and pick up clothes.

https://www.dgabc.com.br/Noticia/4344575/mulher-trans-encontrada-esquartejada-em-mala-e-identificada-pela-policia

https://abcdjornal.com.br/sao-bernardo/noticia/2026/08/30/em-menos-de-uma-semana-2-mulheres-trans-sao-encontradas-mortas-em-sbc-e-guaruja/

https://abcdjornal.com.br/sao-bernardo/noticia/2026/08/22/presidente-da-casa-neon-cunha-suspeita-que-mulher-trans-achada-em-mala-no-abcd-seja-assistida-pela-ong/

https://www.dgabc.com.br/Noticia/4342679/casa-neon-apura-se-corpo-encontrado-em-mala-seria-de-mulher-trans-de-sao-bernardo

https://www.facebook.com/watch/?v=1045139164816934

https://www.instagram.com/reels/DcWT1Y8KHaj/

https://www.tiktok.com/@tv.sbc/video/7676906900277005586","The remains of  Kethallyn Fantyny were found inside a suitcase in São Bernardo do Campo, São Paulo (Brazil) on 14 Aug 2026.

She was 37. #SayHerName #TransLivesMatter #TDoR",https://tdor.translivesmatter.info/reports/2026/08/21/kethallyn-fantyny_sao-bernardo-do-campo-sao-paulo-brazil_45e20ba7,qrcodes/45e20ba7.png
Devi,27,,photos/2026_08_22_Devi.jpg,https://udayavani.com/karnataka/bengaluru-transgender-woman-brutally-killed-at-majestic-bus-stand-over-rs-200-438646,thumbnails/2026_08_22_Devi.jpg,22 Aug 2026,,"Bengaluru, Karnataka",India,IN,12.97721702,77.57226603,violence,stabbed,"Devi was stabbed while resisting a robbery.

> The Bengaluru police Saturday arrested a man for allegedly stabbing to death a transgender woman during a robbery attempt near the Majestic bus stand in the city. The deceased has been identified as Devi, 27.
> 
> The accused, Gautham, 28, a resident of Ramamurthy Nagar, was traced and arrested by police teams following the incident. According to Yatish N, Deputy Commissioner of Police, Bengaluru West Division, the incident occurred between 2.30 am and 3 am under the jurisdiction of the Upparpet police station. “The accused approached Devi on a two-wheeler and demanded Rs 200. When she refused and resisted, he allegedly attacked her on the head with a dagger,” the DCP said.
> 
> Gautham then allegedly snatched Devi’s purse and mobile phone and stabbed her multiple times before fleeing the spot on his two-wheeler. Devi sustained severe injuries and collapsed at the scene. She died shortly after, the police said.

https://indianexpress.com/article/cities/bangalore/transgender-woman-stabbed-to-death-after-resisting-rs-200-robbery-bid-in-bengaluru-10845226/

https://www.thehindu.com/news/national/karnataka/transgender-stabbed-to-death-at-majestic-for-200-accused-arrested/article71377686.ece","Devi was stabbed while resisting a robbery in Bengaluru, Karnataka (India) on 21 Aug 2026.

She was 27. #SayHerName #TransLivesMatter #TDoR",https://tdor.translivesmatter.info/reports/2026/08/22/devi_bengaluru-karnataka-india_cbd7dbe2,qrcodes/cbd7dbe2.png
Mackley Anaya Cáceres Maldonado,22,,photos/2026_08_23_Mackley-Maldonado.jpg,https://lanacionweb.com/sucesos/asesinato-en-local-nocturno-de-san-antonio/,thumbnails/2026_08_23_Mackley-Maldonado.jpg,23 Aug 2026,,San Antonio del Táchira,Venezuela,VE,7.81752184,-72.44933155,violence,shot,"Mackley was shot in a nightclub by an unidentified assailant.

> An act of violence shocked residents of the border region after the shooting death of Mackley Maldonado, a 23-year-old trans woman, which occurred during the early hours of Sunday, August 23, in the state of Táchira.
> 
> According to information reported by Última Página Táchira, the crime occurred around 4:00 am, at the facilities of a nightclub located a few meters from the Sucre bridge.
> 
> According to testimonies gathered at the scene, an unidentified man entered the establishment carrying a firearm and went directly towards Maldonado, against whom he fired multiple shots before leaving the site.
> 
> The victim, affectionately known to her relatives as ""La Mackley"", lived with her mother in the upper part of the Simón Bolívar sector.
> 
> Commissions from the Scientific, Criminal and Forensic Investigation Corps (Cicpc) began investigations to clarify the circumstances of the homicide, identify the perpetrator and determine the motive for the attack.
> 
> Civil organizations and human rights groups asked the authorities to investigate the case with a gender perspective and to consider, among the hypotheses, the possibility that it was a transfemicide or a hate crime.

https://lanacionweb.com/sucesos/asesinato-en-local-nocturno-de-san-antonio/

https://cactus24.com.ve/2026/08/23/joven-fue-asesinado-de-un-disparo-en-san-antonio-del-tachira/

https://elinformadorve.com/23/08/2026/destacada/cicpc-investiga-transfemicidio-de-una-joven-asesinada-a-tiros-en-frontera-del-tachira-con-colombia/

https://primeraedicioncol.com/asesinan-a-tiros-a-joven-trans-de-23-anos-en-un-establecimiento-nocturno-de-tachira/

https://www.instagram.com/p/DcZFfKmlOvR/

https://www.instagram.com/reels/DcYsHA_RG9i/","Mackley Anaya Cáceres Maldonado was shot in a nightclub in San Antonio del Táchira, Táchira (Venezuela) on 23 Aug 2026.

She was 22. #SayHerName #TransLivesMatter #TDoR",https://tdor.translivesmatter.info/reports/2026/08/23/mackley-anaya-caceres-maldonado_san-antonio-del-tachira-venezuela_38f9a1c1,qrcodes/38f9a1c1.png
Name Unknown,,,,,trans_flag.jpg,23 Aug 2026,,"Zamora, Michoacán",Mexico,MX,20.00213811,-102.2724843,violence,shot,"The victim's body was found next to railway tracks. Her identity is not known.

> URUAPAN, Mich., August 23, 2026 - A transgender woman was shot to death early Sunday morning in the El Vergel neighborhood of Zamora.
> 
> Around 1 a.m., motorists reported to authorities that, on the road that connects to the El Vergel neighborhood, next to the train tracks, there was an apparently lifeless body.
> 
> Members of the National Guard and the Mexican Army were immediately sent to the site and confirmed the report by locating the body. The area was cordoned off and secured by officers.
> 
> During the inspection of the body, experts confirmed that it was a transgender woman, who had suffered several bullet wounds.
> 
> The body was transferred to the Forensic Medical Service, where it will remain until it is identified and claimed by family members.

https://www.quadratin.com.mx/sucesos/mujer-transgenero-es-asesinada-a-balazos-en-zamora/

https://x.com/Fridaguerrera/status/2091733896564187161","The body of an unidentified #trans woman was found next to railway tracks in Zamora, Michoacán (Mexico). on 23 Aug 2026. #SayHerName #TransLivesMatter #TDoR",https://tdor.translivesmatter.info/reports/2026/08/23/name-unknown_zamora-michoacan-mexico_6cd3f2da,qrcodes/6cd3f2da.png
Maryna Colucci,34,,photos/2026_08_25_Maryna-Colucci.jpg,https://www.facebook.com/groups/pgmreal/posts/38047619988217836,thumbnails/2026_08_25_Maryna-Colucci.jpg,25 Aug 2026,,"Jacui, Minas Gerais",Brazil,BR,-20.93047937,-46.75190537,violence,murdered,"Maryna was a child welfare counsellor. After her body was found buried in a rural area a military police officer was arrested on suspicion of murder.

> A 43-year-old military police officer is suspected of killing a trans woman and burying the body in southern Minas Gerais. The body of Maryna Colucci de Jesus, 34, was found this Tuesday (25) in a rural area between Jacuí and Fortaleza de Minas.
> 
> The victim had been missing since Friday night (21), when she left home to wait for a car to arrive. She worked as a child welfare counselor in Jacuí.
> 
> After the Civil Police (PCMG) found the remains, the sergeant from the Military Police (PMMG) identified as the suspect in the crime was taken to a police station. The investigation is ongoing.
> 
> In a statement published on social media, the Municipality of Jacuí lamented the death of the child welfare counselor and expressed solidarity with her family, friends, and colleagues.
> 
> ""Maryna dedicated part of her life to protecting and defending the rights of children and adolescents, carrying out a role of great social and human responsibility. Her premature and painful departure leaves a deep sadness in all those who had the opportunity to know her and be around her,"" he stated.

In 2023, Maryna had given an interview to the YouTube channel ""Fala com a titia"":

<iframe width=""840"" height=""473"" src=""https://www.youtube.com/embed/hZGQuCz6AHI?si=JjnKsTXEce5H86xy"" title=""YouTube video player"" frameborder=""0"" allow=""accelerometer; autoplay; clipboard-write; encrypted-media; gyroscope; picture-in-picture; web-share"" referrerpolicy=""strict-origin-when-cross-origin"" allowfullscreen></iframe>

Maryna's Facebook, and Instagram profiles are https://www.facebook.com/profile.php?id=61589174477357 and https://www.instagram.com/marynacoluccy/.

https://www.atribuna.com.br/noticias/policia/mulher-trans-e-encontrada-morta-com-ferimento-na-cabeca-em-terreno-baldio-na-baixada-santista-1.527433

https://g1.globo.com/google/amp/mg/minas-gerais/bom-dia-minas/video/pm-suspeito-de-matar-mulher-trans-segue-preso-14905968.ghtml

https://pordentrodeminas.com.br/noticias/gerais/2026/08/quem-era-maryna-colucci-conselheira-tutelar-e-mulher-trans-encontrada-morta-em-mg/

https://www.otempo.com.br/comportamento/2026/8/28/caso-maryna-colucci-relacionamento-com-sargento-da-pm-entra-no-centro-da-investigacao

https://www.facebook.com/agazetaes/posts/conselheira-tutelar-trans-%C3%A9-encontrada-morta-em-%C3%A1rea-rural-de-mg/1538498094988609/

https://jornalpanoramaminas.com.br/conselheira-tutelar-e-encontrada-morta-em-area-rural-de-jacui-policial-e-preso-suspeito-de-feminicidio/

https://www.agazeta.com.br/brasil/conselheira-tutelar-trans-e-encontrada-morta-em-area-rural-de-mg-0826

https://www.folhamax.com/mundo/conselheira-tutelar-trans-e-achada-morta-pm-prende-suspeito/569561

https://www.folhamax.com/amp/mundo/conselheira-tutelar-trans-e-achada-morta-pm-prende-suspeito/569561

https://revistaafirmativa.com.br/pm-mata-conselheira-tutelar-trans/

https://www.folhamax.com/mundo/pm-tem-prisao-decretada-por-feminicidio-de-conselheira-trans/569847

https://www.folhamax.com/amp/mundo/pm-tem-prisao-decretada-por-feminicidio-de-conselheira-trans/569847

https://www.bandab.com.br/nacional/policial-que-matou-mulher-trans-confessa-crime-preso/

https://www.otempo.com.br/comportamento/2026/8/27/mulher-trans-e-morta-com-seis-tiros-na-cabeca-e-enterrada-em-mg-policial-confessa-autoria-de-crime

https://observatoriog.com.br/noticia/mulher-trans-e-morta-com-seis-tiros-na-cabeca-e-enterrada-em-mg-policial-confessa-autoria-de-crime/

https://www.bemparana.com.br/noticias/policial-e-suspeito-de-matar-conselheira-tutelar-transexual/

https://g1.globo.com/mg/sul-de-minas/noticia/2026/08/27/mensagens-ameacas-e-cobranca-para-assumir-relacao-o-que-se-sabe-sobre-morte-de-mulher-trans-por-pm-em-mg.ghtml

https://www.em.com.br/gerais/2026/08/7487937-pm-suspeito-de-matar-mulher-trans-confessa-crime-e-e-preso-preventivamente.html

https://pordentrodeminas.com.br/noticias/gerais/2026/08/pm-e-suspeito-de-matar-conselheira-tutelar-trans-e-enterrar-corpo-em-mg/

https://www.otempo.com.br/cidades/2026/8/26/pm-confessa-ter-matado-mulher-trans-em-legitima-defesa-e-tem-prisao-preventiva-decretada-em-mg

https://ncnews.com.br/2026/08/26/mulher-trans-e-encontrada-morta-em-area-rural-de-mg-pm-e-suspeito-do-crime/

https://www.metropoles.com/minas-gerais/conselheira-tutelar-trans-e-encontrada-morta-em-mg-pm-e-suspeito

https://www.correio24horas.com.br/brasil/conselheira-tutelar-trans-e-assassinada-por-policial-militar-e-tem-corpo-enterrado-em-mata-0826

https://www.metropoles.com/minas-gerais/quem-era-maryna-colucci-conselheira-tutelar-trans-encontrada-morta-em-mg

https://g1.globo.com/mg/sul-de-minas/noticia/2026/08/26/quem-era-maryna-colucci-mulher-trans-e-conselheira-tutelar-que-teria-sido-assassinada-por-pm-em-mg.ghtml

https://www.diariodocentrodomundo.com.br/pm-mata-mulher-trans-conselheira-tutelar-enterra-corpo-mg/

https://br.paipee.com/2026/08/26/conselheira-tutelar-trans-maryna-colucci-e-encontrada-morta-em-mg-pm-e-suspeito/

https://redemoinho24.com/policia/pm-confessa-crime-e-corpo-de-conselheira-trans-desaparecida-e-encontrado/

https://ncnews.com.br/2026/08/26/maryna-colucci-professora-e-conselheira-tutelar-mulher-trans-teve-a-vida-interrompida-em-mg/

http://doistercos.com.br/conselheira-tutelar-trans-e-assassinada-por-policial-militar-e-tem-corpo-enterrado-em-mata/

https://minasinforma.com/quem-maryna-colucci-quem-era-maryna-colucci-mulher-trans-e-conselheira-tute/

https://bhaz.com.br/noticias/minas-gerais/mulher-desaparecida-morta-pm-preso/

https://www.otempo.com.br/cidades/2026/8/26/mulher-trans-morta-por-pm-levou-seis-tiros-na-cabeca-suspeito-alega-legitima-defesa

https://www.lavras24horas.com.br/portal/conselheira-tutelar-trans-e-encontrada-morta-em-jacui-policial-militar-e-suspeito-do-crime/

https://g1.globo.com/mg/sul-de-minas/noticia/2026/08/26/pm-suspeito-de-matar-conselheira-tutelar-tem-prisao-preventiva-decretada-por-feminicidio-em-mg.ghtml

https://www.itatiaia.com.br/brasil/sudeste/mg/justica-decreta-prisao-preventiva-de-policial-suspeito-de-matar-mulher-trans-em-mg/

https://pordentrodetudo.com.br/pm-e-suspeito-de-matar-mulher-trans-e-enterrar-corpo-no-sul-de-mg/

https://www.noveen.com.br/brasil/mulher-trans-e-conselheira-tutelar-e-encontrada-morta-em-mg-pm-e-suspeito/45732

https://www.terra.com.br/diversao/gente/desaparecida-maryna-colucci-e-encontrada-morta-aos-34-anos,35a0cf66f69ddfe51c71e9d1e582b6fbsv4wyw2n.html

https://www.otempo.com.br/cidades/2026/8/26/policia-investiga-se-terceiros-ajudaram-pm-a-ocultar-corpo-de-conselheira-tutelar

https://180graus.com/plantao-policial/conselheira-tutelar-trans-e-encontrada-morta-em-vala-na-zona-rural-pm-e-suspeito-do-crime/

https://www.itatiaia.com.br/brasil/sudeste/mg/policial-militar-e-suspeito-de-matar-mulher-trans-e-enterrar-o-corpo-dela-em-mg/

https://www.itatiaia.com.br/brasil/sudeste/mg/policial-militar-e-suspeito-de-matar-mulher-trans-e-enterrar-o-corpo-dela-em-mg/

https://g1.globo.com/google/amp/mg/sul-de-minas/video/quem-era-maryna-colucci-mulher-trans-e-conselheira-tutelar-que-teria-sido-assassinada-14901472.ghtml

https://www.facebook.com/doistercos/photos/o-corpo-da-conselheira-tutelar-maryna-colucci-de-jesus-de-34-anos-foi-encontrado/1681282593997711/

https://www.facebook.com/renata.araujo.pimenta/posts/sargento-da-pm-%C3%A9-preso-suspeito-de-matar-mulher-trans-e-ocultar-corpo-em-jacu%C3%AD-m/2012617912722435/

https://www.facebook.com/reel/1380651574215153

https://www.facebook.com/groups/pgmreal/posts/38047619988217836

https://www.instagram.com/p/Dci2Q3Pzrkr/

https://www.instagram.com/p/Dcg6ia5j4gL/

https://www.instagram.com/p/DchM9fiS6B6/

https://www.instagram.com/reel/DceyDVqN68C/

https://www.instagram.com/reels/DceD085Sj9B/

https://www.instagram.com/reels/DceV0yECFN9/

https://www.youtube.com/watch?v=ZVVsG1UWSaY","The body of Maryna Colucci was found buried in a rural area of Jacui, Minas Gerais (Brazil) on 25 Aug 2026. A military police officer was arrested on suspicion of her murder.

Maryna was 34 and worked as a child welfare counsellor. #SayHerName #TransLivesMatter #TDoR",https://tdor.translivesmatter.info/reports/2026/08/25/maryna-colucci_jacui-minas-gerais-brazil_e9730f2d,qrcodes/e9730f2d.png
Maria Alessandra Roza Silva,46,,photos/2026_08_27_Maria-Alessandra-Roza-Silva.jpg,https://www.oliberal.com/policia/corpo-encontrado-com-marcas-de-violencia-em-tracuateua-e-identificado-como-de-mulher-trans-1.1161680,thumbnails/2026_08_27_Maria-Alessandra-Roza-Silva.jpg,27 Aug 2026,,"Tracuateua, Pará",Brazil,BR,-1.13879874,-46.94710583,violence,beaten,"Maria's body was found with head injuries on a road in a rural area.

The following day Genivaldo Miranda Soares, 30, was arrested on suspicion of robbery followed by murder.

> A 46-year-old trans woman was found dead this Thursday (27) in a wooded area in the rural area of Tracuateua, in northeastern Pará.
> 
> The victim was identified as Maria Alessandra Roza Silva. According to the Military Police, Maria Alessandra was left seriously injured on a branch road near Vila de Fátima. The body was later located in the region.
> 
> Family members told the PM that Maria Alessandra had left accompanied by three other people. During the return to the locality, she was apparently violently assaulted, according to the family's account to the police. The Scientific Police were called to carry out the forensic examination and identified that Maria Alessandra was assaulted with a piece of wood to the head area.

https://dol.com.br/noticias/policia/961277/suspeito-de-matar-mulher-trans-e-preso-no-para?d=1

https://www.oliberal.com/policia/homem-suspeito-de-matar-mulher-trans-a-pauladas-e-preso-em-capanema-1.1162464

https://g1.globo.com/pa/para/noticia/2026/08/28/suspeito-de-assassinar-mulher-trans-em-tracuateua-e-preso-em-capanema-no-para.ghtml

https://debatecarajas.com.br/mulher-trans-e-encontrada-morta-em-area-de-mata-no-para/

https://www.oliberal.com/policia/corpo-encontrado-com-marcas-de-violencia-em-tracuateua-e-identificado-como-de-mulher-trans-1.1161680

https://g1.globo.com/google/amp/pa/para/videos-jornal-liberal-1-edicao/video/mulher-trans-e-assassinada-em-tracuateua-no-para-14914043.ghtml

https://g1.globo.com/pa/para/noticia/2026/08/27/mulher-trans-e-encontrada-morta-em-area-de-mata-em-tracuateua-no-para.ghtml

https://www.irecelider.com.br/noticias-do-mundo/i/7194151d89739678e1a7eb2f021c1a00/mulher-trans-e-encontrada-morta-em-area-de-mata-em-tracuateua-no-para

https://g1.globo.com/pa/para/videos-jornal-liberal-2-edicao/video/mulher-trans-e-encontrada-morta-em-area-de-mata-em-tracuateua-no-para-14908788.ghtml

https://g1.globo.com/google/amp/pa/para/videos-jornal-liberal-1-edicao/video/mulher-trans-e-assassinada-e-encontrada-em-area-de-mata-em-tracuateua-para-14911636.ghtml

https://globoplay.globo.com/v/14914043/

https://www.youtube.com/watch?v=3dJaS4lMnAo","The body of Maria Alessandra Roza Silva was found with head injuries on a road in a rural area near Tracuateua, Pará (Brazil) on 27 Aug 2026.

She was 46. #SayHerName #TransLivesMatter #TDoR",https://tdor.translivesmatter.info/reports/2026/08/27/maria-alessandra-roza-silva_tracuateua-para-brazil_09f6e1b5,qrcodes/09f6e1b5.png
Kayra Kamilly,33,,photos/2026_08_28_Kayra-Kamilly.jpg,https://santaportal.com.br/policia/mulher-trans-e-encontrada-morta-em-terreno-em-guaruja/,thumbnails/2026_08_28_Kayra-Kamilly.jpg,28 Aug 2026,,"Guarujá, São Paulo",Brazil,BR,-23.98265995,-46.24333758,violence,beaten,"Kayra's body was found on an abandoned plot of land. The identity of her killer(s) is not known.

> A 33-year-old trans woman was found dead on Thursday afternoon (27), in a vacant lot in the Jardim Três Marias neighborhood, in Guarujá , on the coast of São Paulo. According to the Public Security Secretariat (SSP-SP), the body showed signs of violence and was already in a state of decomposition .
> 
> In a statement, the department reported that military police were called after a complaint and located the victim on a plot of land on Rua Cláudio dos Santos, at the corner of Rua Azor Gomes de Almeida, around 5:30 pm. The body showed an apparent injury to the head, consistent with crushing.

https://abcdjornal.com.br/sao-bernardo/noticia/2026/08/30/em-menos-de-uma-semana-2-mulheres-trans-sao-encontradas-mortas-em-sbc-e-guaruja/

https://www.metropoles.com/colunas/mirelle-pinheiro/sp-mulher-trans-e-achada-morta-com-sinais-de-violencia-e-cabeca-esmagada

https://sgc.com.br/noticia/5/447851/mulher-trans-e-encontrada-morta-com-sinais-de-violencia-em-terreno-baldio-em-sao-paulo

https://www.bnewssaopaulo.com.br/noticias/policia/mulher-trans-e-assassinada-e-encontrada-com-sinais-de-violencia-em-sp.html

https://leojunior.com.br/mulher-trans-e-encontrada-morta-com-cabeca-esmagada/

https://www.atribuna.com.br/noticias/policia/mulher-trans-e-encontrada-morta-com-ferimento-na-cabeca-em-terreno-baldio-na-baixada-santista-1.527433

https://jornaldaorla.com.br/noticias/mulher-trans-e-encontrada-morta-em-terreno-baldio-em-guaruja/

https://www.metropoles.com/colunas/mirelle-pinheiro/sp-mulher-trans-e-achada-morta-com-sinais-de-violencia-e-cabeca-esmagada

https://sgc.com.br/noticia/5/447851/mulher-trans-e-encontrada-morta-com-sinais-de-violencia-em-terreno-baldio-em-sao-paulo

https://thmais.com.br/cidades/baixada-santista/policia-baixada-santista/corpo-de-mulher-trans-e-encontrado-com-sinais-de-violencia-em-terro-baldio-de-guaruja/

https://www.g5news.com.br/policia/mulher-trans-de-33-anos-e-encontrada-morta-com-cabeca-esmagada

https://www.midiajur.com.br/policia/mulher-trans-e-assassinada-e-tem-cabeca-esmagada/86242

https://www.itatiaia.com.br/brasil/sudeste/sp/policia-civil-investiga-morte-de-mulher-trans-no-guaruja-no-litoral-de-sp/

https://www.cbnsantos.com.br/noticias/noticias/mulher-trans-e-encontrada-morta-em-terreno-baldio-no-guaruja-caso-e-investigado-como-homicidio.html

https://costanorte.com.br/seguranca/policia-civil-investiga-morte-de-mulher-trans-em-terreno-baldio-no-guaruja.html

https://santaportal.com.br/policia/mulher-trans-e-encontrada-morta-em-terreno-em-guaruja/

https://vtvnews.com.br/noticias/policia/mulher-trans-encontrada-morta-terreno-baldio-guaruja-rp/

https://www.facebook.com/LuizBacci/posts/kayra-kamilly-uma-mulher-trans-de-33-anos-foi-encontrada-morta-com-sinais-de-vio/1657522982396304/","The body of Kayra Kamilly was found on an abandoned plot of land in Guarujá, São Paulo (Brazil) on 28 Aug 2026.

She was 33. #SayHerName #TransLivesMatter #TDoR",https://tdor.translivesmatter.info/reports/2026/08/28/kayra-kamilly_guaruja-sao-paulo-brazil_03140d3c,qrcodes/03140d3c.png
Aleja Cuesta,17,,photos/2026_08_29_Aleja-Cuesta.jpg,https://volcanicas.com/aleja-naranjo-cuesta-adolescente-trans-asesinada/,thumbnails/2026_08_29_Aleja-Cuesta.jpg,29 Aug 2026,,"Medellín, Antioquia",Colombia,CO,6.26196714,-75.57255788,violence,tortured and murdered,"Aleja's body was found with signs of torture in her home.

> On August 29, Aleja Cuesta, a 17-year-old transgender teenager, was found murdered and showing signs of torture in the La Iguaná neighborhood of Medellín. We demand justice for her!
> 
> On August 29, Aleja Naranjo Cuesta, a 17-year-old transgender teenager, was found murdered and showing signs of torture in a house in the La Iguaná neighborhood of Medellín. Volcánicas confirmed the young woman's gender identity and chosen name; she preferred to use only her mother's last name and be called Aleja Cuesta. Authorities have not yet identified those responsible.
> 
> Aleja lived in the La Aurora neighborhood with her grandmother, but spent some weekends at her mother's house in the La Iguaná neighborhood.
>
> Last Saturday, upon returning from her job as a live-in domestic worker, Aleja's mother became worried when she hadn't heard from her daughter. When she tried to contact her, a man answered and told her that her cell phone had been pawned in downtown Medellín. When she arrived home, she had to force the door open and found her daughter in one of the bedrooms, lying on the floor with a pillowcase in her mouth and signs of torture. The teenager was taken to the Pablo Tobón Uribe Hospital in the Robledo neighborhood, but arrived without vital signs. 
> 
> It must be clarified whether the murder was motivated by prejudice based on the victim's gender identity, and the case should be investigated as a possible transfemicide.
> 
> We demand justice for Aleja and for all LGBT+ children and adolescents who are victims of violence in Colombia !

https://telemedellin.tv/investigan-muerte-aleja-trans-joven-sin-vida-casa/

https://hoydiariodelmagdalena.com.co/archivos/1307393/investigan-asesinato-de-una-adolescente-trans-hallada-dentro-de-una-vivienda-en-medellin/

https://volcanicas.com/aleja-naranjo-cuesta-adolescente-trans-asesinada/

https://www.elcolombiano.com/amp/medellin/ella-era-aleja-cuesta-la-adolescente-trans-asesinada-en-la-iguana-CF40674886

https://qhubomedellin.com/actualidad/judicial/aleja-cuesta-adolescente-trans-asesinada-en-la-iguana-BE40662726

https://www.threads.com/@volcanicasrevista/post/Dc1OIx1kbGj

https://www.instagram.com/p/Dc5mMRiTVNp/

https://www.facebook.com/informativomagdalenamedio/posts/medell%C3%ADn-se-estremece-por-crimen-de-adolescente-trans-aleja-cuesta-fue-asesinada/1621859313253091/

https://www.youtube.com/shorts/VFfsIuag21A","The body of Aleja Cuesta was found with signs of torture in her home in Medellín, Antioquia (Colombia) on 29 Aug 2026.

She was 17. #SayHerName #TransLivesMatter #TDoR",https://tdor.translivesmatter.info/reports/2026/08/29/aleja-cuesta_medellin-antioquia-colombia_7aa095cb,qrcodes/7aa095cb.png
Luciana Centeno,40,,photos/2026_08_29_Luciana-Centeno.jpg,https://prensaobrera.com/mujer/cordoba-luciana-centeno-no-fue-un-suicido-mas,thumbnails/2026_08_29_Luciana-Centeno.jpg,29 Aug 2026,,"Jesús María, Cordóba",Argentina,AR,-30.98174712,-64.09538782,suicide,suicide,"Luciana was an activist with Asociación de Travestis Trans de Argentina (ATTA). Her body was found by the side of a main road.

> Luciana Centeno was 40 years old and an activist with Asociación de Travestis Trans de Argentina (ATTA) in Jesús María. For years she was at the forefront of the fight to defend the trans community in Córdoba.
> 
> Talking about Luciana requires more than simply reconstructing the circumstances of her death. It requires discussing a community that has been denouncing abandonment, violence, and a lack of support resources. And it requires discussing the responsibility of the State and governments in the face of a reality that neither began with Luciana nor ends with her.
> 
> That's why what happened in Jesús María requires deeper analysis, because, particularly in the trans community, life expectancy is no more than 40 years. Limited access to employment, a life of poverty, exclusion from their own homes from a young age, not to mention discrimination, violence, and all forms of mental abuse, are the conditions that lead to this alarming mortality rate.
> 
> All these conditions lead to [sex work] being the last resort for survival in this society. This is a clear reflection of state neglect and responsibility.

https://prensaobrera.com/mujer/cordoba-luciana-centeno-no-fue-un-suicido-mas

https://cordoba.mitelefe.com/cordoba/hallan-sin-vida-a-una-mujer-trans-a-la-vera-de-la-ruta-9-en-jesus-maria-pid2564500

https://www.eldiariodecarlospaz.com.ar/sucesos/2026/8/29/encontraron-sin-vida-a-una-joven-trans-a-la-vera-de-la-ruta-9-en-jesus-maria-258548.html

https://www.facebook.com/liveradiofm/posts/jes%C3%BAs-mar%C3%ADa-hallaron-muerta-a-una-mujer-trans-de-40-a%C3%B1os-en-la-ruta-nacional-9du/1713701164093694/

https://www.facebook.com/cordobagay.com.ar/posts/pfbid0oTH5DKe8Q9nhTE8V87Xkd9dvT8zgNorZXBbKRh9VwXRqqfy5myAgJUeRBQuwDWzfl

https://www.facebook.com/estacionfm/posts/ahorahallaron-sin-vida-a-una-mujer-trans-a-la-vera-de-la-rn9-en-jes%C3%BAs-maria/1493677122789137/

https://www.instagram.com/p/DcsPYD6gEef/

https://www.instagram.com/p/DcovtZ5k1R7/","The body of Luciana Centeno was found by the side of a main road Jesús María, Cordóba (Argentina) on 29 Aug 2026.

She was 40, and was an activist with Asociación de Travestis Trans de Argentina (ATTA). #SayHerName #TransLivesMatter #TDoR",https://tdor.translivesmatter.info/reports/2026/08/29/luciana-centeno_jesus-maria-cordoba-argentina_cd700775,qrcodes/cd700775.png
Luan,17,,photos/2026_08_30_Luan.jpg,https://www.gazetaderiopreto.com.br/adolescente-trans-e-encontrado-morto-e-carbonizado-em-canavial/,thumbnails/2026_08_30_Luan.jpg,30 Aug 2026,,"Penápolis, São Paulo",Brazil,BR,-21.39959819,-50.06997412,violence,asphixiated and burned,"Luan's body was found in a burning sugarcane field. The identity of his killer(s) is not known.

> The body of a 17-year-old trans teenager was found with signs of asphyxiation and charred in a sugarcane field hit by a fire on Sunday morning (30) on Estrada José Vigilato de Castilho, in Penápolis (SP).
> 
> According to the police report, the plantation owner was alerted to the fire by a neighbor. He went to the site, accompanied by an employee, and used a water truck to extinguish the flames.
> 
> After the fire was brought under control, the two found the teenager's body, identified as Luan, in the area affected by the fire and called the police. The victim was partially undressed, lying face down, with severe burns on his arms, leg, and stomach.
> 
> Near the body, a flip-flop, a necklace, and a cell phone charger cable were found and seized. The body was sent to the Forensic Medical Institute (IML) in Araçatuba (SP).
> 
> According to g1 , the police chief in charge of the investigation, Thalys Sulyvan, reported that the case is being treated by the police as a homicide. The motive for the crime is being investigated by the police. No suspects have been identified as of the last update of this report.

https://www.gazetaderiopreto.com.br/adolescente-trans-e-encontrado-morto-e-carbonizado-em-canavial/

https://jornalpequeno.com.br/2026/08/31/policia-investiga-morte-de-adolescente-trans-encontrado-em-canavial/

https://g1.globo.com/sp/sao-jose-do-rio-preto-aracatuba/noticia/2026/08/30/corpo-de-mulher-e-encontrado-carbonizado-em-canavial-apos-incendio-no-interior-de-sp.ghtml

https://g1.globo.com/sp/sao-jose-do-rio-preto-aracatuba/videos-tem-noticias-1-edicao/video/corpo-de-adolescente-trans-carbonizado-em-canavial-e-sepultado-em-penapolis-14917497.ghtml","Luan's body was found in a burning sugarcane field in Penápolis, São Paulo (Brazil) on 30 Aug 2026.

They were 17. #SayTheirName #TransLivesMatter #TDoR",https://tdor.translivesmatter.info/reports/2026/08/30/luan_penapolis-sao-paulo-brazil_bded8d3a,qrcodes/bded8d3a.png
Madonna Isabella Webber Saldanha da Silva,46,,photos/2026_08_31_Madonna-Isabella-Webber-Saldanha-da-Silva.jpg,https://spacofm.com.br/identificada-mulher-morta-a-tiros-dentro-de-carro-em-caxias/,thumbnails/2026_08_31_Madonna-Isabella-Webber-Saldanha-da-Silva.jpg,31 Aug 2026,,"Caxias do Sul, Rio Grande do Sul",Brazil,BR,-29.16051317,-51.16588633,violence,shot,"Madonna's body was found with gunshot wounds inside a car. The identity of her killer(s) is not known.

> A 46-year-old transgender woman was found dead inside a Citroën C4 Lounge on Monday night, August 31, in the Jardelino Ramos neighborhood of Caxias do Sul. She was identified as Madonna Isabella Webber Saldanha da Silva. No one had been arrested at the time of publication of this report.
> 
> The Military Police were called around 11:30 PM after residents reported hearing gunshots. The victim was found dead in the driver's seat. According to the Civil Police, the preliminary investigation carried out by the General Institute of Forensics (IGP) indicated that the woman was hit by two shots to the head.
> 
> Witnesses reportedly saw a person leaving the scene after the shots were fired. The area was cordoned off for forensic investigation, and the body was taken for legal procedures. The Homicide and Personal Protection Division (DPHPP) of Caxias do Sul is investigating the perpetrator, the motive, and the circumstances of the crime.
> 
> Madonna da Silva's body will lie in state in Room C of the São Francisco Funeral Home. Her burial will take place this Wednesday, the 2nd, at 2:30 PM, in the Municipal Cemetery of Caxias do Sul.

https://www.nbnoticias.com.br/noticia/126226/mulher-trans-e-encontrada-morta-a-tiros-dentro-de-carro

https://www.terra.com.br/noticias/brasil/cidades/mulher-trans-e-executada-a-tiros-dentro-de-carro-no-bairro-jardelino-ramos-em-caxias-do-sul,74914baa6bf7d6f9a40452a7c4727ef0651omjmc.html

https://www.radiocaxias.com.br/mulher-trans-e-encontrada-morta-dentro-de-veiculo-no-bairro-jardelino-ramos-em-caxias-do-sul/

https://spacofm.com.br/identificada-mulher-morta-a-tiros-dentro-de-carro-em-caxias/

https://www.observadorregional.com.br/mulher-trans-e-encontrada-morta-com-marcas-de-tiros-dentro-de-veiculo-em-caxias-do-sul/

https://gauchazh.clicrbs.com.br/pioneiro/policia/noticia/2026/09/mulher-e-encontrada-morta-dentro-de-veiculo-em-caxias-do-sul-cmtiip5sd00gt011jb10igvgv.html

https://radiosolaris.com.br/mulher-trans-e-encontrada-morta-a-tiros-dentro-de-carro-em-caxias-do-sul/

https://radiosolaris.com.br/mulher-trans-e-identificada-apos-ser-morta-a-tiros-dentro-de-carro-em-caxias-do-sul/

https://www.instagram.com/p/DcvrdEEgiOh/","The body of Madonna Isabella Webber Saldanha da Silva was found with gunshot wounds inside a car in Caxias do Sul, Rio Grande do Sul (Brazil) on 31 Aug 2026.

She was 46. #SayHerName #TransLivesMatter #TDoR",https://tdor.translivesmatter.info/reports/2026/08/31/madonna-isabella-webber-saldanha-da-silva_caxias-do-sul-rio-grande-do-sul-brazil_57b3d7d0,qrcodes/57b3d7d0.png
Mousumi,52,,photos/2026_09_05_Mousumi.jpg,https://www.newagebd.net/post/country/312541/transgender-community-leader-found-dead-in-chattogram,thumbnails/2026_09_05_Mousumi.jpg,5 Sep 2026,,"Chattogram, Chittagong",Bangladesh,BD,22.35029835,91.80561653,violence,stabbed,"Mousumi was a guruma within her local hijra community. After she was found dead in her home a suspect was identified from CCTV footage and then arrested.

> Bangladeshi hijra community leader [deadname] Mohsin, also known as Mousumi Hijra and ‘Guruma’, was found dead at her home in Chattogram on Saturday (5 September). Police recovered the 52-year-old’s body from her home in the hijra colony near Ambagan Railway Colony at around 10:30am. She was reportedly found lying face down on her bed, with marks around her neck.
> 
> Police initially suspected she had been strangled and launched a murder investigation. Her body was taken to Chattogram Medical College Hospital for a post-mortem examination.
> 
> Following her death, members of the hijra community gathered outside her residence and called for a fair investigation.
> 
> According to Newage, police have arrested 34-year-old suspect Md Momin, also known as Sheikh Roni, after CCTV footage allegedly showed him entering her room in the early hours of the day she died. Momin reportedly entered Moushumi’s room at 1:14am on Saturday wearing a white T-shirt and left at 3:52am, after spending nearly three hours inside.
> 
> Police identified Momin through CCTV footage and arrested him in the Pahartali area of Chattogram on Monday (7 September). Police say he confessed during preliminary questioning to his involvement in the killing.
> 
> Money and two mobile phones were also reportedly missing from the property, and police had initially considered robbery as a possible motive. The exact circumstances and motive remain under investigation.

https://www.borderlens.com/2026/09/07/bangladesh-transgender-leader-allegedly-killed-by-extremists-community-says/

https://www.attitude.co.uk/news/bangladeshi-transgender-community-leader-found-dead-by-police-533532/

https://gayexpress.co.nz/2026/09/bangladesh-trans-community-calls-for-justice-after-leader-found-dead/

https://www.newagebd.net/post/country/312541/transgender-community-leader-found-dead-in-chattogram

https://www.newagebd.net/post/metro/312571/transgender-community-leader-found-dead","Mousumi was found dead in her home in Chattogram, Chittagong ((Bangladesh) on 5 Sep 2026.

She was 52, and was a guruma within her local hijra community. #SayHerName #TransLivesMatter #TDoR",https://tdor.translivesmatter.info/reports/2026/09/05/mousumi_chattogram-chittagong-bangladesh_4649df83,qrcodes/4649df83.png
Name Unknown,,,,,trans_flag.jpg,6 Sep 2026,,"Belém, Pará",Brazil,BR,-1.4525171,-48.49549839,violence,stabbed,"The victim was stabbed. Her identity was not reported, but reportedly she managed to identify one of her assailants before she passed away.

> A trans woman whose name was not disclosed died after being stabbed on Sunday night (6), near Praça da República, in the Campina neighborhood, in Belém. The crime is being investigated by the Civil Police.
> 
> ""The Commercial Precinct is investigating the homicide. Teams are working to identify the perpetrator and clarify the motive for the crime. Forensic examinations have been requested and witnesses are being interviewed to assist in the investigation. Information that contributes to the police work can be passed on through the anonymous tip line, at number 181. Confidentiality is guaranteed,"" it stated.
> 
> According to initial reports, the victim was stabbed three times in the back during an attack on a street in the commercial area. Despite her injuries, she managed to run from the scene and sought help on Avenida Presidente Vargas. She crossed the avenue but collapsed at the corner of Rua General Gurjão, where she died.
> 
> According to reports, before dying, the victim allegedly mentioned the nickname ""Chifre"" (Horn) as belonging to someone involved in the stabbing. This information will be verified during the investigation, but so far there is no official confirmation regarding the identity of the perpetrator or the motive for the homicide.

https://ncnews.com.br/2026/09/07/mulher-trans-morre-apos-ser-esfaqueada-proximo-a-praca-da-republica-em-belem/

https://ver-o-fato.com.br/belem-mulher-trans-morre-apos-ser-esfaqueada-na-praca-da-republica/

https://www.oliberal.com/policia/mulher-trans-morre-apos-ser-esfaqueada-proximo-a-praca-da-republica-em-belem-1.1165925

https://www.instagram.com/p/DdAH9t2t6-v/

https://www.threads.com/@ver.o.fato.noticias/post/Dc_8Oj1I1j1","An unidentified #trans woman was stabbed Belém, Pará (Brazil) on 6 Sep 2026. #SayHerName #TransLivesMatter #TDoR",https://tdor.translivesmatter.info/reports/2026/09/06/name-unknown_belem-para-brazil_c1d1dc31,qrcodes/c1d1dc31.png
Mariposa,about 35,,,,trans_flag.jpg,7 Sep 2026,,"Cali, Valle del Cauca",Colombia,CO,3.45267525,-76.51992194,violence,stabbed,"Mariposa died after being attacked in the street.

> A trans woman, approximately 35 years old, was attacked with a short-bladed weapon and died in the middle of a public road on Calle 24 and Carrera 8 in the San Nicolas neighborhood.
> 
> The victim was known as 'Mariposa' and so far has not been fully identified.
> 
> According to preliminary information, prior to the attack there may have been an argument with another trans woman, an account which authorities will have to confirm and verify during the investigation.
> 
> The incident happened this past Monday, September 7 and comes after three other violent deaths recorded in the city during that same day.

https://cwmas.com.co/suroccidente/cali/2026/09/08/asesinan-a-una-mujer-trans-en-el-centro-de-cali-investigan-una-posible-rina/

https://elfrente.com.co/mujer-trans-fue-asesinada-a-cuchillo/

https://caracol.com.co/2026/09/08/mujer-trans-fue-asesinada-con-arma-blanca-en-el-centro-de-cali/

https://www.instagram.com/p/DdC6YE1MI7Y/

https://www.facebook.com/insightwithneffer/posts/persona-trans-conocida-como-la-mariposa-fue-%C4%85sesinad%C4%85-en-cali-valle-del-cauca-ay/1080766798034350/

https://x.com/CaracolRadio/status/2097292240225742946","Mariposa died after being stabbed in the street in Cali, Valle del Cauca (Colombia) on 7 Sep 2026. #SayHerName #TransLivesMatter #TDoR",https://tdor.translivesmatter.info/reports/2026/09/07/mariposa_cali-valle-del-cauca-colombia_2b14d83f,qrcodes/2b14d83f.png
Renata Santos,31,,photos/2026_09_09_Renata Santos.jpg,https://www.facebook.com/Asuavoz/posts/mulher-trans-%C3%A9-ass4ss111n4d4-a-f4c4d4s-em-itaperuna-rjuma-mulher-trans-de-31-ano/1632774461569832/,thumbnails/2026_09_09_Renata Santos.jpg,9 Sep 2026,,"Itaperuna, Rio de Janeiro",Brazil,BR,-21.20765253,-41.91398621,violence,stabbed,"Renata's body was found in the street. The identity of her killer - or killers - is not known.

> And the escalation of violence continues to frighten residents of Itaperuna, which recorded another homicide on Wednesday night (09), the second of the day and the sixth, just this month of September.
> 
> [Deadname] dos Santos Batalha, 31, or “Renata Santos,” who was reportedly transgender, was murdered, apparently with stab wounds, in the Jardim Surubi neighborhood.
> 
> Locals found the victim lying on the corner of Laudicéia de F. Jesus and Alice Godefroy Da Costa and called the Fire Department, who, however, found her already without vital signs. Military personnel from the 29th BPM preserved the crime scene for forensic examination and removal of the body to the IML (Institute of Legal Medicine).
> 
> The case was forwarded to the 143rd Police Precinct, which opened an investigation to determine the perpetrator and motive of the homicide.

https://natividadefm.com.br/2026/09/10/trans-e-assassinada-em-itaperuna-que-registrou-o-segundo-homicidio-do-dia/

https://radioitaperuna96fm.com.br/noticias/noticia/id:5390;jardim-surubi-registra-segundo-homicidio-em-menos-de-24-horas-em-itaperuna.html

https://www.facebook.com/Asuavoz/posts/mulher-trans-%C3%A9-ass4ss111n4d4-a-f4c4d4s-em-itaperuna-rjuma-mulher-trans-de-31-ano/1632774461569832/

https://www.instagram.com/p/DdHK9foxVqt/","The body of Renata Santos was found in the street in Itaperuna, Rio de Janeiro (Brazil) on 9 Sep 2026.

She was 31. #SayHerName #TransLivesMatter #TDoR",https://tdor.translivesmatter.info/reports/2026/09/09/renata-santos_itaperuna-rio-de-janeiro-brazil_1d4ce68c,qrcodes/1d4ce68c.png
